plan_id,start_node_id,end_node_id,waypoint_index,waypoint_node_id,overfly_time_sim_s,segment_duration_s,cumulative_duration_s,planned_total_duration_s,start_time_sim_s,planned_completion_time_sim_s,waypoint_speed_mps,pathfinding_duration_s,total_processing_time_s,logged_at_unix_s
FP000002,L0_X0_Y2,L0_X6_Y4,0,L0_X0_Y2,55.0,0.0,0.0,354.774305,47.0,401.774305,25,0.052078,0.16795,1772649160.302014
FP000002,L0_X0_Y2,L0_X6_Y4,1,L1_X0_Y2,56.2192,1.2192,9.2192,354.774305,47.0,401.774305,25,0.052078,0.16795,1772649160.302014
FP000002,L0_X0_Y2,L0_X6_Y4,2,L2_X0_Y2,57.4384,1.2192,10.4384,354.774305,47.0,401.774305,25,0.052078,0.16795,1772649160.302014
FP000002,L0_X0_Y2,L0_X6_Y4,3,L2_X1_Y2,73.43324,15.99484,26.43324,354.774305,47.0,401.774305,25,0.052078,0.16795,1772649160.302014
FP000002,L0_X0_Y2,L0_X6_Y4,4,L2_X2_Y2,89.428089,15.994849,42.428089,354.774305,47.0,401.774305,25,0.052078,0.16795,1772649160.302014
FP000002,L0_X0_Y2,L0_X6_Y4,5,L2_X3_Y2,105.422946,15.994857,58.422946,354.774305,47.0,401.774305,25,0.052078,0.16795,1772649160.302014
FP000002,L0_X0_Y2,L0_X6_Y4,6,L2_X4_Y2,121.417812,15.994866,74.417812,354.774305,47.0,401.774305,25,0.052078,0.16795,1772649160.302014
FP000002,L0_X0_Y2,L0_X6_Y4,7,L2_X5_Y2,137.412687,15.994875,90.412687,354.774305,47.0,401.774305,25,0.052078,0.16795,1772649160.302014
FP000002,L0_X0_Y2,L0_X6_Y4,8,L2_X6_Y2,153.407571,15.994883,106.407571,354.774305,47.0,401.774305,25,0.052078,0.16795,1772649160.302014
FP000002,L0_X0_Y2,L0_X6_Y4,9,L2_X6_Y3,169.428164,16.020593,122.428164,354.774305,47.0,401.774305,25,0.052078,0.16795,1772649160.302014
FP000002,L0_X0_Y2,L0_X6_Y4,10,L2_X6_Y4,185.448753,16.020589,138.448753,354.774305,47.0,401.774305,25,0.052078,0.16795,1772649160.302014
FP000002,L0_X0_Y2,L0_X6_Y4,11,L1_X6_Y4,186.667953,1.2192,139.667953,354.774305,47.0,401.774305,25,0.052078,0.16795,1772649160.302014
FP000002,L0_X0_Y2,L0_X6_Y4,12,L0_X6_Y4,187.887153,1.2192,140.887153,354.774305,47.0,401.774305,25,0.052078,0.16795,1772649160.302014
FP000002,L0_X0_Y2,L0_X6_Y4,13,L0_X6_Y4,247.887153,60.0,200.887153,354.774305,47.0,401.774305,25,0.052078,0.16795,1772649160.302014
FP000002,L0_X0_Y2,L0_X6_Y4,14,L1_X6_Y4,270.106353,22.2192,223.106353,354.774305,47.0,401.774305,25,0.052078,0.16795,1772649160.302014
FP000002,L0_X0_Y2,L0_X6_Y4,15,L2_X6_Y4,271.325553,1.2192,224.325553,354.774305,47.0,401.774305,25,0.052078,0.16795,1772649160.302014
FP000002,L0_X0_Y2,L0_X6_Y4,16,L2_X6_Y3,287.346141,16.020589,240.346141,354.774305,47.0,401.774305,25,0.052078,0.16795,1772649160.302014
FP000002,L0_X0_Y2,L0_X6_Y4,17,L2_X6_Y2,303.366735,16.020593,256.366735,354.774305,47.0,401.774305,25,0.052078,0.16795,1772649160.302014
FP000002,L0_X0_Y2,L0_X6_Y4,18,L2_X5_Y2,319.361618,15.994883,272.361618,354.774305,47.0,401.774305,25,0.052078,0.16795,1772649160.302014
FP000002,L0_X0_Y2,L0_X6_Y4,19,L2_X4_Y2,335.356493,15.994875,288.356493,354.774305,47.0,401.774305,25,0.052078,0.16795,1772649160.302014
FP000002,L0_X0_Y2,L0_X6_Y4,20,L2_X3_Y2,351.351359,15.994866,304.351359,354.774305,47.0,401.774305,25,0.052078,0.16795,1772649160.302014
FP000002,L0_X0_Y2,L0_X6_Y4,21,L2_X2_Y2,367.346216,15.994857,320.346216,354.774305,47.0,401.774305,25,0.052078,0.16795,1772649160.302014
FP000002,L0_X0_Y2,L0_X6_Y4,22,L2_X1_Y2,383.341065,15.994849,336.341065,354.774305,47.0,401.774305,25,0.052078,0.16795,1772649160.302014
FP000002,L0_X0_Y2,L0_X6_Y4,23,L2_X0_Y2,399.335905,15.99484,352.335905,354.774305,47.0,401.774305,25,0.052078,0.16795,1772649160.302014
FP000002,L0_X0_Y2,L0_X6_Y4,24,L1_X0_Y2,400.555105,1.2192,353.555105,354.774305,47.0,401.774305,25,0.052078,0.16795,1772649160.302014
FP000002,L0_X0_Y2,L0_X6_Y4,25,L0_X0_Y2,401.774305,1.2192,354.774305,354.774305,47.0,401.774305,25,0.052078,0.16795,1772649160.302014
FP000003,L0_X0_Y2,L0_X6_Y1,0,L0_X0_Y2,76.0,0.0,0.0,360.432337,62.0,422.432337,25,0.394519,0.085406,1772649160.729831
FP000003,L0_X0_Y2,L0_X6_Y1,1,L1_X0_Y2,77.2192,1.2192,15.2192,360.432337,62.0,422.432337,25,0.394519,0.085406,1772649160.729831
FP000003,L0_X0_Y2,L0_X6_Y1,2,L2_X0_Y2,78.4384,1.2192,16.4384,360.432337,62.0,422.432337,25,0.394519,0.085406,1772649160.729831
FP000003,L0_X0_Y2,L0_X6_Y1,3,L2_X1_Y2,94.43324,15.99484,32.43324,360.432337,62.0,422.432337,25,0.394519,0.085406,1772649160.729831
FP000003,L0_X0_Y2,L0_X6_Y1,4,L2_X2_Y2,110.428089,15.994849,48.428089,360.432337,62.0,422.432337,25,0.394519,0.085406,1772649160.729831
FP000003,L0_X0_Y2,L0_X6_Y1,5,L2_X3_Y2,126.422946,15.994857,64.422946,360.432337,62.0,422.432337,25,0.394519,0.085406,1772649160.729831
FP000003,L0_X0_Y2,L0_X6_Y1,6,L2_X4_Y2,142.417812,15.994866,80.417812,360.432337,62.0,422.432337,25,0.394519,0.085406,1772649160.729831
FP000003,L0_X0_Y2,L0_X6_Y1,7,L2_X5_Y2,158.412687,15.994875,96.412687,360.432337,62.0,422.432337,25,0.394519,0.085406,1772649160.729831
FP000003,L0_X0_Y2,L0_X6_Y1,8,L2_X6_Y2,174.407571,15.994883,112.407571,360.432337,62.0,422.432337,25,0.394519,0.085406,1772649160.729831
FP000003,L0_X0_Y2,L0_X6_Y1,9,L2_X6_Y1,190.428169,16.020598,128.428169,360.432337,62.0,422.432337,25,0.394519,0.085406,1772649160.729831
FP000003,L0_X0_Y2,L0_X6_Y1,10,L1_X6_Y1,191.647369,1.2192,129.647369,360.432337,62.0,422.432337,25,0.394519,0.085406,1772649160.729831
FP000003,L0_X0_Y2,L0_X6_Y1,11,L0_X6_Y1,192.866569,1.2192,130.866569,360.432337,62.0,422.432337,25,0.394519,0.085406,1772649160.729831
FP000003,L0_X0_Y2,L0_X6_Y1,12,L0_X6_Y1,252.866569,60.0,190.866569,360.432337,62.0,422.432337,25,0.394519,0.085406,1772649160.729831
FP000003,L0_X0_Y2,L0_X6_Y1,13,L1_X6_Y1,275.085769,22.2192,213.085769,360.432337,62.0,422.432337,25,0.394519,0.085406,1772649160.729831
FP000003,L0_X0_Y2,L0_X6_Y1,14,L2_X6_Y1,276.304969,1.2192,214.304969,360.432337,62.0,422.432337,25,0.394519,0.085406,1772649160.729831
FP000003,L0_X0_Y2,L0_X6_Y1,15,L3_X6_Y1,277.524169,1.2192,215.524169,360.432337,62.0,422.432337,25,0.394519,0.085406,1772649160.729831
FP000003,L0_X0_Y2,L0_X6_Y1,16,L2_X6_Y1,278.743369,1.2192,216.743369,360.432337,62.0,422.432337,25,0.394519,0.085406,1772649160.729831
FP000003,L0_X0_Y2,L0_X6_Y1,17,L1_X6_Y1,279.962569,1.2192,217.962569,360.432337,62.0,422.432337,25,0.394519,0.085406,1772649160.729831
FP000003,L0_X0_Y2,L0_X6_Y1,18,L2_X6_Y1,281.181769,1.2192,219.181769,360.432337,62.0,422.432337,25,0.394519,0.085406,1772649160.729831
FP000003,L0_X0_Y2,L0_X6_Y1,19,L3_X6_Y1,282.400969,1.2192,220.400969,360.432337,62.0,422.432337,25,0.394519,0.085406,1772649160.729831
FP000003,L0_X0_Y2,L0_X6_Y1,20,L3_X6_Y2,298.421567,16.020598,236.421567,360.432337,62.0,422.432337,25,0.394519,0.085406,1772649160.729831
FP000003,L0_X0_Y2,L0_X6_Y1,21,L3_X5_Y2,314.41645,15.994883,252.41645,360.432337,62.0,422.432337,25,0.394519,0.085406,1772649160.729831
FP000003,L0_X0_Y2,L0_X6_Y1,22,L3_X4_Y2,330.411325,15.994875,268.411325,360.432337,62.0,422.432337,25,0.394519,0.085406,1772649160.729831
FP000003,L0_X0_Y2,L0_X6_Y1,23,L3_X3_Y2,346.406191,15.994866,284.406191,360.432337,62.0,422.432337,25,0.394519,0.085406,1772649160.729831
FP000003,L0_X0_Y2,L0_X6_Y1,24,L4_X3_Y2,347.625391,1.2192,285.625391,360.432337,62.0,422.432337,25,0.394519,0.085406,1772649160.729831
FP000003,L0_X0_Y2,L0_X6_Y1,25,L3_X3_Y2,348.844591,1.2192,286.844591,360.432337,62.0,422.432337,25,0.394519,0.085406,1772649160.729831
FP000003,L0_X0_Y2,L0_X6_Y1,26,L4_X3_Y2,350.063791,1.2192,288.063791,360.432337,62.0,422.432337,25,0.394519,0.085406,1772649160.729831
FP000003,L0_X0_Y2,L0_X6_Y1,27,L3_X3_Y2,351.282991,1.2192,289.282991,360.432337,62.0,422.432337,25,0.394519,0.085406,1772649160.729831
FP000003,L0_X0_Y2,L0_X6_Y1,28,L4_X3_Y2,352.502191,1.2192,290.502191,360.432337,62.0,422.432337,25,0.394519,0.085406,1772649160.729831
FP000003,L0_X0_Y2,L0_X6_Y1,29,L3_X3_Y2,353.721391,1.2192,291.721391,360.432337,62.0,422.432337,25,0.394519,0.085406,1772649160.729831
FP000003,L0_X0_Y2,L0_X6_Y1,30,L4_X3_Y2,354.940591,1.2192,292.940591,360.432337,62.0,422.432337,25,0.394519,0.085406,1772649160.729831
FP000003,L0_X0_Y2,L0_X6_Y1,31,L3_X3_Y2,356.159791,1.2192,294.159791,360.432337,62.0,422.432337,25,0.394519,0.085406,1772649160.729831
FP000003,L0_X0_Y2,L0_X6_Y1,32,L4_X3_Y2,357.378991,1.2192,295.378991,360.432337,62.0,422.432337,25,0.394519,0.085406,1772649160.729831
FP000003,L0_X0_Y2,L0_X6_Y1,33,L3_X3_Y2,358.598191,1.2192,296.598191,360.432337,62.0,422.432337,25,0.394519,0.085406,1772649160.729831
FP000003,L0_X0_Y2,L0_X6_Y1,34,L4_X3_Y2,359.817391,1.2192,297.817391,360.432337,62.0,422.432337,25,0.394519,0.085406,1772649160.729831
FP000003,L0_X0_Y2,L0_X6_Y1,35,L3_X3_Y2,361.036591,1.2192,299.036591,360.432337,62.0,422.432337,25,0.394519,0.085406,1772649160.729831
FP000003,L0_X0_Y2,L0_X6_Y1,36,L4_X3_Y2,362.255791,1.2192,300.255791,360.432337,62.0,422.432337,25,0.394519,0.085406,1772649160.729831
FP000003,L0_X0_Y2,L0_X6_Y1,37,L3_X3_Y2,363.474991,1.2192,301.474991,360.432337,62.0,422.432337,25,0.394519,0.085406,1772649160.729831
FP000003,L0_X0_Y2,L0_X6_Y1,38,L4_X3_Y2,364.694191,1.2192,302.694191,360.432337,62.0,422.432337,25,0.394519,0.085406,1772649160.729831
FP000003,L0_X0_Y2,L0_X6_Y1,39,L3_X3_Y2,365.913391,1.2192,303.913391,360.432337,62.0,422.432337,25,0.394519,0.085406,1772649160.729831
FP000003,L0_X0_Y2,L0_X6_Y1,40,L4_X3_Y2,367.132591,1.2192,305.132591,360.432337,62.0,422.432337,25,0.394519,0.085406,1772649160.729831
FP000003,L0_X0_Y2,L0_X6_Y1,41,L3_X3_Y2,368.351791,1.2192,306.351791,360.432337,62.0,422.432337,25,0.394519,0.085406,1772649160.729831
FP000003,L0_X0_Y2,L0_X6_Y1,42,L4_X3_Y2,369.570991,1.2192,307.570991,360.432337,62.0,422.432337,25,0.394519,0.085406,1772649160.729831
FP000003,L0_X0_Y2,L0_X6_Y1,43,L3_X3_Y2,370.790191,1.2192,308.790191,360.432337,62.0,422.432337,25,0.394519,0.085406,1772649160.729831
FP000003,L0_X0_Y2,L0_X6_Y1,44,L2_X3_Y2,372.009391,1.2192,310.009391,360.432337,62.0,422.432337,25,0.394519,0.085406,1772649160.729831
FP000003,L0_X0_Y2,L0_X6_Y1,45,L2_X2_Y2,388.004248,15.994857,326.004248,360.432337,62.0,422.432337,25,0.394519,0.085406,1772649160.729831
FP000003,L0_X0_Y2,L0_X6_Y1,46,L2_X1_Y2,403.999097,15.994849,341.999097,360.432337,62.0,422.432337,25,0.394519,0.085406,1772649160.729831
FP000003,L0_X0_Y2,L0_X6_Y1,47,L2_X0_Y2,419.993937,15.99484,357.993937,360.432337,62.0,422.432337,25,0.394519,0.085406,1772649160.729831
FP000003,L0_X0_Y2,L0_X6_Y1,48,L1_X0_Y2,421.213137,1.2192,359.213137,360.432337,62.0,422.432337,25,0.394519,0.085406,1772649160.729831
FP000003,L0_X0_Y2,L0_X6_Y1,49,L0_X0_Y2,422.432337,1.2192,360.432337,360.432337,62.0,422.432337,25,0.394519,0.085406,1772649160.729831
FP000004,L0_X14_Y6,L0_X7_Y3,0,L0_X14_Y6,111.0,0.0,0.0,410.770213,111.0,521.770213,25,0.093856,0.45428,1772649160.884445
FP000004,L0_X14_Y6,L0_X7_Y3,1,L1_X14_Y6,112.2192,1.2192,1.2192,410.770213,111.0,521.770213,25,0.093856,0.45428,1772649160.884445
FP000004,L0_X14_Y6,L0_X7_Y3,2,L2_X14_Y6,113.4384,1.2192,2.4384,410.770213,111.0,521.770213,25,0.093856,0.45428,1772649160.884445
FP000004,L0_X14_Y6,L0_X7_Y3,3,L2_X14_Y5,129.453013,16.014613,18.453013,410.770213,111.0,521.770213,25,0.093856,0.45428,1772649160.884445
FP000004,L0_X14_Y6,L0_X7_Y3,4,L2_X14_Y4,145.467629,16.014617,34.467629,410.770213,111.0,521.770213,25,0.093856,0.45428,1772649160.884445
FP000004,L0_X14_Y6,L0_X7_Y3,5,L2_X14_Y3,161.48225,16.014621,50.48225,410.770213,111.0,521.770213,25,0.093856,0.45428,1772649160.884445
FP000004,L0_X14_Y6,L0_X7_Y3,6,L2_X13_Y3,177.477198,15.994948,66.477198,410.770213,111.0,521.770213,25,0.093856,0.45428,1772649160.884445
FP000004,L0_X14_Y6,L0_X7_Y3,7,L2_X12_Y3,193.472138,15.99494,82.472138,410.770213,111.0,521.770213,25,0.093856,0.45428,1772649160.884445
FP000004,L0_X14_Y6,L0_X7_Y3,8,L1_X12_Y3,194.691338,1.2192,83.691338,410.770213,111.0,521.770213,25,0.093856,0.45428,1772649160.884445
FP000004,L0_X14_Y6,L0_X7_Y3,9,L1_X11_Y3,210.686269,15.994931,99.686269,410.770213,111.0,521.770213,25,0.093856,0.45428,1772649160.884445
FP000004,L0_X14_Y6,L0_X7_Y3,10,L1_X10_Y3,226.681191,15.994922,115.681191,410.770213,111.0,521.770213,25,0.093856,0.45428,1772649160.884445
FP000004,L0_X14_Y6,L0_X7_Y3,11,L1_X9_Y3,242.676105,15.994914,131.676105,410.770213,111.0,521.770213,25,0.093856,0.45428,1772649160.884445
FP000004,L0_X14_Y6,L0_X7_Y3,12,L1_X8_Y3,258.67101,15.994905,147.67101,410.770213,111.0,521.770213,25,0.093856,0.45428,1772649160.884445
FP000004,L0_X14_Y6,L0_X7_Y3,13,L1_X7_Y3,274.665906,15.994896,163.665906,410.770213,111.0,521.770213,25,0.093856,0.45428,1772649160.884445
FP000004,L0_X14_Y6,L0_X7_Y3,14,L0_X7_Y3,275.885106,1.2192,164.885106,410.770213,111.0,521.770213,25,0.093856,0.45428,1772649160.884445
FP000004,L0_X14_Y6,L0_X7_Y3,15,L0_X7_Y3,335.885106,60.0,224.885106,410.770213,111.0,521.770213,25,0.093856,0.45428,1772649160.884445
FP000004,L0_X14_Y6,L0_X7_Y3,16,L1_X7_Y3,358.104306,22.2192,247.104306,410.770213,111.0,521.770213,25,0.093856,0.45428,1772649160.884445
FP000004,L0_X14_Y6,L0_X7_Y3,17,L1_X8_Y3,374.099203,15.994896,263.099203,410.770213,111.0,521.770213,25,0.093856,0.45428,1772649160.884445
FP000004,L0_X14_Y6,L0_X7_Y3,18,L1_X9_Y3,390.094108,15.994905,279.094108,410.770213,111.0,521.770213,25,0.093856,0.45428,1772649160.884445
FP000004,L0_X14_Y6,L0_X7_Y3,19,L1_X10_Y3,406.089021,15.994914,295.089021,410.770213,111.0,521.770213,25,0.093856,0.45428,1772649160.884445
FP000004,L0_X14_Y6,L0_X7_Y3,20,L1_X11_Y3,422.083944,15.994922,311.083944,410.770213,111.0,521.770213,25,0.093856,0.45428,1772649160.884445
FP000004,L0_X14_Y6,L0_X7_Y3,21,L1_X12_Y3,438.078875,15.994931,327.078875,410.770213,111.0,521.770213,25,0.093856,0.45428,1772649160.884445
FP000004,L0_X14_Y6,L0_X7_Y3,22,L2_X12_Y3,439.298075,1.2192,328.298075,410.770213,111.0,521.770213,25,0.093856,0.45428,1772649160.884445
FP000004,L0_X14_Y6,L0_X7_Y3,23,L2_X13_Y3,455.293014,15.99494,344.293014,410.770213,111.0,521.770213,25,0.093856,0.45428,1772649160.884445
FP000004,L0_X14_Y6,L0_X7_Y3,24,L2_X14_Y3,471.287962,15.994948,360.287962,410.770213,111.0,521.770213,25,0.093856,0.45428,1772649160.884445
FP000004,L0_X14_Y6,L0_X7_Y3,25,L2_X14_Y4,487.302583,16.014621,376.302583,410.770213,111.0,521.770213,25,0.093856,0.45428,1772649160.884445
FP000004,L0_X14_Y6,L0_X7_Y3,26,L2_X14_Y5,503.3172,16.014617,392.3172,410.770213,111.0,521.770213,25,0.093856,0.45428,1772649160.884445
FP000004,L0_X14_Y6,L0_X7_Y3,27,L2_X14_Y6,519.331813,16.014613,408.331813,410.770213,111.0,521.770213,25,0.093856,0.45428,1772649160.884445
FP000004,L0_X14_Y6,L0_X7_Y3,28,L1_X14_Y6,520.551013,1.2192,409.551013,410.770213,111.0,521.770213,25,0.093856,0.45428,1772649160.884445
FP000004,L0_X14_Y6,L0_X7_Y3,29,L0_X14_Y6,521.770213,1.2192,410.770213,410.770213,111.0,521.770213,25,0.093856,0.45428,1772649160.884445
FP000005,L0_X14_Y6,L0_X4_Y1,0,L0_X14_Y6,142.0,0.0,0.0,570.818935,142.0,712.818935,25,0.139808,0.13124,1772649161.061794
FP000005,L0_X14_Y6,L0_X4_Y1,1,L1_X14_Y6,143.2192,1.2192,1.2192,570.818935,142.0,712.818935,25,0.139808,0.13124,1772649161.061794
FP000005,L0_X14_Y6,L0_X4_Y1,2,L2_X14_Y6,144.4384,1.2192,2.4384,570.818935,142.0,712.818935,25,0.139808,0.13124,1772649161.061794
FP000005,L0_X14_Y6,L0_X4_Y1,3,L2_X14_Y5,160.453013,16.014613,18.453013,570.818935,142.0,712.818935,25,0.139808,0.13124,1772649161.061794
FP000005,L0_X14_Y6,L0_X4_Y1,4,L2_X14_Y4,176.467629,16.014617,34.467629,570.818935,142.0,712.818935,25,0.139808,0.13124,1772649161.061794
FP000005,L0_X14_Y6,L0_X4_Y1,5,L2_X14_Y3,192.48225,16.014621,50.48225,570.818935,142.0,712.818935,25,0.139808,0.13124,1772649161.061794
FP000005,L0_X14_Y6,L0_X4_Y1,6,L2_X14_Y2,208.496875,16.014625,66.496875,570.818935,142.0,712.818935,25,0.139808,0.13124,1772649161.061794
FP000005,L0_X14_Y6,L0_X4_Y1,7,L2_X13_Y2,224.491828,15.994952,82.491828,570.818935,142.0,712.818935,25,0.139808,0.13124,1772649161.061794
FP000005,L0_X14_Y6,L0_X4_Y1,8,L2_X12_Y2,240.486771,15.994944,98.486771,570.818935,142.0,712.818935,25,0.139808,0.13124,1772649161.061794
FP000005,L0_X14_Y6,L0_X4_Y1,9,L2_X11_Y2,256.481706,15.994935,114.481706,570.818935,142.0,712.818935,25,0.139808,0.13124,1772649161.061794
FP000005,L0_X14_Y6,L0_X4_Y1,10,L2_X10_Y2,272.476633,15.994926,130.476633,570.818935,142.0,712.818935,25,0.139808,0.13124,1772649161.061794
FP000005,L0_X14_Y6,L0_X4_Y1,11,L2_X9_Y2,288.471551,15.994918,146.471551,570.818935,142.0,712.818935,25,0.139808,0.13124,1772649161.061794
FP000005,L0_X14_Y6,L0_X4_Y1,12,L2_X8_Y2,304.46646,15.994909,162.46646,570.818935,142.0,712.818935,25,0.139808,0.13124,1772649161.061794
FP000005,L0_X14_Y6,L0_X4_Y1,13,L2_X7_Y2,320.461361,15.994901,178.461361,570.818935,142.0,712.818935,25,0.139808,0.13124,1772649161.061794
FP000005,L0_X14_Y6,L0_X4_Y1,14,L2_X6_Y2,336.456253,15.994892,194.456253,570.818935,142.0,712.818935,25,0.139808,0.13124,1772649161.061794
FP000005,L0_X14_Y6,L0_X4_Y1,15,L2_X5_Y2,352.451136,15.994883,210.451136,570.818935,142.0,712.818935,25,0.139808,0.13124,1772649161.061794
FP000005,L0_X14_Y6,L0_X4_Y1,16,L2_X4_Y2,368.446011,15.994875,226.446011,570.818935,142.0,712.818935,25,0.139808,0.13124,1772649161.061794
FP000005,L0_X14_Y6,L0_X4_Y1,17,L2_X4_Y1,384.4681,16.02209,242.4681,570.818935,142.0,712.818935,25,0.139808,0.13124,1772649161.061794
FP000005,L0_X14_Y6,L0_X4_Y1,18,L1_X4_Y1,385.6873,1.2192,243.6873,570.818935,142.0,712.818935,25,0.139808,0.13124,1772649161.061794
FP000005,L0_X14_Y6,L0_X4_Y1,19,L0_X4_Y1,386.9065,1.2192,244.9065,570.818935,142.0,712.818935,25,0.139808,0.13124,1772649161.061794
FP000005,L0_X14_Y6,L0_X4_Y1,20,L0_X4_Y1,446.9065,60.0,304.9065,570.818935,142.0,712.818935,25,0.139808,0.13124,1772649161.061794
FP000005,L0_X14_Y6,L0_X4_Y1,21,L1_X4_Y1,469.1257,22.2192,327.1257,570.818935,142.0,712.818935,25,0.139808,0.13124,1772649161.061794
FP000005,L0_X14_Y6,L0_X4_Y1,22,L2_X4_Y1,470.3449,1.2192,328.3449,570.818935,142.0,712.818935,25,0.139808,0.13124,1772649161.061794
FP000005,L0_X14_Y6,L0_X4_Y1,23,L2_X4_Y2,486.36699,16.02209,344.36699,570.818935,142.0,712.818935,25,0.139808,0.13124,1772649161.061794
FP000005,L0_X14_Y6,L0_X4_Y1,24,L2_X5_Y2,502.361865,15.994875,360.361865,570.818935,142.0,712.818935,25,0.139808,0.13124,1772649161.061794
FP000005,L0_X14_Y6,L0_X4_Y1,25,L2_X6_Y2,518.356748,15.994883,376.356748,570.818935,142.0,712.818935,25,0.139808,0.13124,1772649161.061794
FP000005,L0_X14_Y6,L0_X4_Y1,26,L2_X6_Y3,534.377341,16.020593,392.377341,570.818935,142.0,712.818935,25,0.139808,0.13124,1772649161.061794
FP000005,L0_X14_Y6,L0_X4_Y1,27,L2_X7_Y3,550.372229,15.994888,408.372229,570.818935,142.0,712.818935,25,0.139808,0.13124,1772649161.061794
FP000005,L0_X14_Y6,L0_X4_Y1,28,L2_X8_Y3,566.367125,15.994896,424.367125,570.818935,142.0,712.818935,25,0.139808,0.13124,1772649161.061794
FP000005,L0_X14_Y6,L0_X4_Y1,29,L2_X9_Y3,582.36203,15.994905,440.36203,570.818935,142.0,712.818935,25,0.139808,0.13124,1772649161.061794
FP000005,L0_X14_Y6,L0_X4_Y1,30,L2_X10_Y3,598.356944,15.994914,456.356944,570.818935,142.0,712.818935,25,0.139808,0.13124,1772649161.061794
FP000005,L0_X14_Y6,L0_X4_Y1,31,L2_X11_Y3,614.351866,15.994922,472.351866,570.818935,142.0,712.818935,25,0.139808,0.13124,1772649161.061794
FP000005,L0_X14_Y6,L0_X4_Y1,32,L2_X12_Y3,630.346797,15.994931,488.346797,570.818935,142.0,712.818935,25,0.139808,0.13124,1772649161.061794
FP000005,L0_X14_Y6,L0_X4_Y1,33,L2_X13_Y3,646.341737,15.99494,504.341737,570.818935,142.0,712.818935,25,0.139808,0.13124,1772649161.061794
FP000005,L0_X14_Y6,L0_X4_Y1,34,L2_X14_Y3,662.336685,15.994948,520.336685,570.818935,142.0,712.818935,25,0.139808,0.13124,1772649161.061794
FP000005,L0_X14_Y6,L0_X4_Y1,35,L2_X14_Y4,678.351306,16.014621,536.351306,570.818935,142.0,712.818935,25,0.139808,0.13124,1772649161.061794
FP000005,L0_X14_Y6,L0_X4_Y1,36,L2_X14_Y5,694.365923,16.014617,552.365923,570.818935,142.0,712.818935,25,0.139808,0.13124,1772649161.061794
FP000005,L0_X14_Y6,L0_X4_Y1,37,L2_X14_Y6,710.380535,16.014613,568.380535,570.818935,142.0,712.818935,25,0.139808,0.13124,1772649161.061794
FP000005,L0_X14_Y6,L0_X4_Y1,38,L1_X14_Y6,711.599735,1.2192,569.599735,570.818935,142.0,712.818935,25,0.139808,0.13124,1772649161.061794
FP000005,L0_X14_Y6,L0_X4_Y1,39,L0_X14_Y6,712.818935,1.2192,570.818935,570.818935,142.0,712.818935,25,0.139808,0.13124,1772649161.061794
FP000006,L0_X14_Y6,L0_X5_Y6,0,L0_X14_Y6,190.0,0.0,0.0,447.609071,190.0,637.609071,25,0.102928,0.189126,1772649161.215065
FP000006,L0_X14_Y6,L0_X5_Y6,1,L1_X14_Y6,191.2192,1.2192,1.2192,447.609071,190.0,637.609071,25,0.102928,0.189126,1772649161.215065
FP000006,L0_X14_Y6,L0_X5_Y6,2,L2_X14_Y6,192.4384,1.2192,2.4384,447.609071,190.0,637.609071,25,0.102928,0.189126,1772649161.215065
FP000006,L0_X14_Y6,L0_X5_Y6,3,L3_X14_Y6,193.6576,1.2192,3.6576,447.609071,190.0,637.609071,25,0.102928,0.189126,1772649161.215065
FP000006,L0_X14_Y6,L0_X5_Y6,4,L3_X14_Y5,209.672213,16.014613,19.672213,447.609071,190.0,637.609071,25,0.102928,0.189126,1772649161.215065
FP000006,L0_X14_Y6,L0_X5_Y6,5,L3_X13_Y5,225.667152,15.99494,35.667152,447.609071,190.0,637.609071,25,0.102928,0.189126,1772649161.215065
FP000006,L0_X14_Y6,L0_X5_Y6,6,L3_X12_Y5,241.662084,15.994931,51.662084,447.609071,190.0,637.609071,25,0.102928,0.189126,1772649161.215065
FP000006,L0_X14_Y6,L0_X5_Y6,7,L3_X11_Y5,257.657006,15.994923,67.657006,447.609071,190.0,637.609071,25,0.102928,0.189126,1772649161.215065
FP000006,L0_X14_Y6,L0_X5_Y6,8,L3_X10_Y5,273.65192,15.994914,83.65192,447.609071,190.0,637.609071,25,0.102928,0.189126,1772649161.215065
FP000006,L0_X14_Y6,L0_X5_Y6,9,L3_X9_Y5,289.646825,15.994905,99.646825,447.609071,190.0,637.609071,25,0.102928,0.189126,1772649161.215065
FP000006,L0_X14_Y6,L0_X5_Y6,10,L3_X8_Y5,305.641722,15.994897,115.641722,447.609071,190.0,637.609071,25,0.102928,0.189126,1772649161.215065
FP000006,L0_X14_Y6,L0_X5_Y6,11,L3_X7_Y5,321.63661,15.994888,131.63661,447.609071,190.0,637.609071,25,0.102928,0.189126,1772649161.215065
FP000006,L0_X14_Y6,L0_X5_Y6,12,L3_X6_Y5,337.631489,15.994879,147.631489,447.609071,190.0,637.609071,25,0.102928,0.189126,1772649161.215065
FP000006,L0_X14_Y6,L0_X5_Y6,13,L3_X6_Y6,353.652069,16.020579,163.652069,447.609071,190.0,637.609071,25,0.102928,0.189126,1772649161.215065
FP000006,L0_X14_Y6,L0_X5_Y6,14,L3_X5_Y6,369.646935,15.994867,179.646935,447.609071,190.0,637.609071,25,0.102928,0.189126,1772649161.215065
FP000006,L0_X14_Y6,L0_X5_Y6,15,L2_X5_Y6,370.866135,1.2192,180.866135,447.609071,190.0,637.609071,25,0.102928,0.189126,1772649161.215065
FP000006,L0_X14_Y6,L0_X5_Y6,16,L1_X5_Y6,372.085335,1.2192,182.085335,447.609071,190.0,637.609071,25,0.102928,0.189126,1772649161.215065
FP000006,L0_X14_Y6,L0_X5_Y6,17,L0_X5_Y6,373.304535,1.2192,183.304535,447.609071,190.0,637.609071,25,0.102928,0.189126,1772649161.215065
FP000006,L0_X14_Y6,L0_X5_Y6,18,L0_X5_Y6,433.304535,60.0,243.304535,447.609071,190.0,637.609071,25,0.102928,0.189126,1772649161.215065
FP000006,L0_X14_Y6,L0_X5_Y6,19,L1_X5_Y6,455.523735,22.2192,265.523735,447.609071,190.0,637.609071,25,0.102928,0.189126,1772649161.215065
FP000006,L0_X14_Y6,L0_X5_Y6,20,L2_X5_Y6,456.742935,1.2192,266.742935,447.609071,190.0,637.609071,25,0.102928,0.189126,1772649161.215065
FP000006,L0_X14_Y6,L0_X5_Y6,21,L3_X5_Y6,457.962135,1.2192,267.962135,447.609071,190.0,637.609071,25,0.102928,0.189126,1772649161.215065
FP000006,L0_X14_Y6,L0_X5_Y6,22,L3_X6_Y6,473.957002,15.994867,283.957002,447.609071,190.0,637.609071,25,0.102928,0.189126,1772649161.215065
FP000006,L0_X14_Y6,L0_X5_Y6,23,L3_X6_Y5,489.977581,16.020579,299.977581,447.609071,190.0,637.609071,25,0.102928,0.189126,1772649161.215065
FP000006,L0_X14_Y6,L0_X5_Y6,24,L3_X7_Y5,505.972461,15.994879,315.972461,447.609071,190.0,637.609071,25,0.102928,0.189126,1772649161.215065
FP000006,L0_X14_Y6,L0_X5_Y6,25,L3_X8_Y5,521.967349,15.994888,331.967349,447.609071,190.0,637.609071,25,0.102928,0.189126,1772649161.215065
FP000006,L0_X14_Y6,L0_X5_Y6,26,L3_X9_Y5,537.962245,15.994897,347.962245,447.609071,190.0,637.609071,25,0.102928,0.189126,1772649161.215065
FP000006,L0_X14_Y6,L0_X5_Y6,27,L3_X10_Y5,553.957151,15.994905,363.957151,447.609071,190.0,637.609071,25,0.102928,0.189126,1772649161.215065
FP000006,L0_X14_Y6,L0_X5_Y6,28,L3_X11_Y5,569.952065,15.994914,379.952065,447.609071,190.0,637.609071,25,0.102928,0.189126,1772649161.215065
FP000006,L0_X14_Y6,L0_X5_Y6,29,L3_X12_Y5,585.946987,15.994923,395.946987,447.609071,190.0,637.609071,25,0.102928,0.189126,1772649161.215065
FP000006,L0_X14_Y6,L0_X5_Y6,30,L3_X13_Y5,601.941918,15.994931,411.941918,447.609071,190.0,637.609071,25,0.102928,0.189126,1772649161.215065
FP000006,L0_X14_Y6,L0_X5_Y6,31,L3_X14_Y5,617.936858,15.99494,427.936858,447.609071,190.0,637.609071,25,0.102928,0.189126,1772649161.215065
FP000006,L0_X14_Y6,L0_X5_Y6,32,L3_X14_Y6,633.951471,16.014613,443.951471,447.609071,190.0,637.609071,25,0.102928,0.189126,1772649161.215065
FP000006,L0_X14_Y6,L0_X5_Y6,33,L2_X14_Y6,635.170671,1.2192,445.170671,447.609071,190.0,637.609071,25,0.102928,0.189126,1772649161.215065
FP000006,L0_X14_Y6,L0_X5_Y6,34,L1_X14_Y6,636.389871,1.2192,446.389871,447.609071,190.0,637.609071,25,0.102928,0.189126,1772649161.215065
FP000006,L0_X14_Y6,L0_X5_Y6,35,L0_X14_Y6,637.609071,1.2192,447.609071,447.609071,190.0,637.609071,25,0.102928,0.189126,1772649161.215065
FP000007,L0_X14_Y6,L0_X13_Y4,0,L0_X14_Y6,251.0,0.0,0.0,186.801947,251.0,437.801947,25,0.009533,0.149129,1772649161.270773
FP000007,L0_X14_Y6,L0_X13_Y4,1,L1_X14_Y6,252.2192,1.2192,1.2192,186.801947,251.0,437.801947,25,0.009533,0.149129,1772649161.270773
FP000007,L0_X14_Y6,L0_X13_Y4,2,L2_X14_Y6,253.4384,1.2192,2.4384,186.801947,251.0,437.801947,25,0.009533,0.149129,1772649161.270773
FP000007,L0_X14_Y6,L0_X13_Y4,3,L2_X14_Y5,269.453013,16.014613,18.453013,186.801947,251.0,437.801947,25,0.009533,0.149129,1772649161.270773
FP000007,L0_X14_Y6,L0_X13_Y4,4,L2_X14_Y4,285.467629,16.014617,34.467629,186.801947,251.0,437.801947,25,0.009533,0.149129,1772649161.270773
FP000007,L0_X14_Y6,L0_X13_Y4,5,L1_X14_Y4,286.686829,1.2192,35.686829,186.801947,251.0,437.801947,25,0.009533,0.149129,1772649161.270773
FP000007,L0_X14_Y6,L0_X13_Y4,6,L1_X13_Y4,302.681773,15.994944,51.681773,186.801947,251.0,437.801947,25,0.009533,0.149129,1772649161.270773
FP000007,L0_X14_Y6,L0_X13_Y4,7,L0_X13_Y4,303.900973,1.2192,52.900973,186.801947,251.0,437.801947,25,0.009533,0.149129,1772649161.270773
FP000007,L0_X14_Y6,L0_X13_Y4,8,L0_X13_Y4,363.900973,60.0,112.900973,186.801947,251.0,437.801947,25,0.009533,0.149129,1772649161.270773
FP000007,L0_X14_Y6,L0_X13_Y4,9,L1_X13_Y4,386.120173,22.2192,135.120173,186.801947,251.0,437.801947,25,0.009533,0.149129,1772649161.270773
FP000007,L0_X14_Y6,L0_X13_Y4,10,L1_X14_Y4,402.115117,15.994944,151.115117,186.801947,251.0,437.801947,25,0.009533,0.149129,1772649161.270773
FP000007,L0_X14_Y6,L0_X13_Y4,11,L1_X14_Y5,418.129734,16.014617,167.129734,186.801947,251.0,437.801947,25,0.009533,0.149129,1772649161.270773
FP000007,L0_X14_Y6,L0_X13_Y4,12,L2_X14_Y5,419.348934,1.2192,168.348934,186.801947,251.0,437.801947,25,0.009533,0.149129,1772649161.270773
FP000007,L0_X14_Y6,L0_X13_Y4,13,L2_X14_Y6,435.363547,16.014613,184.363547,186.801947,251.0,437.801947,25,0.009533,0.149129,1772649161.270773
FP000007,L0_X14_Y6,L0_X13_Y4,14,L1_X14_Y6,436.582747,1.2192,185.582747,186.801947,251.0,437.801947,25,0.009533,0.149129,1772649161.270773
FP000007,L0_X14_Y6,L0_X13_Y4,15,L0_X14_Y6,437.801947,1.2192,186.801947,186.801947,251.0,437.801947,25,0.009533,0.149129,1772649161.270773
FP000008,L0_X14_Y6,L0_X4_Y3,0,L0_X14_Y6,282.0,0.0,0.0,506.739487,282.0,788.739487,25,0.181546,0.02972,1772649161.474505
FP000008,L0_X14_Y6,L0_X4_Y3,1,L1_X14_Y6,283.2192,1.2192,1.2192,506.739487,282.0,788.739487,25,0.181546,0.02972,1772649161.474505
FP000008,L0_X14_Y6,L0_X4_Y3,2,L2_X14_Y6,284.4384,1.2192,2.4384,506.739487,282.0,788.739487,25,0.181546,0.02972,1772649161.474505
FP000008,L0_X14_Y6,L0_X4_Y3,3,L2_X14_Y5,300.453013,16.014613,18.453013,506.739487,282.0,788.739487,25,0.181546,0.02972,1772649161.474505
FP000008,L0_X14_Y6,L0_X4_Y3,4,L2_X14_Y4,316.467629,16.014617,34.467629,506.739487,282.0,788.739487,25,0.181546,0.02972,1772649161.474505
FP000008,L0_X14_Y6,L0_X4_Y3,5,L2_X14_Y3,332.48225,16.014621,50.48225,506.739487,282.0,788.739487,25,0.181546,0.02972,1772649161.474505
FP000008,L0_X14_Y6,L0_X4_Y3,6,L2_X13_Y3,348.477198,15.994948,66.477198,506.739487,282.0,788.739487,25,0.181546,0.02972,1772649161.474505
FP000008,L0_X14_Y6,L0_X4_Y3,7,L2_X12_Y3,364.472138,15.99494,82.472138,506.739487,282.0,788.739487,25,0.181546,0.02972,1772649161.474505
FP000008,L0_X14_Y6,L0_X4_Y3,8,L2_X11_Y3,380.467069,15.994931,98.467069,506.739487,282.0,788.739487,25,0.181546,0.02972,1772649161.474505
FP000008,L0_X14_Y6,L0_X4_Y3,9,L2_X10_Y3,396.461991,15.994922,114.461991,506.739487,282.0,788.739487,25,0.181546,0.02972,1772649161.474505
FP000008,L0_X14_Y6,L0_X4_Y3,10,L2_X9_Y3,412.456905,15.994914,130.456905,506.739487,282.0,788.739487,25,0.181546,0.02972,1772649161.474505
FP000008,L0_X14_Y6,L0_X4_Y3,11,L2_X8_Y3,428.45181,15.994905,146.45181,506.739487,282.0,788.739487,25,0.181546,0.02972,1772649161.474505
FP000008,L0_X14_Y6,L0_X4_Y3,12,L2_X7_Y3,444.446706,15.994896,162.446706,506.739487,282.0,788.739487,25,0.181546,0.02972,1772649161.474505
FP000008,L0_X14_Y6,L0_X4_Y3,13,L2_X6_Y3,460.441594,15.994888,178.441594,506.739487,282.0,788.739487,25,0.181546,0.02972,1772649161.474505
FP000008,L0_X14_Y6,L0_X4_Y3,14,L1_X6_Y3,461.660794,1.2192,179.660794,506.739487,282.0,788.739487,25,0.181546,0.02972,1772649161.474505
FP000008,L0_X14_Y6,L0_X4_Y3,15,L1_X5_Y3,477.655673,15.994879,195.655673,506.739487,282.0,788.739487,25,0.181546,0.02972,1772649161.474505
FP000008,L0_X14_Y6,L0_X4_Y3,16,L1_X4_Y3,493.650544,15.994871,211.650544,506.739487,282.0,788.739487,25,0.181546,0.02972,1772649161.474505
FP000008,L0_X14_Y6,L0_X4_Y3,17,L0_X4_Y3,494.869744,1.2192,212.869744,506.739487,282.0,788.739487,25,0.181546,0.02972,1772649161.474505
FP000008,L0_X14_Y6,L0_X4_Y3,18,L0_X4_Y3,554.869744,60.0,272.869744,506.739487,282.0,788.739487,25,0.181546,0.02972,1772649161.474505
FP000008,L0_X14_Y6,L0_X4_Y3,19,L1_X4_Y3,577.088944,22.2192,295.088944,506.739487,282.0,788.739487,25,0.181546,0.02972,1772649161.474505
FP000008,L0_X14_Y6,L0_X4_Y3,20,L1_X5_Y3,593.083814,15.994871,311.083814,506.739487,282.0,788.739487,25,0.181546,0.02972,1772649161.474505
FP000008,L0_X14_Y6,L0_X4_Y3,21,L1_X6_Y3,609.078693,15.994879,327.078693,506.739487,282.0,788.739487,25,0.181546,0.02972,1772649161.474505
FP000008,L0_X14_Y6,L0_X4_Y3,22,L1_X7_Y3,625.073581,15.994888,343.073581,506.739487,282.0,788.739487,25,0.181546,0.02972,1772649161.474505
FP000008,L0_X14_Y6,L0_X4_Y3,23,L1_X8_Y3,641.068477,15.994896,359.068477,506.739487,282.0,788.739487,25,0.181546,0.02972,1772649161.474505
FP000008,L0_X14_Y6,L0_X4_Y3,24,L1_X9_Y3,657.063382,15.994905,375.063382,506.739487,282.0,788.739487,25,0.181546,0.02972,1772649161.474505
FP000008,L0_X14_Y6,L0_X4_Y3,25,L1_X10_Y3,673.058296,15.994914,391.058296,506.739487,282.0,788.739487,25,0.181546,0.02972,1772649161.474505
FP000008,L0_X14_Y6,L0_X4_Y3,26,L1_X11_Y3,689.053218,15.994922,407.053218,506.739487,282.0,788.739487,25,0.181546,0.02972,1772649161.474505
FP000008,L0_X14_Y6,L0_X4_Y3,27,L1_X12_Y3,705.048149,15.994931,423.048149,506.739487,282.0,788.739487,25,0.181546,0.02972,1772649161.474505
FP000008,L0_X14_Y6,L0_X4_Y3,28,L1_X13_Y3,721.043089,15.99494,439.043089,506.739487,282.0,788.739487,25,0.181546,0.02972,1772649161.474505
FP000008,L0_X14_Y6,L0_X4_Y3,29,L2_X13_Y3,722.262289,1.2192,440.262289,506.739487,282.0,788.739487,25,0.181546,0.02972,1772649161.474505
FP000008,L0_X14_Y6,L0_X4_Y3,30,L2_X14_Y3,738.257237,15.994948,456.257237,506.739487,282.0,788.739487,25,0.181546,0.02972,1772649161.474505
FP000008,L0_X14_Y6,L0_X4_Y3,31,L2_X14_Y4,754.271858,16.014621,472.271858,506.739487,282.0,788.739487,25,0.181546,0.02972,1772649161.474505
FP000008,L0_X14_Y6,L0_X4_Y3,32,L2_X14_Y5,770.286475,16.014617,488.286475,506.739487,282.0,788.739487,25,0.181546,0.02972,1772649161.474505
FP000008,L0_X14_Y6,L0_X4_Y3,33,L2_X14_Y6,786.301087,16.014613,504.301087,506.739487,282.0,788.739487,25,0.181546,0.02972,1772649161.474505
FP000008,L0_X14_Y6,L0_X4_Y3,34,L1_X14_Y6,787.520287,1.2192,505.520287,506.739487,282.0,788.739487,25,0.181546,0.02972,1772649161.474505
FP000008,L0_X14_Y6,L0_X4_Y3,35,L0_X14_Y6,788.739487,1.2192,506.739487,506.739487,282.0,788.739487,25,0.181546,0.02972,1772649161.474505
FP000009,L0_X14_Y6,L0_X9_Y5,0,L0_X14_Y6,310.0,0.0,0.0,287.608851,310.0,597.608851,25,0.034234,0.233566,1772649161.563134
FP000009,L0_X14_Y6,L0_X9_Y5,1,L1_X14_Y6,311.2192,1.2192,1.2192,287.608851,310.0,597.608851,25,0.034234,0.233566,1772649161.563134
FP000009,L0_X14_Y6,L0_X9_Y5,2,L2_X14_Y6,312.4384,1.2192,2.4384,287.608851,310.0,597.608851,25,0.034234,0.233566,1772649161.563134
FP000009,L0_X14_Y6,L0_X9_Y5,3,L2_X14_Y5,328.453013,16.014613,18.453013,287.608851,310.0,597.608851,25,0.034234,0.233566,1772649161.563134
FP000009,L0_X14_Y6,L0_X9_Y5,4,L2_X13_Y5,344.447952,15.99494,34.447952,287.608851,310.0,597.608851,25,0.034234,0.233566,1772649161.563134
FP000009,L0_X14_Y6,L0_X9_Y5,5,L3_X13_Y5,345.667152,1.2192,35.667152,287.608851,310.0,597.608851,25,0.034234,0.233566,1772649161.563134
FP000009,L0_X14_Y6,L0_X9_Y5,6,L3_X12_Y5,361.662084,15.994931,51.662084,287.608851,310.0,597.608851,25,0.034234,0.233566,1772649161.563134
FP000009,L0_X14_Y6,L0_X9_Y5,7,L3_X11_Y5,377.657006,15.994923,67.657006,287.608851,310.0,597.608851,25,0.034234,0.233566,1772649161.563134
FP000009,L0_X14_Y6,L0_X9_Y5,8,L3_X10_Y5,393.65192,15.994914,83.65192,287.608851,310.0,597.608851,25,0.034234,0.233566,1772649161.563134
FP000009,L0_X14_Y6,L0_X9_Y5,9,L3_X9_Y5,409.646825,15.994905,99.646825,287.608851,310.0,597.608851,25,0.034234,0.233566,1772649161.563134
FP000009,L0_X14_Y6,L0_X9_Y5,10,L2_X9_Y5,410.866025,1.2192,100.866025,287.608851,310.0,597.608851,25,0.034234,0.233566,1772649161.563134
FP000009,L0_X14_Y6,L0_X9_Y5,11,L1_X9_Y5,412.085225,1.2192,102.085225,287.608851,310.0,597.608851,25,0.034234,0.233566,1772649161.563134
FP000009,L0_X14_Y6,L0_X9_Y5,12,L0_X9_Y5,413.304425,1.2192,103.304425,287.608851,310.0,597.608851,25,0.034234,0.233566,1772649161.563134
FP000009,L0_X14_Y6,L0_X9_Y5,13,L0_X9_Y5,473.304425,60.0,163.304425,287.608851,310.0,597.608851,25,0.034234,0.233566,1772649161.563134
FP000009,L0_X14_Y6,L0_X9_Y5,14,L1_X9_Y5,495.523625,22.2192,185.523625,287.608851,310.0,597.608851,25,0.034234,0.233566,1772649161.563134
FP000009,L0_X14_Y6,L0_X9_Y5,15,L2_X9_Y5,496.742825,1.2192,186.742825,287.608851,310.0,597.608851,25,0.034234,0.233566,1772649161.563134
FP000009,L0_X14_Y6,L0_X9_Y5,16,L3_X9_Y5,497.962025,1.2192,187.962025,287.608851,310.0,597.608851,25,0.034234,0.233566,1772649161.563134
FP000009,L0_X14_Y6,L0_X9_Y5,17,L3_X10_Y5,513.956931,15.994905,203.956931,287.608851,310.0,597.608851,25,0.034234,0.233566,1772649161.563134
FP000009,L0_X14_Y6,L0_X9_Y5,18,L3_X11_Y5,529.951844,15.994914,219.951844,287.608851,310.0,597.608851,25,0.034234,0.233566,1772649161.563134
FP000009,L0_X14_Y6,L0_X9_Y5,19,L3_X12_Y5,545.946767,15.994923,235.946767,287.608851,310.0,597.608851,25,0.034234,0.233566,1772649161.563134
FP000009,L0_X14_Y6,L0_X9_Y5,20,L3_X13_Y5,561.941698,15.994931,251.941698,287.608851,310.0,597.608851,25,0.034234,0.233566,1772649161.563134
FP000009,L0_X14_Y6,L0_X9_Y5,21,L3_X14_Y5,577.936638,15.99494,267.936638,287.608851,310.0,597.608851,25,0.034234,0.233566,1772649161.563134
FP000009,L0_X14_Y6,L0_X9_Y5,22,L2_X14_Y5,579.155838,1.2192,269.155838,287.608851,310.0,597.608851,25,0.034234,0.233566,1772649161.563134
FP000009,L0_X14_Y6,L0_X9_Y5,23,L2_X14_Y6,595.170451,16.014613,285.170451,287.608851,310.0,597.608851,25,0.034234,0.233566,1772649161.563134
FP000009,L0_X14_Y6,L0_X9_Y5,24,L1_X14_Y6,596.389651,1.2192,286.389651,287.608851,310.0,597.608851,25,0.034234,0.233566,1772649161.563134
FP000009,L0_X14_Y6,L0_X9_Y5,25,L0_X14_Y6,597.608851,1.2192,287.608851,287.608851,310.0,597.608851,25,0.034234,0.233566,1772649161.563134
FP000010,L0_X0_Y2,L0_X1_Y5,0,L0_X0_Y2,347.0,0.0,0.0,228.64278,347.0,575.64278,25,0.022109,0.071217,1772649161.622853
FP000010,L0_X0_Y2,L0_X1_Y5,1,L1_X0_Y2,348.2192,1.2192,1.2192,228.64278,347.0,575.64278,25,0.022109,0.071217,1772649161.622853
FP000010,L0_X0_Y2,L0_X1_Y5,2,L2_X0_Y2,349.4384,1.2192,2.4384,228.64278,347.0,575.64278,25,0.022109,0.071217,1772649161.622853
FP000010,L0_X0_Y2,L0_X1_Y5,3,L3_X0_Y2,350.6576,1.2192,3.6576,228.64278,347.0,575.64278,25,0.022109,0.071217,1772649161.622853
FP000010,L0_X0_Y2,L0_X1_Y5,4,L3_X1_Y2,366.65244,15.99484,19.65244,228.64278,347.0,575.64278,25,0.022109,0.071217,1772649161.622853
FP000010,L0_X0_Y2,L0_X1_Y5,5,L3_X1_Y3,382.676762,16.024322,35.676762,228.64278,347.0,575.64278,25,0.022109,0.071217,1772649161.622853
FP000010,L0_X0_Y2,L0_X1_Y5,6,L3_X1_Y4,398.701078,16.024317,51.701078,228.64278,347.0,575.64278,25,0.022109,0.071217,1772649161.622853
FP000010,L0_X0_Y2,L0_X1_Y5,7,L4_X1_Y4,399.920278,1.2192,52.920278,228.64278,347.0,575.64278,25,0.022109,0.071217,1772649161.622853
FP000010,L0_X0_Y2,L0_X1_Y5,8,L4_X1_Y5,415.94459,16.024312,68.94459,228.64278,347.0,575.64278,25,0.022109,0.071217,1772649161.622853
FP000010,L0_X0_Y2,L0_X1_Y5,9,L3_X1_Y5,417.16379,1.2192,70.16379,228.64278,347.0,575.64278,25,0.022109,0.071217,1772649161.622853
FP000010,L0_X0_Y2,L0_X1_Y5,10,L2_X1_Y5,418.38299,1.2192,71.38299,228.64278,347.0,575.64278,25,0.022109,0.071217,1772649161.622853
FP000010,L0_X0_Y2,L0_X1_Y5,11,L1_X1_Y5,419.60219,1.2192,72.60219,228.64278,347.0,575.64278,25,0.022109,0.071217,1772649161.622853
FP000010,L0_X0_Y2,L0_X1_Y5,12,L0_X1_Y5,420.82139,1.2192,73.82139,228.64278,347.0,575.64278,25,0.022109,0.071217,1772649161.622853
FP000010,L0_X0_Y2,L0_X1_Y5,13,L0_X1_Y5,480.82139,60.0,133.82139,228.64278,347.0,575.64278,25,0.022109,0.071217,1772649161.622853
FP000010,L0_X0_Y2,L0_X1_Y5,14,L1_X1_Y5,503.04059,22.2192,156.04059,228.64278,347.0,575.64278,25,0.022109,0.071217,1772649161.622853
FP000010,L0_X0_Y2,L0_X1_Y5,15,L2_X1_Y5,504.25979,1.2192,157.25979,228.64278,347.0,575.64278,25,0.022109,0.071217,1772649161.622853
FP000010,L0_X0_Y2,L0_X1_Y5,16,L3_X1_Y5,505.47899,1.2192,158.47899,228.64278,347.0,575.64278,25,0.022109,0.071217,1772649161.622853
FP000010,L0_X0_Y2,L0_X1_Y5,17,L4_X1_Y5,506.69819,1.2192,159.69819,228.64278,347.0,575.64278,25,0.022109,0.071217,1772649161.622853
FP000010,L0_X0_Y2,L0_X1_Y5,18,L4_X1_Y4,522.722502,16.024312,175.722502,228.64278,347.0,575.64278,25,0.022109,0.071217,1772649161.622853
FP000010,L0_X0_Y2,L0_X1_Y5,19,L4_X1_Y3,538.746818,16.024317,191.746818,228.64278,347.0,575.64278,25,0.022109,0.071217,1772649161.622853
FP000010,L0_X0_Y2,L0_X1_Y5,20,L3_X1_Y3,539.966018,1.2192,192.966018,228.64278,347.0,575.64278,25,0.022109,0.071217,1772649161.622853
FP000010,L0_X0_Y2,L0_X1_Y5,21,L3_X1_Y2,555.99034,16.024322,208.99034,228.64278,347.0,575.64278,25,0.022109,0.071217,1772649161.622853
FP000010,L0_X0_Y2,L0_X1_Y5,22,L2_X1_Y2,557.20954,1.2192,210.20954,228.64278,347.0,575.64278,25,0.022109,0.071217,1772649161.622853
FP000010,L0_X0_Y2,L0_X1_Y5,23,L2_X0_Y2,573.20438,15.99484,226.20438,228.64278,347.0,575.64278,25,0.022109,0.071217,1772649161.622853
FP000010,L0_X0_Y2,L0_X1_Y5,24,L1_X0_Y2,574.42358,1.2192,227.42358,228.64278,347.0,575.64278,25,0.022109,0.071217,1772649161.622853
FP000010,L0_X0_Y2,L0_X1_Y5,25,L0_X0_Y2,575.64278,1.2192,228.64278,228.64278,347.0,575.64278,25,0.022109,0.071217,1772649161.622853
FP000011,L0_X14_Y6,L0_X7_Y3,0,L0_X14_Y6,355.0,0.0,0.0,410.772438,355.0,765.772438,25,0.159564,0.05367,1772649161.813982
FP000011,L0_X14_Y6,L0_X7_Y3,1,L1_X14_Y6,356.2192,1.2192,1.2192,410.772438,355.0,765.772438,25,0.159564,0.05367,1772649161.813982
FP000011,L0_X14_Y6,L0_X7_Y3,2,L2_X14_Y6,357.4384,1.2192,2.4384,410.772438,355.0,765.772438,25,0.159564,0.05367,1772649161.813982
FP000011,L0_X14_Y6,L0_X7_Y3,3,L2_X14_Y5,373.453013,16.014613,18.453013,410.772438,355.0,765.772438,25,0.159564,0.05367,1772649161.813982
FP000011,L0_X14_Y6,L0_X7_Y3,4,L2_X14_Y4,389.467629,16.014617,34.467629,410.772438,355.0,765.772438,25,0.159564,0.05367,1772649161.813982
FP000011,L0_X14_Y6,L0_X7_Y3,5,L2_X13_Y4,405.462573,15.994944,50.462573,410.772438,355.0,765.772438,25,0.159564,0.05367,1772649161.813982
FP000011,L0_X14_Y6,L0_X7_Y3,6,L1_X13_Y4,406.681773,1.2192,51.681773,410.772438,355.0,765.772438,25,0.159564,0.05367,1772649161.813982
FP000011,L0_X14_Y6,L0_X7_Y3,7,L1_X12_Y4,422.676709,15.994935,67.676709,410.772438,355.0,765.772438,25,0.159564,0.05367,1772649161.813982
FP000011,L0_X14_Y6,L0_X7_Y3,8,L1_X11_Y4,438.671635,15.994927,83.671635,410.772438,355.0,765.772438,25,0.159564,0.05367,1772649161.813982
FP000011,L0_X14_Y6,L0_X7_Y3,9,L1_X11_Y3,454.688495,16.016859,99.688495,410.772438,355.0,765.772438,25,0.159564,0.05367,1772649161.813982
FP000011,L0_X14_Y6,L0_X7_Y3,10,L1_X10_Y3,470.683417,15.994922,115.683417,410.772438,355.0,765.772438,25,0.159564,0.05367,1772649161.813982
FP000011,L0_X14_Y6,L0_X7_Y3,11,L1_X9_Y3,486.678331,15.994914,131.678331,410.772438,355.0,765.772438,25,0.159564,0.05367,1772649161.813982
FP000011,L0_X14_Y6,L0_X7_Y3,12,L1_X8_Y3,502.673236,15.994905,147.673236,410.772438,355.0,765.772438,25,0.159564,0.05367,1772649161.813982
FP000011,L0_X14_Y6,L0_X7_Y3,13,L1_X7_Y3,518.668132,15.994896,163.668132,410.772438,355.0,765.772438,25,0.159564,0.05367,1772649161.813982
FP000011,L0_X14_Y6,L0_X7_Y3,14,L0_X7_Y3,519.887332,1.2192,164.887332,410.772438,355.0,765.772438,25,0.159564,0.05367,1772649161.813982
FP000011,L0_X14_Y6,L0_X7_Y3,15,L0_X7_Y3,579.887332,60.0,224.887332,410.772438,355.0,765.772438,25,0.159564,0.05367,1772649161.813982
FP000011,L0_X14_Y6,L0_X7_Y3,16,L1_X7_Y3,602.106532,22.2192,247.106532,410.772438,355.0,765.772438,25,0.159564,0.05367,1772649161.813982
FP000011,L0_X14_Y6,L0_X7_Y3,17,L1_X8_Y3,618.101429,15.994896,263.101429,410.772438,355.0,765.772438,25,0.159564,0.05367,1772649161.813982
FP000011,L0_X14_Y6,L0_X7_Y3,18,L1_X9_Y3,634.096334,15.994905,279.096334,410.772438,355.0,765.772438,25,0.159564,0.05367,1772649161.813982
FP000011,L0_X14_Y6,L0_X7_Y3,19,L2_X9_Y3,635.315534,1.2192,280.315534,410.772438,355.0,765.772438,25,0.159564,0.05367,1772649161.813982
FP000011,L0_X14_Y6,L0_X7_Y3,20,L2_X10_Y3,651.310447,15.994914,296.310447,410.772438,355.0,765.772438,25,0.159564,0.05367,1772649161.813982
FP000011,L0_X14_Y6,L0_X7_Y3,21,L2_X11_Y3,667.305369,15.994922,312.305369,410.772438,355.0,765.772438,25,0.159564,0.05367,1772649161.813982
FP000011,L0_X14_Y6,L0_X7_Y3,22,L2_X12_Y3,683.3003,15.994931,328.3003,410.772438,355.0,765.772438,25,0.159564,0.05367,1772649161.813982
FP000011,L0_X14_Y6,L0_X7_Y3,23,L2_X13_Y3,699.29524,15.99494,344.29524,410.772438,355.0,765.772438,25,0.159564,0.05367,1772649161.813982
FP000011,L0_X14_Y6,L0_X7_Y3,24,L2_X14_Y3,715.290188,15.994948,360.290188,410.772438,355.0,765.772438,25,0.159564,0.05367,1772649161.813982
FP000011,L0_X14_Y6,L0_X7_Y3,25,L2_X14_Y4,731.304809,16.014621,376.304809,410.772438,355.0,765.772438,25,0.159564,0.05367,1772649161.813982
FP000011,L0_X14_Y6,L0_X7_Y3,26,L2_X14_Y5,747.319426,16.014617,392.319426,410.772438,355.0,765.772438,25,0.159564,0.05367,1772649161.813982
FP000011,L0_X14_Y6,L0_X7_Y3,27,L2_X14_Y6,763.334038,16.014613,408.334038,410.772438,355.0,765.772438,25,0.159564,0.05367,1772649161.813982
FP000011,L0_X14_Y6,L0_X7_Y3,28,L1_X14_Y6,764.553238,1.2192,409.553238,410.772438,355.0,765.772438,25,0.159564,0.05367,1772649161.813982
FP000011,L0_X14_Y6,L0_X7_Y3,29,L0_X14_Y6,765.772438,1.2192,410.772438,410.772438,355.0,765.772438,25,0.159564,0.05367,1772649161.813982
FP000012,L0_X0_Y2,L0_X9_Y4,0,L0_X0_Y2,368.0,0.0,0.0,448.742916,362.0,810.742916,25,0.103713,0.20158,1772649161.959699
FP000012,L0_X0_Y2,L0_X9_Y4,1,L1_X0_Y2,369.2192,1.2192,7.2192,448.742916,362.0,810.742916,25,0.103713,0.20158,1772649161.959699
FP000012,L0_X0_Y2,L0_X9_Y4,2,L2_X0_Y2,370.4384,1.2192,8.4384,448.742916,362.0,810.742916,25,0.103713,0.20158,1772649161.959699
FP000012,L0_X0_Y2,L0_X9_Y4,3,L2_X0_Y3,386.463467,16.025067,24.463467,448.742916,362.0,810.742916,25,0.103713,0.20158,1772649161.959699
FP000012,L0_X0_Y2,L0_X9_Y4,4,L2_X1_Y3,402.458303,15.994836,40.458303,448.742916,362.0,810.742916,25,0.103713,0.20158,1772649161.959699
FP000012,L0_X0_Y2,L0_X9_Y4,5,L2_X2_Y3,418.453148,15.994845,56.453148,448.742916,362.0,810.742916,25,0.103713,0.20158,1772649161.959699
FP000012,L0_X0_Y2,L0_X9_Y4,6,L2_X3_Y3,434.448001,15.994853,72.448001,448.742916,362.0,810.742916,25,0.103713,0.20158,1772649161.959699
FP000012,L0_X0_Y2,L0_X9_Y4,7,L2_X4_Y3,450.442863,15.994862,88.442863,448.742916,362.0,810.742916,25,0.103713,0.20158,1772649161.959699
FP000012,L0_X0_Y2,L0_X9_Y4,8,L2_X5_Y3,466.437733,15.994871,104.437733,448.742916,362.0,810.742916,25,0.103713,0.20158,1772649161.959699
FP000012,L0_X0_Y2,L0_X9_Y4,9,L2_X6_Y3,482.432612,15.994879,120.432612,448.742916,362.0,810.742916,25,0.103713,0.20158,1772649161.959699
FP000012,L0_X0_Y2,L0_X9_Y4,10,L2_X7_Y3,498.4275,15.994888,136.4275,448.742916,362.0,810.742916,25,0.103713,0.20158,1772649161.959699
FP000012,L0_X0_Y2,L0_X9_Y4,11,L2_X8_Y3,514.422397,15.994896,152.422397,448.742916,362.0,810.742916,25,0.103713,0.20158,1772649161.959699
FP000012,L0_X0_Y2,L0_X9_Y4,12,L2_X9_Y3,530.417302,15.994905,168.417302,448.742916,362.0,810.742916,25,0.103713,0.20158,1772649161.959699
FP000012,L0_X0_Y2,L0_X9_Y4,13,L2_X9_Y4,546.435653,16.018351,184.435653,448.742916,362.0,810.742916,25,0.103713,0.20158,1772649161.959699
FP000012,L0_X0_Y2,L0_X9_Y4,14,L1_X9_Y4,547.654853,1.2192,185.654853,448.742916,362.0,810.742916,25,0.103713,0.20158,1772649161.959699
FP000012,L0_X0_Y2,L0_X9_Y4,15,L0_X9_Y4,548.874053,1.2192,186.874053,448.742916,362.0,810.742916,25,0.103713,0.20158,1772649161.959699
FP000012,L0_X0_Y2,L0_X9_Y4,16,L0_X9_Y4,608.874053,60.0,246.874053,448.742916,362.0,810.742916,25,0.103713,0.20158,1772649161.959699
FP000012,L0_X0_Y2,L0_X9_Y4,17,L1_X9_Y4,631.093253,22.2192,269.093253,448.742916,362.0,810.742916,25,0.103713,0.20158,1772649161.959699
FP000012,L0_X0_Y2,L0_X9_Y4,18,L2_X9_Y4,632.312453,1.2192,270.312453,448.742916,362.0,810.742916,25,0.103713,0.20158,1772649161.959699
FP000012,L0_X0_Y2,L0_X9_Y4,19,L2_X8_Y4,648.307354,15.994901,286.307354,448.742916,362.0,810.742916,25,0.103713,0.20158,1772649161.959699
FP000012,L0_X0_Y2,L0_X9_Y4,20,L2_X8_Y3,664.326451,16.019097,302.326451,448.742916,362.0,810.742916,25,0.103713,0.20158,1772649161.959699
FP000012,L0_X0_Y2,L0_X9_Y4,21,L2_X8_Y2,680.345553,16.019102,318.345553,448.742916,362.0,810.742916,25,0.103713,0.20158,1772649161.959699
FP000012,L0_X0_Y2,L0_X9_Y4,22,L2_X7_Y2,696.340453,15.994901,334.340453,448.742916,362.0,810.742916,25,0.103713,0.20158,1772649161.959699
FP000012,L0_X0_Y2,L0_X9_Y4,23,L2_X6_Y2,712.335345,15.994892,350.335345,448.742916,362.0,810.742916,25,0.103713,0.20158,1772649161.959699
FP000012,L0_X0_Y2,L0_X9_Y4,24,L2_X5_Y2,728.330228,15.994883,366.330228,448.742916,362.0,810.742916,25,0.103713,0.20158,1772649161.959699
FP000012,L0_X0_Y2,L0_X9_Y4,25,L2_X4_Y2,744.325103,15.994875,382.325103,448.742916,362.0,810.742916,25,0.103713,0.20158,1772649161.959699
FP000012,L0_X0_Y2,L0_X9_Y4,26,L2_X3_Y2,760.319969,15.994866,398.319969,448.742916,362.0,810.742916,25,0.103713,0.20158,1772649161.959699
FP000012,L0_X0_Y2,L0_X9_Y4,27,L2_X2_Y2,776.314827,15.994857,414.314827,448.742916,362.0,810.742916,25,0.103713,0.20158,1772649161.959699
FP000012,L0_X0_Y2,L0_X9_Y4,28,L2_X1_Y2,792.309675,15.994849,430.309675,448.742916,362.0,810.742916,25,0.103713,0.20158,1772649161.959699
FP000012,L0_X0_Y2,L0_X9_Y4,29,L2_X0_Y2,808.304516,15.99484,446.304516,448.742916,362.0,810.742916,25,0.103713,0.20158,1772649161.959699
FP000012,L0_X0_Y2,L0_X9_Y4,30,L1_X0_Y2,809.523716,1.2192,447.523716,448.742916,362.0,810.742916,25,0.103713,0.20158,1772649161.959699
FP000012,L0_X0_Y2,L0_X9_Y4,31,L0_X0_Y2,810.742916,1.2192,448.742916,448.742916,362.0,810.742916,25,0.103713,0.20158,1772649161.959699
FP000013,L0_X14_Y6,L0_X11_Y5,0,L0_X14_Y6,376.0,0.0,0.0,282.153038,376.0,658.153038,25,1.477139,0.143887,1772649163.479011
FP000013,L0_X14_Y6,L0_X11_Y5,1,L1_X14_Y6,377.2192,1.2192,1.2192,282.153038,376.0,658.153038,25,1.477139,0.143887,1772649163.479011
FP000013,L0_X14_Y6,L0_X11_Y5,2,L2_X14_Y6,378.4384,1.2192,2.4384,282.153038,376.0,658.153038,25,1.477139,0.143887,1772649163.479011
FP000013,L0_X14_Y6,L0_X11_Y5,3,L2_X13_Y6,394.433336,15.994936,18.433336,282.153038,376.0,658.153038,25,1.477139,0.143887,1772649163.479011
FP000013,L0_X14_Y6,L0_X11_Y5,4,L2_X12_Y6,410.428263,15.994927,34.428263,282.153038,376.0,658.153038,25,1.477139,0.143887,1772649163.479011
FP000013,L0_X14_Y6,L0_X11_Y5,5,L2_X11_Y6,426.423181,15.994918,50.423181,282.153038,376.0,658.153038,25,1.477139,0.143887,1772649163.479011
FP000013,L0_X14_Y6,L0_X11_Y5,6,L2_X11_Y5,442.440032,16.016851,66.440032,282.153038,376.0,658.153038,25,1.477139,0.143887,1772649163.479011
FP000013,L0_X14_Y6,L0_X11_Y5,7,L1_X11_Y5,443.659232,1.2192,67.659232,282.153038,376.0,658.153038,25,1.477139,0.143887,1772649163.479011
FP000013,L0_X14_Y6,L0_X11_Y5,8,L0_X11_Y5,444.878432,1.2192,68.878432,282.153038,376.0,658.153038,25,1.477139,0.143887,1772649163.479011
FP000013,L0_X14_Y6,L0_X11_Y5,9,L0_X11_Y5,504.878432,60.0,128.878432,282.153038,376.0,658.153038,25,1.477139,0.143887,1772649163.479011
FP000013,L0_X14_Y6,L0_X11_Y5,10,L1_X11_Y5,527.097632,22.2192,151.097632,282.153038,376.0,658.153038,25,1.477139,0.143887,1772649163.479011
FP000013,L0_X14_Y6,L0_X11_Y5,11,L0_X11_Y5,528.316832,1.2192,152.316832,282.153038,376.0,658.153038,25,1.477139,0.143887,1772649163.479011
FP000013,L0_X14_Y6,L0_X11_Y5,12,L1_X11_Y5,529.536032,1.2192,153.536032,282.153038,376.0,658.153038,25,1.477139,0.143887,1772649163.479011
FP000013,L0_X14_Y6,L0_X11_Y5,13,L0_X11_Y5,530.755232,1.2192,154.755232,282.153038,376.0,658.153038,25,1.477139,0.143887,1772649163.479011
FP000013,L0_X14_Y6,L0_X11_Y5,14,L1_X11_Y5,531.974432,1.2192,155.974432,282.153038,376.0,658.153038,25,1.477139,0.143887,1772649163.479011
FP000013,L0_X14_Y6,L0_X11_Y5,15,L2_X11_Y5,533.193632,1.2192,157.193632,282.153038,376.0,658.153038,25,1.477139,0.143887,1772649163.479011
FP000013,L0_X14_Y6,L0_X11_Y5,16,L1_X11_Y5,534.412832,1.2192,158.412832,282.153038,376.0,658.153038,25,1.477139,0.143887,1772649163.479011
FP000013,L0_X14_Y6,L0_X11_Y5,17,L2_X11_Y5,535.632032,1.2192,159.632032,282.153038,376.0,658.153038,25,1.477139,0.143887,1772649163.479011
FP000013,L0_X14_Y6,L0_X11_Y5,18,L1_X11_Y5,536.851232,1.2192,160.851232,282.153038,376.0,658.153038,25,1.477139,0.143887,1772649163.479011
FP000013,L0_X14_Y6,L0_X11_Y5,19,L2_X11_Y5,538.070432,1.2192,162.070432,282.153038,376.0,658.153038,25,1.477139,0.143887,1772649163.479011
FP000013,L0_X14_Y6,L0_X11_Y5,20,L1_X11_Y5,539.289632,1.2192,163.289632,282.153038,376.0,658.153038,25,1.477139,0.143887,1772649163.479011
FP000013,L0_X14_Y6,L0_X11_Y5,21,L2_X11_Y5,540.508832,1.2192,164.508832,282.153038,376.0,658.153038,25,1.477139,0.143887,1772649163.479011
FP000013,L0_X14_Y6,L0_X11_Y5,22,L1_X11_Y5,541.728032,1.2192,165.728032,282.153038,376.0,658.153038,25,1.477139,0.143887,1772649163.479011
FP000013,L0_X14_Y6,L0_X11_Y5,23,L2_X11_Y5,542.947232,1.2192,166.947232,282.153038,376.0,658.153038,25,1.477139,0.143887,1772649163.479011
FP000013,L0_X14_Y6,L0_X11_Y5,24,L1_X11_Y5,544.166432,1.2192,168.166432,282.153038,376.0,658.153038,25,1.477139,0.143887,1772649163.479011
FP000013,L0_X14_Y6,L0_X11_Y5,25,L2_X11_Y5,545.385632,1.2192,169.385632,282.153038,376.0,658.153038,25,1.477139,0.143887,1772649163.479011
FP000013,L0_X14_Y6,L0_X11_Y5,26,L1_X11_Y5,546.604832,1.2192,170.604832,282.153038,376.0,658.153038,25,1.477139,0.143887,1772649163.479011
FP000013,L0_X14_Y6,L0_X11_Y5,27,L2_X11_Y5,547.824032,1.2192,171.824032,282.153038,376.0,658.153038,25,1.477139,0.143887,1772649163.479011
FP000013,L0_X14_Y6,L0_X11_Y5,28,L1_X11_Y5,549.043232,1.2192,173.043232,282.153038,376.0,658.153038,25,1.477139,0.143887,1772649163.479011
FP000013,L0_X14_Y6,L0_X11_Y5,29,L2_X11_Y5,550.262432,1.2192,174.262432,282.153038,376.0,658.153038,25,1.477139,0.143887,1772649163.479011
FP000013,L0_X14_Y6,L0_X11_Y5,30,L1_X11_Y5,551.481632,1.2192,175.481632,282.153038,376.0,658.153038,25,1.477139,0.143887,1772649163.479011
FP000013,L0_X14_Y6,L0_X11_Y5,31,L2_X11_Y5,552.700832,1.2192,176.700832,282.153038,376.0,658.153038,25,1.477139,0.143887,1772649163.479011
FP000013,L0_X14_Y6,L0_X11_Y5,32,L1_X11_Y5,553.920032,1.2192,177.920032,282.153038,376.0,658.153038,25,1.477139,0.143887,1772649163.479011
FP000013,L0_X14_Y6,L0_X11_Y5,33,L2_X11_Y5,555.139232,1.2192,179.139232,282.153038,376.0,658.153038,25,1.477139,0.143887,1772649163.479011
FP000013,L0_X14_Y6,L0_X11_Y5,34,L1_X11_Y5,556.358432,1.2192,180.358432,282.153038,376.0,658.153038,25,1.477139,0.143887,1772649163.479011
FP000013,L0_X14_Y6,L0_X11_Y5,35,L2_X11_Y5,557.577632,1.2192,181.577632,282.153038,376.0,658.153038,25,1.477139,0.143887,1772649163.479011
FP000013,L0_X14_Y6,L0_X11_Y5,36,L1_X11_Y5,558.796832,1.2192,182.796832,282.153038,376.0,658.153038,25,1.477139,0.143887,1772649163.479011
FP000013,L0_X14_Y6,L0_X11_Y5,37,L2_X11_Y5,560.016032,1.2192,184.016032,282.153038,376.0,658.153038,25,1.477139,0.143887,1772649163.479011
FP000013,L0_X14_Y6,L0_X11_Y5,38,L1_X11_Y5,561.235232,1.2192,185.235232,282.153038,376.0,658.153038,25,1.477139,0.143887,1772649163.479011
FP000013,L0_X14_Y6,L0_X11_Y5,39,L2_X11_Y5,562.454432,1.2192,186.454432,282.153038,376.0,658.153038,25,1.477139,0.143887,1772649163.479011
FP000013,L0_X14_Y6,L0_X11_Y5,40,L1_X11_Y5,563.673632,1.2192,187.673632,282.153038,376.0,658.153038,25,1.477139,0.143887,1772649163.479011
FP000013,L0_X14_Y6,L0_X11_Y5,41,L2_X11_Y5,564.892832,1.2192,188.892832,282.153038,376.0,658.153038,25,1.477139,0.143887,1772649163.479011
FP000013,L0_X14_Y6,L0_X11_Y5,42,L1_X11_Y5,566.112032,1.2192,190.112032,282.153038,376.0,658.153038,25,1.477139,0.143887,1772649163.479011
FP000013,L0_X14_Y6,L0_X11_Y5,43,L2_X11_Y5,567.331232,1.2192,191.331232,282.153038,376.0,658.153038,25,1.477139,0.143887,1772649163.479011
FP000013,L0_X14_Y6,L0_X11_Y5,44,L1_X11_Y5,568.550432,1.2192,192.550432,282.153038,376.0,658.153038,25,1.477139,0.143887,1772649163.479011
FP000013,L0_X14_Y6,L0_X11_Y5,45,L2_X11_Y5,569.769632,1.2192,193.769632,282.153038,376.0,658.153038,25,1.477139,0.143887,1772649163.479011
FP000013,L0_X14_Y6,L0_X11_Y5,46,L1_X11_Y5,570.988832,1.2192,194.988832,282.153038,376.0,658.153038,25,1.477139,0.143887,1772649163.479011
FP000013,L0_X14_Y6,L0_X11_Y5,47,L2_X11_Y5,572.208032,1.2192,196.208032,282.153038,376.0,658.153038,25,1.477139,0.143887,1772649163.479011
FP000013,L0_X14_Y6,L0_X11_Y5,48,L1_X11_Y5,573.427232,1.2192,197.427232,282.153038,376.0,658.153038,25,1.477139,0.143887,1772649163.479011
FP000013,L0_X14_Y6,L0_X11_Y5,49,L2_X11_Y5,574.646432,1.2192,198.646432,282.153038,376.0,658.153038,25,1.477139,0.143887,1772649163.479011
FP000013,L0_X14_Y6,L0_X11_Y5,50,L1_X11_Y5,575.865632,1.2192,199.865632,282.153038,376.0,658.153038,25,1.477139,0.143887,1772649163.479011
FP000013,L0_X14_Y6,L0_X11_Y5,51,L2_X11_Y5,577.084832,1.2192,201.084832,282.153038,376.0,658.153038,25,1.477139,0.143887,1772649163.479011
FP000013,L0_X14_Y6,L0_X11_Y5,52,L1_X11_Y5,578.304032,1.2192,202.304032,282.153038,376.0,658.153038,25,1.477139,0.143887,1772649163.479011
FP000013,L0_X14_Y6,L0_X11_Y5,53,L2_X11_Y5,579.523232,1.2192,203.523232,282.153038,376.0,658.153038,25,1.477139,0.143887,1772649163.479011
FP000013,L0_X14_Y6,L0_X11_Y5,54,L1_X11_Y5,580.742432,1.2192,204.742432,282.153038,376.0,658.153038,25,1.477139,0.143887,1772649163.479011
FP000013,L0_X14_Y6,L0_X11_Y5,55,L2_X11_Y5,581.961632,1.2192,205.961632,282.153038,376.0,658.153038,25,1.477139,0.143887,1772649163.479011
FP000013,L0_X14_Y6,L0_X11_Y5,56,L1_X11_Y5,583.180832,1.2192,207.180832,282.153038,376.0,658.153038,25,1.477139,0.143887,1772649163.479011
FP000013,L0_X14_Y6,L0_X11_Y5,57,L2_X11_Y5,584.400032,1.2192,208.400032,282.153038,376.0,658.153038,25,1.477139,0.143887,1772649163.479011
FP000013,L0_X14_Y6,L0_X11_Y5,58,L1_X11_Y5,585.619232,1.2192,209.619232,282.153038,376.0,658.153038,25,1.477139,0.143887,1772649163.479011
FP000013,L0_X14_Y6,L0_X11_Y5,59,L2_X11_Y5,586.838432,1.2192,210.838432,282.153038,376.0,658.153038,25,1.477139,0.143887,1772649163.479011
FP000013,L0_X14_Y6,L0_X11_Y5,60,L1_X11_Y5,588.057632,1.2192,212.057632,282.153038,376.0,658.153038,25,1.477139,0.143887,1772649163.479011
FP000013,L0_X14_Y6,L0_X11_Y5,61,L2_X11_Y5,589.276832,1.2192,213.276832,282.153038,376.0,658.153038,25,1.477139,0.143887,1772649163.479011
FP000013,L0_X14_Y6,L0_X11_Y5,62,L3_X11_Y5,590.496032,1.2192,214.496032,282.153038,376.0,658.153038,25,1.477139,0.143887,1772649163.479011
FP000013,L0_X14_Y6,L0_X11_Y5,63,L3_X12_Y5,606.490954,15.994923,230.490954,282.153038,376.0,658.153038,25,1.477139,0.143887,1772649163.479011
FP000013,L0_X14_Y6,L0_X11_Y5,64,L3_X13_Y5,622.485885,15.994931,246.485885,282.153038,376.0,658.153038,25,1.477139,0.143887,1772649163.479011
FP000013,L0_X14_Y6,L0_X11_Y5,65,L3_X14_Y5,638.480825,15.99494,262.480825,282.153038,376.0,658.153038,25,1.477139,0.143887,1772649163.479011
FP000013,L0_X14_Y6,L0_X11_Y5,66,L3_X14_Y6,654.495438,16.014613,278.495438,282.153038,376.0,658.153038,25,1.477139,0.143887,1772649163.479011
FP000013,L0_X14_Y6,L0_X11_Y5,67,L2_X14_Y6,655.714638,1.2192,279.714638,282.153038,376.0,658.153038,25,1.477139,0.143887,1772649163.479011
FP000013,L0_X14_Y6,L0_X11_Y5,68,L1_X14_Y6,656.933838,1.2192,280.933838,282.153038,376.0,658.153038,25,1.477139,0.143887,1772649163.479011
FP000013,L0_X14_Y6,L0_X11_Y5,69,L0_X14_Y6,658.153038,1.2192,282.153038,282.153038,376.0,658.153038,25,1.477139,0.143887,1772649163.479011
FP000014,L0_X0_Y2,L0_X8_Y3,0,L0_X0_Y2,443.0,0.0,0.0,437.465554,394.0,831.465554,25,0.709873,1.56531,1772649164.277576
FP000014,L0_X0_Y2,L0_X8_Y3,1,L1_X0_Y2,444.2192,1.2192,50.2192,437.465554,394.0,831.465554,25,0.709873,1.56531,1772649164.277576
FP000014,L0_X0_Y2,L0_X8_Y3,2,L2_X0_Y2,445.4384,1.2192,51.4384,437.465554,394.0,831.465554,25,0.709873,1.56531,1772649164.277576
FP000014,L0_X0_Y2,L0_X8_Y3,3,L2_X1_Y2,461.43324,15.99484,67.43324,437.465554,394.0,831.465554,25,0.709873,1.56531,1772649164.277576
FP000014,L0_X0_Y2,L0_X8_Y3,4,L2_X2_Y2,477.428089,15.994849,83.428089,437.465554,394.0,831.465554,25,0.709873,1.56531,1772649164.277576
FP000014,L0_X0_Y2,L0_X8_Y3,5,L2_X3_Y2,493.422946,15.994857,99.422946,437.465554,394.0,831.465554,25,0.709873,1.56531,1772649164.277576
FP000014,L0_X0_Y2,L0_X8_Y3,6,L2_X4_Y2,509.417812,15.994866,115.417812,437.465554,394.0,831.465554,25,0.709873,1.56531,1772649164.277576
FP000014,L0_X0_Y2,L0_X8_Y3,7,L2_X5_Y2,525.412687,15.994875,131.412687,437.465554,394.0,831.465554,25,0.709873,1.56531,1772649164.277576
FP000014,L0_X0_Y2,L0_X8_Y3,8,L2_X5_Y3,541.434026,16.021339,147.434026,437.465554,394.0,831.465554,25,0.709873,1.56531,1772649164.277576
FP000014,L0_X0_Y2,L0_X8_Y3,9,L2_X6_Y3,557.428905,15.994879,163.428905,437.465554,394.0,831.465554,25,0.709873,1.56531,1772649164.277576
FP000014,L0_X0_Y2,L0_X8_Y3,10,L2_X7_Y3,573.423793,15.994888,179.423793,437.465554,394.0,831.465554,25,0.709873,1.56531,1772649164.277576
FP000014,L0_X0_Y2,L0_X8_Y3,11,L2_X8_Y3,589.41869,15.994896,195.41869,437.465554,394.0,831.465554,25,0.709873,1.56531,1772649164.277576
FP000014,L0_X0_Y2,L0_X8_Y3,12,L1_X8_Y3,590.63789,1.2192,196.63789,437.465554,394.0,831.465554,25,0.709873,1.56531,1772649164.277576
FP000014,L0_X0_Y2,L0_X8_Y3,13,L0_X8_Y3,591.85709,1.2192,197.85709,437.465554,394.0,831.465554,25,0.709873,1.56531,1772649164.277576
FP000014,L0_X0_Y2,L0_X8_Y3,14,L0_X8_Y3,651.85709,60.0,257.85709,437.465554,394.0,831.465554,25,0.709873,1.56531,1772649164.277576
FP000014,L0_X0_Y2,L0_X8_Y3,15,L1_X8_Y3,674.07629,22.2192,280.07629,437.465554,394.0,831.465554,25,0.709873,1.56531,1772649164.277576
FP000014,L0_X0_Y2,L0_X8_Y3,16,L0_X8_Y3,675.29549,1.2192,281.29549,437.465554,394.0,831.465554,25,0.709873,1.56531,1772649164.277576
FP000014,L0_X0_Y2,L0_X8_Y3,17,L1_X8_Y3,676.51469,1.2192,282.51469,437.465554,394.0,831.465554,25,0.709873,1.56531,1772649164.277576
FP000014,L0_X0_Y2,L0_X8_Y3,18,L0_X8_Y3,677.73389,1.2192,283.73389,437.465554,394.0,831.465554,25,0.709873,1.56531,1772649164.277576
FP000014,L0_X0_Y2,L0_X8_Y3,19,L1_X8_Y3,678.95309,1.2192,284.95309,437.465554,394.0,831.465554,25,0.709873,1.56531,1772649164.277576
FP000014,L0_X0_Y2,L0_X8_Y3,20,L0_X8_Y3,680.17229,1.2192,286.17229,437.465554,394.0,831.465554,25,0.709873,1.56531,1772649164.277576
FP000014,L0_X0_Y2,L0_X8_Y3,21,L1_X8_Y3,681.39149,1.2192,287.39149,437.465554,394.0,831.465554,25,0.709873,1.56531,1772649164.277576
FP000014,L0_X0_Y2,L0_X8_Y3,22,L0_X8_Y3,682.61069,1.2192,288.61069,437.465554,394.0,831.465554,25,0.709873,1.56531,1772649164.277576
FP000014,L0_X0_Y2,L0_X8_Y3,23,L1_X8_Y3,683.82989,1.2192,289.82989,437.465554,394.0,831.465554,25,0.709873,1.56531,1772649164.277576
FP000014,L0_X0_Y2,L0_X8_Y3,24,L2_X8_Y3,685.04909,1.2192,291.04909,437.465554,394.0,831.465554,25,0.709873,1.56531,1772649164.277576
FP000014,L0_X0_Y2,L0_X8_Y3,25,L2_X8_Y2,701.068191,16.019102,307.068191,437.465554,394.0,831.465554,25,0.709873,1.56531,1772649164.277576
FP000014,L0_X0_Y2,L0_X8_Y3,26,L2_X7_Y2,717.063092,15.994901,323.063092,437.465554,394.0,831.465554,25,0.709873,1.56531,1772649164.277576
FP000014,L0_X0_Y2,L0_X8_Y3,27,L2_X6_Y2,733.057984,15.994892,339.057984,437.465554,394.0,831.465554,25,0.709873,1.56531,1772649164.277576
FP000014,L0_X0_Y2,L0_X8_Y3,28,L2_X5_Y2,749.052867,15.994883,355.052867,437.465554,394.0,831.465554,25,0.709873,1.56531,1772649164.277576
FP000014,L0_X0_Y2,L0_X8_Y3,29,L2_X4_Y2,765.047742,15.994875,371.047742,437.465554,394.0,831.465554,25,0.709873,1.56531,1772649164.277576
FP000014,L0_X0_Y2,L0_X8_Y3,30,L2_X3_Y2,781.042608,15.994866,387.042608,437.465554,394.0,831.465554,25,0.709873,1.56531,1772649164.277576
FP000014,L0_X0_Y2,L0_X8_Y3,31,L2_X2_Y2,797.037465,15.994857,403.037465,437.465554,394.0,831.465554,25,0.709873,1.56531,1772649164.277576
FP000014,L0_X0_Y2,L0_X8_Y3,32,L2_X1_Y2,813.032314,15.994849,419.032314,437.465554,394.0,831.465554,25,0.709873,1.56531,1772649164.277576
FP000014,L0_X0_Y2,L0_X8_Y3,33,L2_X0_Y2,829.027154,15.99484,435.027154,437.465554,394.0,831.465554,25,0.709873,1.56531,1772649164.277576
FP000014,L0_X0_Y2,L0_X8_Y3,34,L1_X0_Y2,830.246354,1.2192,436.246354,437.465554,394.0,831.465554,25,0.709873,1.56531,1772649164.277576
FP000014,L0_X0_Y2,L0_X8_Y3,35,L0_X0_Y2,831.465554,1.2192,437.465554,437.465554,394.0,831.465554,25,0.709873,1.56531,1772649164.277576
FP000015,L0_X0_Y2,L0_X6_Y2,0,L0_X0_Y2,464.0,0.0,0.0,309.130341,440.0,749.130341,25,0.063022,0.758994,1772649164.390716
FP000015,L0_X0_Y2,L0_X6_Y2,1,L1_X0_Y2,465.2192,1.2192,25.2192,309.130341,440.0,749.130341,25,0.063022,0.758994,1772649164.390716
FP000015,L0_X0_Y2,L0_X6_Y2,2,L2_X0_Y2,466.4384,1.2192,26.4384,309.130341,440.0,749.130341,25,0.063022,0.758994,1772649164.390716
FP000015,L0_X0_Y2,L0_X6_Y2,3,L2_X1_Y2,482.43324,15.99484,42.43324,309.130341,440.0,749.130341,25,0.063022,0.758994,1772649164.390716
FP000015,L0_X0_Y2,L0_X6_Y2,4,L2_X2_Y2,498.428089,15.994849,58.428089,309.130341,440.0,749.130341,25,0.063022,0.758994,1772649164.390716
FP000015,L0_X0_Y2,L0_X6_Y2,5,L2_X3_Y2,514.422946,15.994857,74.422946,309.130341,440.0,749.130341,25,0.063022,0.758994,1772649164.390716
FP000015,L0_X0_Y2,L0_X6_Y2,6,L3_X3_Y2,515.642146,1.2192,75.642146,309.130341,440.0,749.130341,25,0.063022,0.758994,1772649164.390716
FP000015,L0_X0_Y2,L0_X6_Y2,7,L3_X4_Y2,531.637012,15.994866,91.637012,309.130341,440.0,749.130341,25,0.063022,0.758994,1772649164.390716
FP000015,L0_X0_Y2,L0_X6_Y2,8,L3_X5_Y2,547.631887,15.994875,107.631887,309.130341,440.0,749.130341,25,0.063022,0.758994,1772649164.390716
FP000015,L0_X0_Y2,L0_X6_Y2,9,L3_X6_Y2,563.626771,15.994883,123.626771,309.130341,440.0,749.130341,25,0.063022,0.758994,1772649164.390716
FP000015,L0_X0_Y2,L0_X6_Y2,10,L2_X6_Y2,564.845971,1.2192,124.845971,309.130341,440.0,749.130341,25,0.063022,0.758994,1772649164.390716
FP000015,L0_X0_Y2,L0_X6_Y2,11,L1_X6_Y2,566.065171,1.2192,126.065171,309.130341,440.0,749.130341,25,0.063022,0.758994,1772649164.390716
FP000015,L0_X0_Y2,L0_X6_Y2,12,L0_X6_Y2,567.284371,1.2192,127.284371,309.130341,440.0,749.130341,25,0.063022,0.758994,1772649164.390716
FP000015,L0_X0_Y2,L0_X6_Y2,13,L0_X6_Y2,627.284371,60.0,187.284371,309.130341,440.0,749.130341,25,0.063022,0.758994,1772649164.390716
FP000015,L0_X0_Y2,L0_X6_Y2,14,L1_X6_Y2,649.503571,22.2192,209.503571,309.130341,440.0,749.130341,25,0.063022,0.758994,1772649164.390716
FP000015,L0_X0_Y2,L0_X6_Y2,15,L2_X6_Y2,650.722771,1.2192,210.722771,309.130341,440.0,749.130341,25,0.063022,0.758994,1772649164.390716
FP000015,L0_X0_Y2,L0_X6_Y2,16,L2_X5_Y2,666.717654,15.994883,226.717654,309.130341,440.0,749.130341,25,0.063022,0.758994,1772649164.390716
FP000015,L0_X0_Y2,L0_X6_Y2,17,L2_X4_Y2,682.712529,15.994875,242.712529,309.130341,440.0,749.130341,25,0.063022,0.758994,1772649164.390716
FP000015,L0_X0_Y2,L0_X6_Y2,18,L2_X3_Y2,698.707395,15.994866,258.707395,309.130341,440.0,749.130341,25,0.063022,0.758994,1772649164.390716
FP000015,L0_X0_Y2,L0_X6_Y2,19,L2_X2_Y2,714.702252,15.994857,274.702252,309.130341,440.0,749.130341,25,0.063022,0.758994,1772649164.390716
FP000015,L0_X0_Y2,L0_X6_Y2,20,L2_X1_Y2,730.697101,15.994849,290.697101,309.130341,440.0,749.130341,25,0.063022,0.758994,1772649164.390716
FP000015,L0_X0_Y2,L0_X6_Y2,21,L2_X0_Y2,746.691941,15.99484,306.691941,309.130341,440.0,749.130341,25,0.063022,0.758994,1772649164.390716
FP000015,L0_X0_Y2,L0_X6_Y2,22,L1_X0_Y2,747.911141,1.2192,307.911141,309.130341,440.0,749.130341,25,0.063022,0.758994,1772649164.390716
FP000015,L0_X0_Y2,L0_X6_Y2,23,L0_X0_Y2,749.130341,1.2192,309.130341,309.130341,440.0,749.130341,25,0.063022,0.758994,1772649164.390716
FP000016,L0_X0_Y2,L0_X9_Y1,0,L0_X0_Y2,485.0,0.0,0.0,458.136465,440.0,898.136465,25,0.127341,0.09921,1772649164.555712
FP000016,L0_X0_Y2,L0_X9_Y1,1,L1_X0_Y2,486.2192,1.2192,46.2192,458.136465,440.0,898.136465,25,0.127341,0.09921,1772649164.555712
FP000016,L0_X0_Y2,L0_X9_Y1,2,L2_X0_Y2,487.4384,1.2192,47.4384,458.136465,440.0,898.136465,25,0.127341,0.09921,1772649164.555712
FP000016,L0_X0_Y2,L0_X9_Y1,3,L2_X1_Y2,503.43324,15.99484,63.43324,458.136465,440.0,898.136465,25,0.127341,0.09921,1772649164.555712
FP000016,L0_X0_Y2,L0_X9_Y1,4,L2_X2_Y2,519.428089,15.994849,79.428089,458.136465,440.0,898.136465,25,0.127341,0.09921,1772649164.555712
FP000016,L0_X0_Y2,L0_X9_Y1,5,L2_X3_Y2,535.422946,15.994857,95.422946,458.136465,440.0,898.136465,25,0.127341,0.09921,1772649164.555712
FP000016,L0_X0_Y2,L0_X9_Y1,6,L3_X3_Y2,536.642146,1.2192,96.642146,458.136465,440.0,898.136465,25,0.127341,0.09921,1772649164.555712
FP000016,L0_X0_Y2,L0_X9_Y1,7,L3_X4_Y2,552.637012,15.994866,112.637012,458.136465,440.0,898.136465,25,0.127341,0.09921,1772649164.555712
FP000016,L0_X0_Y2,L0_X9_Y1,8,L3_X5_Y2,568.631887,15.994875,128.631887,458.136465,440.0,898.136465,25,0.127341,0.09921,1772649164.555712
FP000016,L0_X0_Y2,L0_X9_Y1,9,L3_X6_Y2,584.626771,15.994883,144.626771,458.136465,440.0,898.136465,25,0.127341,0.09921,1772649164.555712
FP000016,L0_X0_Y2,L0_X9_Y1,10,L3_X7_Y2,600.621662,15.994892,160.621662,458.136465,440.0,898.136465,25,0.127341,0.09921,1772649164.555712
FP000016,L0_X0_Y2,L0_X9_Y1,11,L3_X8_Y2,616.616563,15.994901,176.616563,458.136465,440.0,898.136465,25,0.127341,0.09921,1772649164.555712
FP000016,L0_X0_Y2,L0_X9_Y1,12,L3_X9_Y2,632.611472,15.994909,192.611472,458.136465,440.0,898.136465,25,0.127341,0.09921,1772649164.555712
FP000016,L0_X0_Y2,L0_X9_Y1,13,L3_X9_Y1,648.629832,16.01836,208.629832,458.136465,440.0,898.136465,25,0.127341,0.09921,1772649164.555712
FP000016,L0_X0_Y2,L0_X9_Y1,14,L2_X9_Y1,649.849032,1.2192,209.849032,458.136465,440.0,898.136465,25,0.127341,0.09921,1772649164.555712
FP000016,L0_X0_Y2,L0_X9_Y1,15,L1_X9_Y1,651.068232,1.2192,211.068232,458.136465,440.0,898.136465,25,0.127341,0.09921,1772649164.555712
FP000016,L0_X0_Y2,L0_X9_Y1,16,L0_X9_Y1,652.287432,1.2192,212.287432,458.136465,440.0,898.136465,25,0.127341,0.09921,1772649164.555712
FP000016,L0_X0_Y2,L0_X9_Y1,17,L0_X9_Y1,712.287432,60.0,272.287432,458.136465,440.0,898.136465,25,0.127341,0.09921,1772649164.555712
FP000016,L0_X0_Y2,L0_X9_Y1,18,L1_X9_Y1,734.506632,22.2192,294.506632,458.136465,440.0,898.136465,25,0.127341,0.09921,1772649164.555712
FP000016,L0_X0_Y2,L0_X9_Y1,19,L2_X9_Y1,735.725832,1.2192,295.725832,458.136465,440.0,898.136465,25,0.127341,0.09921,1772649164.555712
FP000016,L0_X0_Y2,L0_X9_Y1,20,L2_X9_Y2,751.744193,16.01836,311.744193,458.136465,440.0,898.136465,25,0.127341,0.09921,1772649164.555712
FP000016,L0_X0_Y2,L0_X9_Y1,21,L2_X8_Y2,767.739102,15.994909,327.739102,458.136465,440.0,898.136465,25,0.127341,0.09921,1772649164.555712
FP000016,L0_X0_Y2,L0_X9_Y1,22,L2_X7_Y2,783.734002,15.994901,343.734002,458.136465,440.0,898.136465,25,0.127341,0.09921,1772649164.555712
FP000016,L0_X0_Y2,L0_X9_Y1,23,L2_X6_Y2,799.728894,15.994892,359.728894,458.136465,440.0,898.136465,25,0.127341,0.09921,1772649164.555712
FP000016,L0_X0_Y2,L0_X9_Y1,24,L2_X5_Y2,815.723778,15.994883,375.723778,458.136465,440.0,898.136465,25,0.127341,0.09921,1772649164.555712
FP000016,L0_X0_Y2,L0_X9_Y1,25,L2_X4_Y2,831.718652,15.994875,391.718652,458.136465,440.0,898.136465,25,0.127341,0.09921,1772649164.555712
FP000016,L0_X0_Y2,L0_X9_Y1,26,L2_X3_Y2,847.713518,15.994866,407.713518,458.136465,440.0,898.136465,25,0.127341,0.09921,1772649164.555712
FP000016,L0_X0_Y2,L0_X9_Y1,27,L2_X2_Y2,863.708376,15.994857,423.708376,458.136465,440.0,898.136465,25,0.127341,0.09921,1772649164.555712
FP000016,L0_X0_Y2,L0_X9_Y1,28,L2_X1_Y2,879.703225,15.994849,439.703225,458.136465,440.0,898.136465,25,0.127341,0.09921,1772649164.555712
FP000016,L0_X0_Y2,L0_X9_Y1,29,L2_X0_Y2,895.698065,15.99484,455.698065,458.136465,440.0,898.136465,25,0.127341,0.09921,1772649164.555712
FP000016,L0_X0_Y2,L0_X9_Y1,30,L1_X0_Y2,896.917265,1.2192,456.917265,458.136465,440.0,898.136465,25,0.127341,0.09921,1772649164.555712
FP000016,L0_X0_Y2,L0_X9_Y1,31,L0_X0_Y2,898.136465,1.2192,458.136465,458.136465,440.0,898.136465,25,0.127341,0.09921,1772649164.555712
FP000017,L0_X14_Y6,L0_X4_Y2,0,L0_X14_Y6,458.0,0.0,0.0,548.789591,448.0,996.789591,25,1.027975,0.172748,1772649165.627621
FP000017,L0_X14_Y6,L0_X4_Y2,1,L1_X14_Y6,459.2192,1.2192,11.2192,548.789591,448.0,996.789591,25,1.027975,0.172748,1772649165.627621
FP000017,L0_X14_Y6,L0_X4_Y2,2,L2_X14_Y6,460.4384,1.2192,12.4384,548.789591,448.0,996.789591,25,1.027975,0.172748,1772649165.627621
FP000017,L0_X14_Y6,L0_X4_Y2,3,L2_X14_Y5,476.453013,16.014613,28.453013,548.789591,448.0,996.789591,25,1.027975,0.172748,1772649165.627621
FP000017,L0_X14_Y6,L0_X4_Y2,4,L1_X14_Y5,477.672213,1.2192,29.672213,548.789591,448.0,996.789591,25,1.027975,0.172748,1772649165.627621
FP000017,L0_X14_Y6,L0_X4_Y2,5,L1_X14_Y4,493.686829,16.014617,45.686829,548.789591,448.0,996.789591,25,1.027975,0.172748,1772649165.627621
FP000017,L0_X14_Y6,L0_X4_Y2,6,L1_X13_Y4,509.681773,15.994944,61.681773,548.789591,448.0,996.789591,25,1.027975,0.172748,1772649165.627621
FP000017,L0_X14_Y6,L0_X4_Y2,7,L1_X12_Y4,525.676709,15.994935,77.676709,548.789591,448.0,996.789591,25,1.027975,0.172748,1772649165.627621
FP000017,L0_X14_Y6,L0_X4_Y2,8,L1_X11_Y4,541.671635,15.994927,93.671635,548.789591,448.0,996.789591,25,1.027975,0.172748,1772649165.627621
FP000017,L0_X14_Y6,L0_X4_Y2,9,L1_X10_Y4,557.666554,15.994918,109.666554,548.789591,448.0,996.789591,25,1.027975,0.172748,1772649165.627621
FP000017,L0_X14_Y6,L0_X4_Y2,10,L1_X9_Y4,573.661463,15.994909,125.661463,548.789591,448.0,996.789591,25,1.027975,0.172748,1772649165.627621
FP000017,L0_X14_Y6,L0_X4_Y2,11,L1_X8_Y4,589.656364,15.994901,141.656364,548.789591,448.0,996.789591,25,1.027975,0.172748,1772649165.627621
FP000017,L0_X14_Y6,L0_X4_Y2,12,L1_X7_Y4,605.651256,15.994892,157.651256,548.789591,448.0,996.789591,25,1.027975,0.172748,1772649165.627621
FP000017,L0_X14_Y6,L0_X4_Y2,13,L1_X6_Y4,621.64614,15.994884,173.64614,548.789591,448.0,996.789591,25,1.027975,0.172748,1772649165.627621
FP000017,L0_X14_Y6,L0_X4_Y2,14,L1_X6_Y3,637.666728,16.020589,189.666728,548.789591,448.0,996.789591,25,1.027975,0.172748,1772649165.627621
FP000017,L0_X14_Y6,L0_X4_Y2,15,L1_X5_Y3,653.661608,15.994879,205.661608,548.789591,448.0,996.789591,25,1.027975,0.172748,1772649165.627621
FP000017,L0_X14_Y6,L0_X4_Y2,16,L1_X4_Y3,669.656478,15.994871,221.656478,548.789591,448.0,996.789591,25,1.027975,0.172748,1772649165.627621
FP000017,L0_X14_Y6,L0_X4_Y2,17,L1_X4_Y2,685.678563,16.022085,237.678563,548.789591,448.0,996.789591,25,1.027975,0.172748,1772649165.627621
FP000017,L0_X14_Y6,L0_X4_Y2,18,L0_X4_Y2,686.897763,1.2192,238.897763,548.789591,448.0,996.789591,25,1.027975,0.172748,1772649165.627621
FP000017,L0_X14_Y6,L0_X4_Y2,19,L0_X4_Y2,746.897763,60.0,298.897763,548.789591,448.0,996.789591,25,1.027975,0.172748,1772649165.627621
FP000017,L0_X14_Y6,L0_X4_Y2,20,L1_X4_Y2,769.116963,22.2192,321.116963,548.789591,448.0,996.789591,25,1.027975,0.172748,1772649165.627621
FP000017,L0_X14_Y6,L0_X4_Y2,21,L1_X4_Y3,785.139048,16.022085,337.139048,548.789591,448.0,996.789591,25,1.027975,0.172748,1772649165.627621
FP000017,L0_X14_Y6,L0_X4_Y2,22,L1_X5_Y3,801.133918,15.994871,353.133918,548.789591,448.0,996.789591,25,1.027975,0.172748,1772649165.627621
FP000017,L0_X14_Y6,L0_X4_Y2,23,L1_X6_Y3,817.128797,15.994879,369.128797,548.789591,448.0,996.789591,25,1.027975,0.172748,1772649165.627621
FP000017,L0_X14_Y6,L0_X4_Y2,24,L1_X7_Y3,833.123685,15.994888,385.123685,548.789591,448.0,996.789591,25,1.027975,0.172748,1772649165.627621
FP000017,L0_X14_Y6,L0_X4_Y2,25,L1_X8_Y3,849.118582,15.994896,401.118582,548.789591,448.0,996.789591,25,1.027975,0.172748,1772649165.627621
FP000017,L0_X14_Y6,L0_X4_Y2,26,L1_X9_Y3,865.113487,15.994905,417.113487,548.789591,448.0,996.789591,25,1.027975,0.172748,1772649165.627621
FP000017,L0_X14_Y6,L0_X4_Y2,27,L1_X10_Y3,881.1084,15.994914,433.1084,548.789591,448.0,996.789591,25,1.027975,0.172748,1772649165.627621
FP000017,L0_X14_Y6,L0_X4_Y2,28,L1_X11_Y3,897.103323,15.994922,449.103323,548.789591,448.0,996.789591,25,1.027975,0.172748,1772649165.627621
FP000017,L0_X14_Y6,L0_X4_Y2,29,L1_X12_Y3,913.098253,15.994931,465.098253,548.789591,448.0,996.789591,25,1.027975,0.172748,1772649165.627621
FP000017,L0_X14_Y6,L0_X4_Y2,30,L1_X13_Y3,929.093193,15.99494,481.093193,548.789591,448.0,996.789591,25,1.027975,0.172748,1772649165.627621
FP000017,L0_X14_Y6,L0_X4_Y2,31,L2_X13_Y3,930.312393,1.2192,482.312393,548.789591,448.0,996.789591,25,1.027975,0.172748,1772649165.627621
FP000017,L0_X14_Y6,L0_X4_Y2,32,L2_X14_Y3,946.307341,15.994948,498.307341,548.789591,448.0,996.789591,25,1.027975,0.172748,1772649165.627621
FP000017,L0_X14_Y6,L0_X4_Y2,33,L2_X14_Y4,962.321962,16.014621,514.321962,548.789591,448.0,996.789591,25,1.027975,0.172748,1772649165.627621
FP000017,L0_X14_Y6,L0_X4_Y2,34,L2_X14_Y5,978.336579,16.014617,530.336579,548.789591,448.0,996.789591,25,1.027975,0.172748,1772649165.627621
FP000017,L0_X14_Y6,L0_X4_Y2,35,L2_X14_Y6,994.351191,16.014613,546.351191,548.789591,448.0,996.789591,25,1.027975,0.172748,1772649165.627621
FP000017,L0_X14_Y6,L0_X4_Y2,36,L1_X14_Y6,995.570391,1.2192,547.570391,548.789591,448.0,996.789591,25,1.027975,0.172748,1772649165.627621
FP000017,L0_X14_Y6,L0_X4_Y2,37,L0_X14_Y6,996.789591,1.2192,548.789591,548.789591,448.0,996.789591,25,1.027975,0.172748,1772649165.627621
FP000018,L0_X0_Y2,L0_X4_Y1,0,L0_X0_Y2,506.0,0.0,0.0,274.387004,497.0,771.387004,25,0.226223,1.07622,1772649165.903738
FP000018,L0_X0_Y2,L0_X4_Y1,1,L1_X0_Y2,507.2192,1.2192,10.2192,274.387004,497.0,771.387004,25,0.226223,1.07622,1772649165.903738
FP000018,L0_X0_Y2,L0_X4_Y1,2,L2_X0_Y2,508.4384,1.2192,11.4384,274.387004,497.0,771.387004,25,0.226223,1.07622,1772649165.903738
FP000018,L0_X0_Y2,L0_X4_Y1,3,L2_X1_Y2,524.43324,15.99484,27.43324,274.387004,497.0,771.387004,25,0.226223,1.07622,1772649165.903738
FP000018,L0_X0_Y2,L0_X4_Y1,4,L2_X2_Y2,540.428089,15.994849,43.428089,274.387004,497.0,771.387004,25,0.226223,1.07622,1772649165.903738
FP000018,L0_X0_Y2,L0_X4_Y1,5,L2_X3_Y2,556.422946,15.994857,59.422946,274.387004,497.0,771.387004,25,0.226223,1.07622,1772649165.903738
FP000018,L0_X0_Y2,L0_X4_Y1,6,L1_X3_Y2,557.642146,1.2192,60.642146,274.387004,497.0,771.387004,25,0.226223,1.07622,1772649165.903738
FP000018,L0_X0_Y2,L0_X4_Y1,7,L1_X4_Y2,573.637012,15.994866,76.637012,274.387004,497.0,771.387004,25,0.226223,1.07622,1772649165.903738
FP000018,L0_X0_Y2,L0_X4_Y1,8,L1_X4_Y1,589.659102,16.02209,92.659102,274.387004,497.0,771.387004,25,0.226223,1.07622,1772649165.903738
FP000018,L0_X0_Y2,L0_X4_Y1,9,L0_X4_Y1,590.878302,1.2192,93.878302,274.387004,497.0,771.387004,25,0.226223,1.07622,1772649165.903738
FP000018,L0_X0_Y2,L0_X4_Y1,10,L0_X4_Y1,650.878302,60.0,153.878302,274.387004,497.0,771.387004,25,0.226223,1.07622,1772649165.903738
FP000018,L0_X0_Y2,L0_X4_Y1,11,L1_X4_Y1,673.097502,22.2192,176.097502,274.387004,497.0,771.387004,25,0.226223,1.07622,1772649165.903738
FP000018,L0_X0_Y2,L0_X4_Y1,12,L2_X4_Y1,674.316702,1.2192,177.316702,274.387004,497.0,771.387004,25,0.226223,1.07622,1772649165.903738
FP000018,L0_X0_Y2,L0_X4_Y1,13,L3_X4_Y1,675.535902,1.2192,178.535902,274.387004,497.0,771.387004,25,0.226223,1.07622,1772649165.903738
FP000018,L0_X0_Y2,L0_X4_Y1,14,L3_X4_Y2,691.557992,16.02209,194.557992,274.387004,497.0,771.387004,25,0.226223,1.07622,1772649165.903738
FP000018,L0_X0_Y2,L0_X4_Y1,15,L3_X3_Y2,707.552858,15.994866,210.552858,274.387004,497.0,771.387004,25,0.226223,1.07622,1772649165.903738
FP000018,L0_X0_Y2,L0_X4_Y1,16,L3_X2_Y2,723.547715,15.994857,226.547715,274.387004,497.0,771.387004,25,0.226223,1.07622,1772649165.903738
FP000018,L0_X0_Y2,L0_X4_Y1,17,L4_X2_Y2,724.766915,1.2192,227.766915,274.387004,497.0,771.387004,25,0.226223,1.07622,1772649165.903738
FP000018,L0_X0_Y2,L0_X4_Y1,18,L3_X2_Y2,725.986115,1.2192,228.986115,274.387004,497.0,771.387004,25,0.226223,1.07622,1772649165.903738
FP000018,L0_X0_Y2,L0_X4_Y1,19,L3_X1_Y2,741.980964,15.994849,244.980964,274.387004,497.0,771.387004,25,0.226223,1.07622,1772649165.903738
FP000018,L0_X0_Y2,L0_X4_Y1,20,L4_X1_Y2,743.200164,1.2192,246.200164,274.387004,497.0,771.387004,25,0.226223,1.07622,1772649165.903738
FP000018,L0_X0_Y2,L0_X4_Y1,21,L3_X1_Y2,744.419364,1.2192,247.419364,274.387004,497.0,771.387004,25,0.226223,1.07622,1772649165.903738
FP000018,L0_X0_Y2,L0_X4_Y1,22,L4_X1_Y2,745.638564,1.2192,248.638564,274.387004,497.0,771.387004,25,0.226223,1.07622,1772649165.903738
FP000018,L0_X0_Y2,L0_X4_Y1,23,L4_X0_Y2,761.633404,15.99484,264.633404,274.387004,497.0,771.387004,25,0.226223,1.07622,1772649165.903738
FP000018,L0_X0_Y2,L0_X4_Y1,24,L3_X0_Y2,762.852604,1.2192,265.852604,274.387004,497.0,771.387004,25,0.226223,1.07622,1772649165.903738
FP000018,L0_X0_Y2,L0_X4_Y1,25,L4_X0_Y2,764.071804,1.2192,267.071804,274.387004,497.0,771.387004,25,0.226223,1.07622,1772649165.903738
FP000018,L0_X0_Y2,L0_X4_Y1,26,L3_X0_Y2,765.291004,1.2192,268.291004,274.387004,497.0,771.387004,25,0.226223,1.07622,1772649165.903738
FP000018,L0_X0_Y2,L0_X4_Y1,27,L4_X0_Y2,766.510204,1.2192,269.510204,274.387004,497.0,771.387004,25,0.226223,1.07622,1772649165.903738
FP000018,L0_X0_Y2,L0_X4_Y1,28,L3_X0_Y2,767.729404,1.2192,270.729404,274.387004,497.0,771.387004,25,0.226223,1.07622,1772649165.903738
FP000018,L0_X0_Y2,L0_X4_Y1,29,L2_X0_Y2,768.948604,1.2192,271.948604,274.387004,497.0,771.387004,25,0.226223,1.07622,1772649165.903738
FP000018,L0_X0_Y2,L0_X4_Y1,30,L1_X0_Y2,770.167804,1.2192,273.167804,274.387004,497.0,771.387004,25,0.226223,1.07622,1772649165.903738
FP000018,L0_X0_Y2,L0_X4_Y1,31,L0_X0_Y2,771.387004,1.2192,274.387004,274.387004,497.0,771.387004,25,0.226223,1.07622,1772649165.903738
FP000019,L0_X0_Y2,L0_X8_Y6,0,L0_X0_Y2,527.0,0.0,0.0,494.707017,512.0,1006.707017,25,0.176052,0.267901,1772649166.123461
FP000019,L0_X0_Y2,L0_X8_Y6,1,L1_X0_Y2,528.2192,1.2192,16.2192,494.707017,512.0,1006.707017,25,0.176052,0.267901,1772649166.123461
FP000019,L0_X0_Y2,L0_X8_Y6,2,L2_X0_Y2,529.4384,1.2192,17.4384,494.707017,512.0,1006.707017,25,0.176052,0.267901,1772649166.123461
FP000019,L0_X0_Y2,L0_X8_Y6,3,L2_X0_Y3,545.463467,16.025067,33.463467,494.707017,512.0,1006.707017,25,0.176052,0.267901,1772649166.123461
FP000019,L0_X0_Y2,L0_X8_Y6,4,L2_X1_Y3,561.458303,15.994836,49.458303,494.707017,512.0,1006.707017,25,0.176052,0.267901,1772649166.123461
FP000019,L0_X0_Y2,L0_X8_Y6,5,L2_X2_Y3,577.453148,15.994845,65.453148,494.707017,512.0,1006.707017,25,0.176052,0.267901,1772649166.123461
FP000019,L0_X0_Y2,L0_X8_Y6,6,L2_X3_Y3,593.448001,15.994853,81.448001,494.707017,512.0,1006.707017,25,0.176052,0.267901,1772649166.123461
FP000019,L0_X0_Y2,L0_X8_Y6,7,L3_X3_Y3,594.667201,1.2192,82.667201,494.707017,512.0,1006.707017,25,0.176052,0.267901,1772649166.123461
FP000019,L0_X0_Y2,L0_X8_Y6,8,L3_X4_Y3,610.662063,15.994862,98.662063,494.707017,512.0,1006.707017,25,0.176052,0.267901,1772649166.123461
FP000019,L0_X0_Y2,L0_X8_Y6,9,L3_X5_Y3,626.656933,15.994871,114.656933,494.707017,512.0,1006.707017,25,0.176052,0.267901,1772649166.123461
FP000019,L0_X0_Y2,L0_X8_Y6,10,L3_X6_Y3,642.651812,15.994879,130.651812,494.707017,512.0,1006.707017,25,0.176052,0.267901,1772649166.123461
FP000019,L0_X0_Y2,L0_X8_Y6,11,L3_X7_Y3,658.6467,15.994888,146.6467,494.707017,512.0,1006.707017,25,0.176052,0.267901,1772649166.123461
FP000019,L0_X0_Y2,L0_X8_Y6,12,L3_X8_Y3,674.641597,15.994896,162.641597,494.707017,512.0,1006.707017,25,0.176052,0.267901,1772649166.123461
FP000019,L0_X0_Y2,L0_X8_Y6,13,L3_X8_Y4,690.660694,16.019097,178.660694,494.707017,512.0,1006.707017,25,0.176052,0.267901,1772649166.123461
FP000019,L0_X0_Y2,L0_X8_Y6,14,L3_X8_Y5,706.679786,16.019093,194.679786,494.707017,512.0,1006.707017,25,0.176052,0.267901,1772649166.123461
FP000019,L0_X0_Y2,L0_X8_Y6,15,L3_X8_Y6,722.698875,16.019088,210.698875,494.707017,512.0,1006.707017,25,0.176052,0.267901,1772649166.123461
FP000019,L0_X0_Y2,L0_X8_Y6,16,L2_X8_Y6,723.918075,1.2192,211.918075,494.707017,512.0,1006.707017,25,0.176052,0.267901,1772649166.123461
FP000019,L0_X0_Y2,L0_X8_Y6,17,L1_X8_Y6,725.137275,1.2192,213.137275,494.707017,512.0,1006.707017,25,0.176052,0.267901,1772649166.123461
FP000019,L0_X0_Y2,L0_X8_Y6,18,L0_X8_Y6,726.356475,1.2192,214.356475,494.707017,512.0,1006.707017,25,0.176052,0.267901,1772649166.123461
FP000019,L0_X0_Y2,L0_X8_Y6,19,L0_X8_Y6,786.356475,60.0,274.356475,494.707017,512.0,1006.707017,25,0.176052,0.267901,1772649166.123461
FP000019,L0_X0_Y2,L0_X8_Y6,20,L1_X8_Y6,808.575675,22.2192,296.575675,494.707017,512.0,1006.707017,25,0.176052,0.267901,1772649166.123461
FP000019,L0_X0_Y2,L0_X8_Y6,21,L2_X8_Y6,809.794875,1.2192,297.794875,494.707017,512.0,1006.707017,25,0.176052,0.267901,1772649166.123461
FP000019,L0_X0_Y2,L0_X8_Y6,22,L3_X8_Y6,811.014075,1.2192,299.014075,494.707017,512.0,1006.707017,25,0.176052,0.267901,1772649166.123461
FP000019,L0_X0_Y2,L0_X8_Y6,23,L3_X8_Y5,827.033163,16.019088,315.033163,494.707017,512.0,1006.707017,25,0.176052,0.267901,1772649166.123461
FP000019,L0_X0_Y2,L0_X8_Y6,24,L3_X8_Y4,843.052255,16.019093,331.052255,494.707017,512.0,1006.707017,25,0.176052,0.267901,1772649166.123461
FP000019,L0_X0_Y2,L0_X8_Y6,25,L3_X8_Y3,859.071352,16.019097,347.071352,494.707017,512.0,1006.707017,25,0.176052,0.267901,1772649166.123461
FP000019,L0_X0_Y2,L0_X8_Y6,26,L3_X8_Y2,875.090454,16.019102,363.090454,494.707017,512.0,1006.707017,25,0.176052,0.267901,1772649166.123461
FP000019,L0_X0_Y2,L0_X8_Y6,27,L3_X7_Y2,891.085355,15.994901,379.085355,494.707017,512.0,1006.707017,25,0.176052,0.267901,1772649166.123461
FP000019,L0_X0_Y2,L0_X8_Y6,28,L3_X6_Y2,907.080247,15.994892,395.080247,494.707017,512.0,1006.707017,25,0.176052,0.267901,1772649166.123461
FP000019,L0_X0_Y2,L0_X8_Y6,29,L3_X5_Y2,923.07513,15.994883,411.07513,494.707017,512.0,1006.707017,25,0.176052,0.267901,1772649166.123461
FP000019,L0_X0_Y2,L0_X8_Y6,30,L3_X4_Y2,939.070005,15.994875,427.070005,494.707017,512.0,1006.707017,25,0.176052,0.267901,1772649166.123461
FP000019,L0_X0_Y2,L0_X8_Y6,31,L3_X3_Y2,955.064871,15.994866,443.064871,494.707017,512.0,1006.707017,25,0.176052,0.267901,1772649166.123461
FP000019,L0_X0_Y2,L0_X8_Y6,32,L2_X3_Y2,956.284071,1.2192,444.284071,494.707017,512.0,1006.707017,25,0.176052,0.267901,1772649166.123461
FP000019,L0_X0_Y2,L0_X8_Y6,33,L2_X2_Y2,972.278928,15.994857,460.278928,494.707017,512.0,1006.707017,25,0.176052,0.267901,1772649166.123461
FP000019,L0_X0_Y2,L0_X8_Y6,34,L2_X1_Y2,988.273777,15.994849,476.273777,494.707017,512.0,1006.707017,25,0.176052,0.267901,1772649166.123461
FP000019,L0_X0_Y2,L0_X8_Y6,35,L2_X0_Y2,1004.268617,15.99484,492.268617,494.707017,512.0,1006.707017,25,0.176052,0.267901,1772649166.123461
FP000019,L0_X0_Y2,L0_X8_Y6,36,L1_X0_Y2,1005.487817,1.2192,493.487817,494.707017,512.0,1006.707017,25,0.176052,0.267901,1772649166.123461
FP000019,L0_X0_Y2,L0_X8_Y6,37,L0_X0_Y2,1006.707017,1.2192,494.707017,494.707017,512.0,1006.707017,25,0.176052,0.267901,1772649166.123461
FP000020,L0_X14_Y6,L0_X10_Y1,0,L0_X14_Y6,542.0,0.0,0.0,400.868262,520.0,920.868262,25,0.061303,0.222093,1772649166.230858
FP000020,L0_X14_Y6,L0_X10_Y1,1,L1_X14_Y6,543.2192,1.2192,23.2192,400.868262,520.0,920.868262,25,0.061303,0.222093,1772649166.230858
FP000020,L0_X14_Y6,L0_X10_Y1,2,L2_X14_Y6,544.4384,1.2192,24.4384,400.868262,520.0,920.868262,25,0.061303,0.222093,1772649166.230858
FP000020,L0_X14_Y6,L0_X10_Y1,3,L2_X13_Y6,560.433336,15.994936,40.433336,400.868262,520.0,920.868262,25,0.061303,0.222093,1772649166.230858
FP000020,L0_X14_Y6,L0_X10_Y1,4,L2_X13_Y5,576.448694,16.015359,56.448694,400.868262,520.0,920.868262,25,0.061303,0.222093,1772649166.230858
FP000020,L0_X14_Y6,L0_X10_Y1,5,L2_X13_Y4,592.464057,16.015363,72.464057,400.868262,520.0,920.868262,25,0.061303,0.222093,1772649166.230858
FP000020,L0_X14_Y6,L0_X10_Y1,6,L2_X13_Y3,608.479424,16.015367,88.479424,400.868262,520.0,920.868262,25,0.061303,0.222093,1772649166.230858
FP000020,L0_X14_Y6,L0_X10_Y1,7,L2_X13_Y2,624.494796,16.015371,104.494796,400.868262,520.0,920.868262,25,0.061303,0.222093,1772649166.230858
FP000020,L0_X14_Y6,L0_X10_Y1,8,L2_X12_Y2,640.489739,15.994944,120.489739,400.868262,520.0,920.868262,25,0.061303,0.222093,1772649166.230858
FP000020,L0_X14_Y6,L0_X10_Y1,9,L2_X11_Y2,656.484674,15.994935,136.484674,400.868262,520.0,920.868262,25,0.061303,0.222093,1772649166.230858
FP000020,L0_X14_Y6,L0_X10_Y1,10,L2_X10_Y2,672.479601,15.994926,152.479601,400.868262,520.0,920.868262,25,0.061303,0.222093,1772649166.230858
FP000020,L0_X14_Y6,L0_X10_Y1,11,L2_X10_Y1,688.497215,16.017614,168.497215,400.868262,520.0,920.868262,25,0.061303,0.222093,1772649166.230858
FP000020,L0_X14_Y6,L0_X10_Y1,12,L1_X10_Y1,689.716415,1.2192,169.716415,400.868262,520.0,920.868262,25,0.061303,0.222093,1772649166.230858
FP000020,L0_X14_Y6,L0_X10_Y1,13,L0_X10_Y1,690.935615,1.2192,170.935615,400.868262,520.0,920.868262,25,0.061303,0.222093,1772649166.230858
FP000020,L0_X14_Y6,L0_X10_Y1,14,L0_X10_Y1,750.935615,60.0,230.935615,400.868262,520.0,920.868262,25,0.061303,0.222093,1772649166.230858
FP000020,L0_X14_Y6,L0_X10_Y1,15,L1_X10_Y1,773.154815,22.2192,253.154815,400.868262,520.0,920.868262,25,0.061303,0.222093,1772649166.230858
FP000020,L0_X14_Y6,L0_X10_Y1,16,L2_X10_Y1,774.374015,1.2192,254.374015,400.868262,520.0,920.868262,25,0.061303,0.222093,1772649166.230858
FP000020,L0_X14_Y6,L0_X10_Y1,17,L2_X10_Y2,790.391629,16.017614,270.391629,400.868262,520.0,920.868262,25,0.061303,0.222093,1772649166.230858
FP000020,L0_X14_Y6,L0_X10_Y1,18,L2_X11_Y2,806.386555,15.994926,286.386555,400.868262,520.0,920.868262,25,0.061303,0.222093,1772649166.230858
FP000020,L0_X14_Y6,L0_X10_Y1,19,L2_X12_Y2,822.381491,15.994935,302.381491,400.868262,520.0,920.868262,25,0.061303,0.222093,1772649166.230858
FP000020,L0_X14_Y6,L0_X10_Y1,20,L2_X13_Y2,838.376434,15.994944,318.376434,400.868262,520.0,920.868262,25,0.061303,0.222093,1772649166.230858
FP000020,L0_X14_Y6,L0_X10_Y1,21,L2_X14_Y2,854.371387,15.994952,334.371387,400.868262,520.0,920.868262,25,0.061303,0.222093,1772649166.230858
FP000020,L0_X14_Y6,L0_X10_Y1,22,L2_X14_Y3,870.386012,16.014625,350.386012,400.868262,520.0,920.868262,25,0.061303,0.222093,1772649166.230858
FP000020,L0_X14_Y6,L0_X10_Y1,23,L2_X14_Y4,886.400632,16.014621,366.400632,400.868262,520.0,920.868262,25,0.061303,0.222093,1772649166.230858
FP000020,L0_X14_Y6,L0_X10_Y1,24,L2_X14_Y5,902.415249,16.014617,382.415249,400.868262,520.0,920.868262,25,0.061303,0.222093,1772649166.230858
FP000020,L0_X14_Y6,L0_X10_Y1,25,L2_X14_Y6,918.429862,16.014613,398.429862,400.868262,520.0,920.868262,25,0.061303,0.222093,1772649166.230858
FP000020,L0_X14_Y6,L0_X10_Y1,26,L1_X14_Y6,919.649062,1.2192,399.649062,400.868262,520.0,920.868262,25,0.061303,0.222093,1772649166.230858
FP000020,L0_X14_Y6,L0_X10_Y1,27,L0_X14_Y6,920.868262,1.2192,400.868262,400.868262,520.0,920.868262,25,0.061303,0.222093,1772649166.230858
FP000021,L0_X14_Y6,L0_X8_Y2,0,L0_X14_Y6,563.0,0.0,0.0,435.817139,538.0,973.817139,25,0.086184,0.092909,1772649166.349605
FP000021,L0_X14_Y6,L0_X8_Y2,1,L1_X14_Y6,564.2192,1.2192,26.2192,435.817139,538.0,973.817139,25,0.086184,0.092909,1772649166.349605
FP000021,L0_X14_Y6,L0_X8_Y2,2,L2_X14_Y6,565.4384,1.2192,27.4384,435.817139,538.0,973.817139,25,0.086184,0.092909,1772649166.349605
FP000021,L0_X14_Y6,L0_X8_Y2,3,L2_X13_Y6,581.433336,15.994936,43.433336,435.817139,538.0,973.817139,25,0.086184,0.092909,1772649166.349605
FP000021,L0_X14_Y6,L0_X8_Y2,4,L2_X13_Y5,597.448694,16.015359,59.448694,435.817139,538.0,973.817139,25,0.086184,0.092909,1772649166.349605
FP000021,L0_X14_Y6,L0_X8_Y2,5,L2_X13_Y4,613.464057,16.015363,75.464057,435.817139,538.0,973.817139,25,0.086184,0.092909,1772649166.349605
FP000021,L0_X14_Y6,L0_X8_Y2,6,L2_X12_Y4,629.458993,15.994935,91.458993,435.817139,538.0,973.817139,25,0.086184,0.092909,1772649166.349605
FP000021,L0_X14_Y6,L0_X8_Y2,7,L2_X11_Y4,645.453919,15.994927,107.453919,435.817139,538.0,973.817139,25,0.086184,0.092909,1772649166.349605
FP000021,L0_X14_Y6,L0_X8_Y2,8,L2_X10_Y4,661.448837,15.994918,123.448837,435.817139,538.0,973.817139,25,0.086184,0.092909,1772649166.349605
FP000021,L0_X14_Y6,L0_X8_Y2,9,L2_X10_Y3,677.466443,16.017605,139.466443,435.817139,538.0,973.817139,25,0.086184,0.092909,1772649166.349605
FP000021,L0_X14_Y6,L0_X8_Y2,10,L2_X10_Y2,693.484052,16.01761,155.484052,435.817139,538.0,973.817139,25,0.086184,0.092909,1772649166.349605
FP000021,L0_X14_Y6,L0_X8_Y2,11,L2_X9_Y2,709.47897,15.994918,171.47897,435.817139,538.0,973.817139,25,0.086184,0.092909,1772649166.349605
FP000021,L0_X14_Y6,L0_X8_Y2,12,L2_X8_Y2,725.473879,15.994909,187.473879,435.817139,538.0,973.817139,25,0.086184,0.092909,1772649166.349605
FP000021,L0_X14_Y6,L0_X8_Y2,13,L1_X8_Y2,726.693079,1.2192,188.693079,435.817139,538.0,973.817139,25,0.086184,0.092909,1772649166.349605
FP000021,L0_X14_Y6,L0_X8_Y2,14,L0_X8_Y2,727.912279,1.2192,189.912279,435.817139,538.0,973.817139,25,0.086184,0.092909,1772649166.349605
FP000021,L0_X14_Y6,L0_X8_Y2,15,L0_X8_Y2,787.912279,60.0,249.912279,435.817139,538.0,973.817139,25,0.086184,0.092909,1772649166.349605
FP000021,L0_X14_Y6,L0_X8_Y2,16,L1_X8_Y2,810.131479,22.2192,272.131479,435.817139,538.0,973.817139,25,0.086184,0.092909,1772649166.349605
FP000021,L0_X14_Y6,L0_X8_Y2,17,L2_X8_Y2,811.350679,1.2192,273.350679,435.817139,538.0,973.817139,25,0.086184,0.092909,1772649166.349605
FP000021,L0_X14_Y6,L0_X8_Y2,18,L2_X9_Y2,827.345589,15.994909,289.345589,435.817139,538.0,973.817139,25,0.086184,0.092909,1772649166.349605
FP000021,L0_X14_Y6,L0_X8_Y2,19,L2_X10_Y2,843.340507,15.994918,305.340507,435.817139,538.0,973.817139,25,0.086184,0.092909,1772649166.349605
FP000021,L0_X14_Y6,L0_X8_Y2,20,L2_X11_Y2,859.335433,15.994926,321.335433,435.817139,538.0,973.817139,25,0.086184,0.092909,1772649166.349605
FP000021,L0_X14_Y6,L0_X8_Y2,21,L2_X12_Y2,875.330368,15.994935,337.330368,435.817139,538.0,973.817139,25,0.086184,0.092909,1772649166.349605
FP000021,L0_X14_Y6,L0_X8_Y2,22,L2_X13_Y2,891.325312,15.994944,353.325312,435.817139,538.0,973.817139,25,0.086184,0.092909,1772649166.349605
FP000021,L0_X14_Y6,L0_X8_Y2,23,L2_X14_Y2,907.320264,15.994952,369.320264,435.817139,538.0,973.817139,25,0.086184,0.092909,1772649166.349605
FP000021,L0_X14_Y6,L0_X8_Y2,24,L2_X14_Y3,923.334889,16.014625,385.334889,435.817139,538.0,973.817139,25,0.086184,0.092909,1772649166.349605
FP000021,L0_X14_Y6,L0_X8_Y2,25,L2_X14_Y4,939.34951,16.014621,401.34951,435.817139,538.0,973.817139,25,0.086184,0.092909,1772649166.349605
FP000021,L0_X14_Y6,L0_X8_Y2,26,L2_X14_Y5,955.364127,16.014617,417.364127,435.817139,538.0,973.817139,25,0.086184,0.092909,1772649166.349605
FP000021,L0_X14_Y6,L0_X8_Y2,27,L2_X14_Y6,971.378739,16.014613,433.378739,435.817139,538.0,973.817139,25,0.086184,0.092909,1772649166.349605
FP000021,L0_X14_Y6,L0_X8_Y2,28,L1_X14_Y6,972.597939,1.2192,434.597939,435.817139,538.0,973.817139,25,0.086184,0.092909,1772649166.349605
FP000021,L0_X14_Y6,L0_X8_Y2,29,L0_X14_Y6,973.817139,1.2192,435.817139,435.817139,538.0,973.817139,25,0.086184,0.092909,1772649166.349605
FP000023,L0_X0_Y2,L0_X3_Y1,0,L0_X0_Y2,596.0,0.0,0.0,295.634154,556.0,851.634154,25,0.351811,0.018517,1772649166.756239
FP000023,L0_X0_Y2,L0_X3_Y1,1,L1_X0_Y2,597.2192,1.2192,41.2192,295.634154,556.0,851.634154,25,0.351811,0.018517,1772649166.756239
FP000023,L0_X0_Y2,L0_X3_Y1,2,L2_X0_Y2,598.4384,1.2192,42.4384,295.634154,556.0,851.634154,25,0.351811,0.018517,1772649166.756239
FP000023,L0_X0_Y2,L0_X3_Y1,3,L3_X0_Y2,599.6576,1.2192,43.6576,295.634154,556.0,851.634154,25,0.351811,0.018517,1772649166.756239
FP000023,L0_X0_Y2,L0_X3_Y1,4,L3_X1_Y2,615.65244,15.99484,59.65244,295.634154,556.0,851.634154,25,0.351811,0.018517,1772649166.756239
FP000023,L0_X0_Y2,L0_X3_Y1,5,L3_X2_Y2,631.647289,15.994849,75.647289,295.634154,556.0,851.634154,25,0.351811,0.018517,1772649166.756239
FP000023,L0_X0_Y2,L0_X3_Y1,6,L3_X3_Y2,647.642146,15.994857,91.642146,295.634154,556.0,851.634154,25,0.351811,0.018517,1772649166.756239
FP000023,L0_X0_Y2,L0_X3_Y1,7,L3_X3_Y1,663.664982,16.022835,107.664982,295.634154,556.0,851.634154,25,0.351811,0.018517,1772649166.756239
FP000023,L0_X0_Y2,L0_X3_Y1,8,L2_X3_Y1,664.884182,1.2192,108.884182,295.634154,556.0,851.634154,25,0.351811,0.018517,1772649166.756239
FP000023,L0_X0_Y2,L0_X3_Y1,9,L1_X3_Y1,666.103382,1.2192,110.103382,295.634154,556.0,851.634154,25,0.351811,0.018517,1772649166.756239
FP000023,L0_X0_Y2,L0_X3_Y1,10,L0_X3_Y1,667.322582,1.2192,111.322582,295.634154,556.0,851.634154,25,0.351811,0.018517,1772649166.756239
FP000023,L0_X0_Y2,L0_X3_Y1,11,L0_X3_Y1,727.322582,60.0,171.322582,295.634154,556.0,851.634154,25,0.351811,0.018517,1772649166.756239
FP000023,L0_X0_Y2,L0_X3_Y1,12,L1_X3_Y1,749.541782,22.2192,193.541782,295.634154,556.0,851.634154,25,0.351811,0.018517,1772649166.756239
FP000023,L0_X0_Y2,L0_X3_Y1,13,L2_X3_Y1,750.760982,1.2192,194.760982,295.634154,556.0,851.634154,25,0.351811,0.018517,1772649166.756239
FP000023,L0_X0_Y2,L0_X3_Y1,14,L2_X4_Y1,766.755852,15.99487,210.755852,295.634154,556.0,851.634154,25,0.351811,0.018517,1772649166.756239
FP000023,L0_X0_Y2,L0_X3_Y1,15,L3_X4_Y1,767.975052,1.2192,211.975052,295.634154,556.0,851.634154,25,0.351811,0.018517,1772649166.756239
FP000023,L0_X0_Y2,L0_X3_Y1,16,L3_X4_Y2,783.997142,16.02209,227.997142,295.634154,556.0,851.634154,25,0.351811,0.018517,1772649166.756239
FP000023,L0_X0_Y2,L0_X3_Y1,17,L3_X3_Y2,799.992008,15.994866,243.992008,295.634154,556.0,851.634154,25,0.351811,0.018517,1772649166.756239
FP000023,L0_X0_Y2,L0_X3_Y1,18,L2_X3_Y2,801.211208,1.2192,245.211208,295.634154,556.0,851.634154,25,0.351811,0.018517,1772649166.756239
FP000023,L0_X0_Y2,L0_X3_Y1,19,L2_X2_Y2,817.206065,15.994857,261.206065,295.634154,556.0,851.634154,25,0.351811,0.018517,1772649166.756239
FP000023,L0_X0_Y2,L0_X3_Y1,20,L2_X1_Y2,833.200914,15.994849,277.200914,295.634154,556.0,851.634154,25,0.351811,0.018517,1772649166.756239
FP000023,L0_X0_Y2,L0_X3_Y1,21,L2_X0_Y2,849.195754,15.99484,293.195754,295.634154,556.0,851.634154,25,0.351811,0.018517,1772649166.756239
FP000023,L0_X0_Y2,L0_X3_Y1,22,L1_X0_Y2,850.414954,1.2192,294.414954,295.634154,556.0,851.634154,25,0.351811,0.018517,1772649166.756239
FP000023,L0_X0_Y2,L0_X3_Y1,23,L0_X0_Y2,851.634154,1.2192,295.634154,295.634154,556.0,851.634154,25,0.351811,0.018517,1772649166.756239
FP000027,L0_X0_Y2,L0_X12_Y3,0,L0_X0_Y2,657.0,0.0,0.0,519.670555,644.0,1163.670555,25,0.162545,0.005057,1772649166.968887
FP000027,L0_X0_Y2,L0_X12_Y3,1,L1_X0_Y2,658.2192,1.2192,14.2192,519.670555,644.0,1163.670555,25,0.162545,0.005057,1772649166.968887
FP000027,L0_X0_Y2,L0_X12_Y3,2,L2_X0_Y2,659.4384,1.2192,15.4384,519.670555,644.0,1163.670555,25,0.162545,0.005057,1772649166.968887
FP000027,L0_X0_Y2,L0_X12_Y3,3,L2_X1_Y2,675.43324,15.99484,31.43324,519.670555,644.0,1163.670555,25,0.162545,0.005057,1772649166.968887
FP000027,L0_X0_Y2,L0_X12_Y3,4,L2_X2_Y2,691.428089,15.994849,47.428089,519.670555,644.0,1163.670555,25,0.162545,0.005057,1772649166.968887
FP000027,L0_X0_Y2,L0_X12_Y3,5,L2_X2_Y3,707.451665,16.023576,63.451665,519.670555,644.0,1163.670555,25,0.162545,0.005057,1772649166.968887
FP000027,L0_X0_Y2,L0_X12_Y3,6,L2_X3_Y3,723.446518,15.994853,79.446518,519.670555,644.0,1163.670555,25,0.162545,0.005057,1772649166.968887
FP000027,L0_X0_Y2,L0_X12_Y3,7,L2_X4_Y3,739.44138,15.994862,95.44138,519.670555,644.0,1163.670555,25,0.162545,0.005057,1772649166.968887
FP000027,L0_X0_Y2,L0_X12_Y3,8,L2_X5_Y3,755.436251,15.994871,111.436251,519.670555,644.0,1163.670555,25,0.162545,0.005057,1772649166.968887
FP000027,L0_X0_Y2,L0_X12_Y3,9,L2_X6_Y3,771.43113,15.994879,127.43113,519.670555,644.0,1163.670555,25,0.162545,0.005057,1772649166.968887
FP000027,L0_X0_Y2,L0_X12_Y3,10,L2_X7_Y3,787.426018,15.994888,143.426018,519.670555,644.0,1163.670555,25,0.162545,0.005057,1772649166.968887
FP000027,L0_X0_Y2,L0_X12_Y3,11,L1_X7_Y3,788.645218,1.2192,144.645218,519.670555,644.0,1163.670555,25,0.162545,0.005057,1772649166.968887
FP000027,L0_X0_Y2,L0_X12_Y3,12,L1_X8_Y3,804.640114,15.994896,160.640114,519.670555,644.0,1163.670555,25,0.162545,0.005057,1772649166.968887
FP000027,L0_X0_Y2,L0_X12_Y3,13,L1_X9_Y3,820.635019,15.994905,176.635019,519.670555,644.0,1163.670555,25,0.162545,0.005057,1772649166.968887
FP000027,L0_X0_Y2,L0_X12_Y3,14,L1_X10_Y3,836.629933,15.994914,192.629933,519.670555,644.0,1163.670555,25,0.162545,0.005057,1772649166.968887
FP000027,L0_X0_Y2,L0_X12_Y3,15,L1_X11_Y3,852.624855,15.994922,208.624855,519.670555,644.0,1163.670555,25,0.162545,0.005057,1772649166.968887
FP000027,L0_X0_Y2,L0_X12_Y3,16,L1_X12_Y3,868.619786,15.994931,224.619786,519.670555,644.0,1163.670555,25,0.162545,0.005057,1772649166.968887
FP000027,L0_X0_Y2,L0_X12_Y3,17,L0_X12_Y3,869.838986,1.2192,225.838986,519.670555,644.0,1163.670555,25,0.162545,0.005057,1772649166.968887
FP000027,L0_X0_Y2,L0_X12_Y3,18,L0_X12_Y3,929.838986,60.0,285.838986,519.670555,644.0,1163.670555,25,0.162545,0.005057,1772649166.968887
FP000027,L0_X0_Y2,L0_X12_Y3,19,L1_X12_Y3,952.058186,22.2192,308.058186,519.670555,644.0,1163.670555,25,0.162545,0.005057,1772649166.968887
FP000027,L0_X0_Y2,L0_X12_Y3,20,L2_X12_Y3,953.277386,1.2192,309.277386,519.670555,644.0,1163.670555,25,0.162545,0.005057,1772649166.968887
FP000027,L0_X0_Y2,L0_X12_Y3,21,L2_X12_Y2,969.293503,16.016117,325.293503,519.670555,644.0,1163.670555,25,0.162545,0.005057,1772649166.968887
FP000027,L0_X0_Y2,L0_X12_Y3,22,L2_X11_Y2,985.288438,15.994935,341.288438,519.670555,644.0,1163.670555,25,0.162545,0.005057,1772649166.968887
FP000027,L0_X0_Y2,L0_X12_Y3,23,L2_X10_Y2,1001.283365,15.994926,357.283365,519.670555,644.0,1163.670555,25,0.162545,0.005057,1772649166.968887
FP000027,L0_X0_Y2,L0_X12_Y3,24,L2_X9_Y2,1017.278283,15.994918,373.278283,519.670555,644.0,1163.670555,25,0.162545,0.005057,1772649166.968887
FP000027,L0_X0_Y2,L0_X12_Y3,25,L2_X8_Y2,1033.273192,15.994909,389.273192,519.670555,644.0,1163.670555,25,0.162545,0.005057,1772649166.968887
FP000027,L0_X0_Y2,L0_X12_Y3,26,L2_X7_Y2,1049.268093,15.994901,405.268093,519.670555,644.0,1163.670555,25,0.162545,0.005057,1772649166.968887
FP000027,L0_X0_Y2,L0_X12_Y3,27,L2_X6_Y2,1065.262984,15.994892,421.262984,519.670555,644.0,1163.670555,25,0.162545,0.005057,1772649166.968887
FP000027,L0_X0_Y2,L0_X12_Y3,28,L2_X5_Y2,1081.257868,15.994883,437.257868,519.670555,644.0,1163.670555,25,0.162545,0.005057,1772649166.968887
FP000027,L0_X0_Y2,L0_X12_Y3,29,L2_X4_Y2,1097.252742,15.994875,453.252742,519.670555,644.0,1163.670555,25,0.162545,0.005057,1772649166.968887
FP000027,L0_X0_Y2,L0_X12_Y3,30,L2_X3_Y2,1113.247609,15.994866,469.247609,519.670555,644.0,1163.670555,25,0.162545,0.005057,1772649166.968887
FP000027,L0_X0_Y2,L0_X12_Y3,31,L2_X2_Y2,1129.242466,15.994857,485.242466,519.670555,644.0,1163.670555,25,0.162545,0.005057,1772649166.968887
FP000027,L0_X0_Y2,L0_X12_Y3,32,L2_X1_Y2,1145.237315,15.994849,501.237315,519.670555,644.0,1163.670555,25,0.162545,0.005057,1772649166.968887
FP000027,L0_X0_Y2,L0_X12_Y3,33,L2_X0_Y2,1161.232155,15.99484,517.232155,519.670555,644.0,1163.670555,25,0.162545,0.005057,1772649166.968887
FP000027,L0_X0_Y2,L0_X12_Y3,34,L1_X0_Y2,1162.451355,1.2192,518.451355,519.670555,644.0,1163.670555,25,0.162545,0.005057,1772649166.968887
FP000027,L0_X0_Y2,L0_X12_Y3,35,L0_X0_Y2,1163.670555,1.2192,519.670555,519.670555,644.0,1163.670555,25,0.162545,0.005057,1772649166.968887
FP000028,L0_X14_Y6,L0_X4_Y5,0,L0_X14_Y6,739.0,0.0,0.0,447.557644,739.0,1186.557644,25,0.118946,0.209728,1772649167.136565
FP000028,L0_X14_Y6,L0_X4_Y5,1,L1_X14_Y6,740.2192,1.2192,1.2192,447.557644,739.0,1186.557644,25,0.118946,0.209728,1772649167.136565
FP000028,L0_X14_Y6,L0_X4_Y5,2,L2_X14_Y6,741.4384,1.2192,2.4384,447.557644,739.0,1186.557644,25,0.118946,0.209728,1772649167.136565
FP000028,L0_X14_Y6,L0_X4_Y5,3,L3_X14_Y6,742.6576,1.2192,3.6576,447.557644,739.0,1186.557644,25,0.118946,0.209728,1772649167.136565
FP000028,L0_X14_Y6,L0_X4_Y5,4,L3_X14_Y5,758.672213,16.014613,19.672213,447.557644,739.0,1186.557644,25,0.118946,0.209728,1772649167.136565
FP000028,L0_X14_Y6,L0_X4_Y5,5,L3_X13_Y5,774.667152,15.99494,35.667152,447.557644,739.0,1186.557644,25,0.118946,0.209728,1772649167.136565
FP000028,L0_X14_Y6,L0_X4_Y5,6,L3_X12_Y5,790.662084,15.994931,51.662084,447.557644,739.0,1186.557644,25,0.118946,0.209728,1772649167.136565
FP000028,L0_X14_Y6,L0_X4_Y5,7,L3_X11_Y5,806.657006,15.994923,67.657006,447.557644,739.0,1186.557644,25,0.118946,0.209728,1772649167.136565
FP000028,L0_X14_Y6,L0_X4_Y5,8,L3_X10_Y5,822.65192,15.994914,83.65192,447.557644,739.0,1186.557644,25,0.118946,0.209728,1772649167.136565
FP000028,L0_X14_Y6,L0_X4_Y5,9,L3_X9_Y5,838.646825,15.994905,99.646825,447.557644,739.0,1186.557644,25,0.118946,0.209728,1772649167.136565
FP000028,L0_X14_Y6,L0_X4_Y5,10,L3_X8_Y5,854.641722,15.994897,115.641722,447.557644,739.0,1186.557644,25,0.118946,0.209728,1772649167.136565
FP000028,L0_X14_Y6,L0_X4_Y5,11,L3_X7_Y5,870.63661,15.994888,131.63661,447.557644,739.0,1186.557644,25,0.118946,0.209728,1772649167.136565
FP000028,L0_X14_Y6,L0_X4_Y5,12,L3_X6_Y5,886.631489,15.994879,147.631489,447.557644,739.0,1186.557644,25,0.118946,0.209728,1772649167.136565
FP000028,L0_X14_Y6,L0_X4_Y5,13,L3_X5_Y5,902.62636,15.994871,163.62636,447.557644,739.0,1186.557644,25,0.118946,0.209728,1772649167.136565
FP000028,L0_X14_Y6,L0_X4_Y5,14,L3_X4_Y5,918.621222,15.994862,179.621222,447.557644,739.0,1186.557644,25,0.118946,0.209728,1772649167.136565
FP000028,L0_X14_Y6,L0_X4_Y5,15,L2_X4_Y5,919.840422,1.2192,180.840422,447.557644,739.0,1186.557644,25,0.118946,0.209728,1772649167.136565
FP000028,L0_X14_Y6,L0_X4_Y5,16,L1_X4_Y5,921.059622,1.2192,182.059622,447.557644,739.0,1186.557644,25,0.118946,0.209728,1772649167.136565
FP000028,L0_X14_Y6,L0_X4_Y5,17,L0_X4_Y5,922.278822,1.2192,183.278822,447.557644,739.0,1186.557644,25,0.118946,0.209728,1772649167.136565
FP000028,L0_X14_Y6,L0_X4_Y5,18,L0_X4_Y5,982.278822,60.0,243.278822,447.557644,739.0,1186.557644,25,0.118946,0.209728,1772649167.136565
FP000028,L0_X14_Y6,L0_X4_Y5,19,L1_X4_Y5,1004.498022,22.2192,265.498022,447.557644,739.0,1186.557644,25,0.118946,0.209728,1772649167.136565
FP000028,L0_X14_Y6,L0_X4_Y5,20,L2_X4_Y5,1005.717222,1.2192,266.717222,447.557644,739.0,1186.557644,25,0.118946,0.209728,1772649167.136565
FP000028,L0_X14_Y6,L0_X4_Y5,21,L3_X4_Y5,1006.936422,1.2192,267.936422,447.557644,739.0,1186.557644,25,0.118946,0.209728,1772649167.136565
FP000028,L0_X14_Y6,L0_X4_Y5,22,L3_X5_Y5,1022.931284,15.994862,283.931284,447.557644,739.0,1186.557644,25,0.118946,0.209728,1772649167.136565
FP000028,L0_X14_Y6,L0_X4_Y5,23,L3_X6_Y5,1038.926155,15.994871,299.926155,447.557644,739.0,1186.557644,25,0.118946,0.209728,1772649167.136565
FP000028,L0_X14_Y6,L0_X4_Y5,24,L3_X7_Y5,1054.921034,15.994879,315.921034,447.557644,739.0,1186.557644,25,0.118946,0.209728,1772649167.136565
FP000028,L0_X14_Y6,L0_X4_Y5,25,L3_X8_Y5,1070.915922,15.994888,331.915922,447.557644,739.0,1186.557644,25,0.118946,0.209728,1772649167.136565
FP000028,L0_X14_Y6,L0_X4_Y5,26,L3_X9_Y5,1086.910819,15.994897,347.910819,447.557644,739.0,1186.557644,25,0.118946,0.209728,1772649167.136565
FP000028,L0_X14_Y6,L0_X4_Y5,27,L3_X10_Y5,1102.905724,15.994905,363.905724,447.557644,739.0,1186.557644,25,0.118946,0.209728,1772649167.136565
FP000028,L0_X14_Y6,L0_X4_Y5,28,L3_X11_Y5,1118.900638,15.994914,379.900638,447.557644,739.0,1186.557644,25,0.118946,0.209728,1772649167.136565
FP000028,L0_X14_Y6,L0_X4_Y5,29,L3_X12_Y5,1134.895561,15.994923,395.895561,447.557644,739.0,1186.557644,25,0.118946,0.209728,1772649167.136565
FP000028,L0_X14_Y6,L0_X4_Y5,30,L3_X13_Y5,1150.890492,15.994931,411.890492,447.557644,739.0,1186.557644,25,0.118946,0.209728,1772649167.136565
FP000028,L0_X14_Y6,L0_X4_Y5,31,L3_X14_Y5,1166.885432,15.99494,427.885432,447.557644,739.0,1186.557644,25,0.118946,0.209728,1772649167.136565
FP000028,L0_X14_Y6,L0_X4_Y5,32,L3_X14_Y6,1182.900044,16.014613,443.900044,447.557644,739.0,1186.557644,25,0.118946,0.209728,1772649167.136565
FP000028,L0_X14_Y6,L0_X4_Y5,33,L2_X14_Y6,1184.119244,1.2192,445.119244,447.557644,739.0,1186.557644,25,0.118946,0.209728,1772649167.136565
FP000028,L0_X14_Y6,L0_X4_Y5,34,L1_X14_Y6,1185.338444,1.2192,446.338444,447.557644,739.0,1186.557644,25,0.118946,0.209728,1772649167.136565
FP000028,L0_X14_Y6,L0_X4_Y5,35,L0_X14_Y6,1186.557644,1.2192,447.557644,447.557644,739.0,1186.557644,25,0.118946,0.209728,1772649167.136565
FP000030,L0_X0_Y2,L0_X10_Y0,0,L0_X0_Y2,872.0,0.0,0.0,533.161546,816.0,1349.161546,25,0.175513,0.004932,1772649167.457598
FP000030,L0_X0_Y2,L0_X10_Y0,1,L1_X0_Y2,873.2192,1.2192,57.2192,533.161546,816.0,1349.161546,25,0.175513,0.004932,1772649167.457598
FP000030,L0_X0_Y2,L0_X10_Y0,2,L2_X0_Y2,874.4384,1.2192,58.4384,533.161546,816.0,1349.161546,25,0.175513,0.004932,1772649167.457598
FP000030,L0_X0_Y2,L0_X10_Y0,3,L3_X0_Y2,875.6576,1.2192,59.6576,533.161546,816.0,1349.161546,25,0.175513,0.004932,1772649167.457598
FP000030,L0_X0_Y2,L0_X10_Y0,4,L3_X1_Y2,891.65244,15.99484,75.65244,533.161546,816.0,1349.161546,25,0.175513,0.004932,1772649167.457598
FP000030,L0_X0_Y2,L0_X10_Y0,5,L3_X2_Y2,907.647289,15.994849,91.647289,533.161546,816.0,1349.161546,25,0.175513,0.004932,1772649167.457598
FP000030,L0_X0_Y2,L0_X10_Y0,6,L2_X2_Y2,908.866489,1.2192,92.866489,533.161546,816.0,1349.161546,25,0.175513,0.004932,1772649167.457598
FP000030,L0_X0_Y2,L0_X10_Y0,7,L2_X3_Y2,924.861346,15.994857,108.861346,533.161546,816.0,1349.161546,25,0.175513,0.004932,1772649167.457598
FP000030,L0_X0_Y2,L0_X10_Y0,8,L2_X4_Y2,940.856212,15.994866,124.856212,533.161546,816.0,1349.161546,25,0.175513,0.004932,1772649167.457598
FP000030,L0_X0_Y2,L0_X10_Y0,9,L2_X5_Y2,956.851087,15.994875,140.851087,533.161546,816.0,1349.161546,25,0.175513,0.004932,1772649167.457598
FP000030,L0_X0_Y2,L0_X10_Y0,10,L2_X6_Y2,972.845971,15.994883,156.845971,533.161546,816.0,1349.161546,25,0.175513,0.004932,1772649167.457598
FP000030,L0_X0_Y2,L0_X10_Y0,11,L2_X7_Y2,988.840862,15.994892,172.840862,533.161546,816.0,1349.161546,25,0.175513,0.004932,1772649167.457598
FP000030,L0_X0_Y2,L0_X10_Y0,12,L2_X8_Y2,1004.835763,15.994901,188.835763,533.161546,816.0,1349.161546,25,0.175513,0.004932,1772649167.457598
FP000030,L0_X0_Y2,L0_X10_Y0,13,L2_X8_Y1,1020.854869,16.019106,204.854869,533.161546,816.0,1349.161546,25,0.175513,0.004932,1772649167.457598
FP000030,L0_X0_Y2,L0_X10_Y0,14,L2_X9_Y1,1036.849783,15.994913,220.849783,533.161546,816.0,1349.161546,25,0.175513,0.004932,1772649167.457598
FP000030,L0_X0_Y2,L0_X10_Y0,15,L2_X10_Y1,1052.844705,15.994922,236.844705,533.161546,816.0,1349.161546,25,0.175513,0.004932,1772649167.457598
FP000030,L0_X0_Y2,L0_X10_Y0,16,L2_X10_Y0,1068.862323,16.017618,252.862323,533.161546,816.0,1349.161546,25,0.175513,0.004932,1772649167.457598
FP000030,L0_X0_Y2,L0_X10_Y0,17,L1_X10_Y0,1070.081523,1.2192,254.081523,533.161546,816.0,1349.161546,25,0.175513,0.004932,1772649167.457598
FP000030,L0_X0_Y2,L0_X10_Y0,18,L0_X10_Y0,1071.300723,1.2192,255.300723,533.161546,816.0,1349.161546,25,0.175513,0.004932,1772649167.457598
FP000030,L0_X0_Y2,L0_X10_Y0,19,L0_X10_Y0,1131.300723,60.0,315.300723,533.161546,816.0,1349.161546,25,0.175513,0.004932,1772649167.457598
FP000030,L0_X0_Y2,L0_X10_Y0,20,L1_X10_Y0,1153.519923,22.2192,337.519923,533.161546,816.0,1349.161546,25,0.175513,0.004932,1772649167.457598
FP000030,L0_X0_Y2,L0_X10_Y0,21,L2_X10_Y0,1154.739123,1.2192,338.739123,533.161546,816.0,1349.161546,25,0.175513,0.004932,1772649167.457598
FP000030,L0_X0_Y2,L0_X10_Y0,22,L2_X10_Y1,1170.756742,16.017618,354.756742,533.161546,816.0,1349.161546,25,0.175513,0.004932,1772649167.457598
FP000030,L0_X0_Y2,L0_X10_Y0,23,L2_X10_Y2,1186.774356,16.017614,370.774356,533.161546,816.0,1349.161546,25,0.175513,0.004932,1772649167.457598
FP000030,L0_X0_Y2,L0_X10_Y0,24,L2_X9_Y2,1202.769273,15.994918,386.769273,533.161546,816.0,1349.161546,25,0.175513,0.004932,1772649167.457598
FP000030,L0_X0_Y2,L0_X10_Y0,25,L2_X8_Y2,1218.764183,15.994909,402.764183,533.161546,816.0,1349.161546,25,0.175513,0.004932,1772649167.457598
FP000030,L0_X0_Y2,L0_X10_Y0,26,L2_X7_Y2,1234.759083,15.994901,418.759083,533.161546,816.0,1349.161546,25,0.175513,0.004932,1772649167.457598
FP000030,L0_X0_Y2,L0_X10_Y0,27,L2_X6_Y2,1250.753975,15.994892,434.753975,533.161546,816.0,1349.161546,25,0.175513,0.004932,1772649167.457598
FP000030,L0_X0_Y2,L0_X10_Y0,28,L2_X5_Y2,1266.748859,15.994883,450.748859,533.161546,816.0,1349.161546,25,0.175513,0.004932,1772649167.457598
FP000030,L0_X0_Y2,L0_X10_Y0,29,L2_X4_Y2,1282.743733,15.994875,466.743733,533.161546,816.0,1349.161546,25,0.175513,0.004932,1772649167.457598
FP000030,L0_X0_Y2,L0_X10_Y0,30,L2_X3_Y2,1298.738599,15.994866,482.738599,533.161546,816.0,1349.161546,25,0.175513,0.004932,1772649167.457598
FP000030,L0_X0_Y2,L0_X10_Y0,31,L2_X2_Y2,1314.733457,15.994857,498.733457,533.161546,816.0,1349.161546,25,0.175513,0.004932,1772649167.457598
FP000030,L0_X0_Y2,L0_X10_Y0,32,L2_X1_Y2,1330.728306,15.994849,514.728306,533.161546,816.0,1349.161546,25,0.175513,0.004932,1772649167.457598
FP000030,L0_X0_Y2,L0_X10_Y0,33,L2_X0_Y2,1346.723146,15.99484,530.723146,533.161546,816.0,1349.161546,25,0.175513,0.004932,1772649167.457598
FP000030,L0_X0_Y2,L0_X10_Y0,34,L1_X0_Y2,1347.942346,1.2192,531.942346,533.161546,816.0,1349.161546,25,0.175513,0.004932,1772649167.457598
FP000030,L0_X0_Y2,L0_X10_Y0,35,L0_X0_Y2,1349.161546,1.2192,533.161546,533.161546,816.0,1349.161546,25,0.175513,0.004932,1772649167.457598
FP000031,L0_X0_Y2,L0_X14_Y3,0,L0_X0_Y2,919.0,0.0,0.0,610.649588,879.0,1489.649588,25,0.176761,0.255415,1772649169.522679
FP000031,L0_X0_Y2,L0_X14_Y3,1,L1_X0_Y2,920.2192,1.2192,41.2192,610.649588,879.0,1489.649588,25,0.176761,0.255415,1772649169.522679
FP000031,L0_X0_Y2,L0_X14_Y3,2,L2_X0_Y2,921.4384,1.2192,42.4384,610.649588,879.0,1489.649588,25,0.176761,0.255415,1772649169.522679
FP000031,L0_X0_Y2,L0_X14_Y3,3,L2_X1_Y2,937.43324,15.99484,58.43324,610.649588,879.0,1489.649588,25,0.176761,0.255415,1772649169.522679
FP000031,L0_X0_Y2,L0_X14_Y3,4,L2_X1_Y3,953.457562,16.024322,74.457562,610.649588,879.0,1489.649588,25,0.176761,0.255415,1772649169.522679
FP000031,L0_X0_Y2,L0_X14_Y3,5,L2_X2_Y3,969.452406,15.994845,90.452406,610.649588,879.0,1489.649588,25,0.176761,0.255415,1772649169.522679
FP000031,L0_X0_Y2,L0_X14_Y3,6,L2_X3_Y3,985.44726,15.994853,106.44726,610.649588,879.0,1489.649588,25,0.176761,0.255415,1772649169.522679
FP000031,L0_X0_Y2,L0_X14_Y3,7,L2_X4_Y3,1001.442122,15.994862,122.442122,610.649588,879.0,1489.649588,25,0.176761,0.255415,1772649169.522679
FP000031,L0_X0_Y2,L0_X14_Y3,8,L2_X5_Y3,1017.436992,15.994871,138.436992,610.649588,879.0,1489.649588,25,0.176761,0.255415,1772649169.522679
FP000031,L0_X0_Y2,L0_X14_Y3,9,L2_X6_Y3,1033.431871,15.994879,154.431871,610.649588,879.0,1489.649588,25,0.176761,0.255415,1772649169.522679
FP000031,L0_X0_Y2,L0_X14_Y3,10,L2_X7_Y3,1049.426759,15.994888,170.426759,610.649588,879.0,1489.649588,25,0.176761,0.255415,1772649169.522679
FP000031,L0_X0_Y2,L0_X14_Y3,11,L2_X8_Y3,1065.421655,15.994896,186.421655,610.649588,879.0,1489.649588,25,0.176761,0.255415,1772649169.522679
FP000031,L0_X0_Y2,L0_X14_Y3,12,L2_X9_Y3,1081.41656,15.994905,202.41656,610.649588,879.0,1489.649588,25,0.176761,0.255415,1772649169.522679
FP000031,L0_X0_Y2,L0_X14_Y3,13,L2_X10_Y3,1097.411474,15.994914,218.411474,610.649588,879.0,1489.649588,25,0.176761,0.255415,1772649169.522679
FP000031,L0_X0_Y2,L0_X14_Y3,14,L2_X11_Y3,1113.406396,15.994922,234.406396,610.649588,879.0,1489.649588,25,0.176761,0.255415,1772649169.522679
FP000031,L0_X0_Y2,L0_X14_Y3,15,L2_X12_Y3,1129.401327,15.994931,250.401327,610.649588,879.0,1489.649588,25,0.176761,0.255415,1772649169.522679
FP000031,L0_X0_Y2,L0_X14_Y3,16,L2_X13_Y3,1145.396267,15.99494,266.396267,610.649588,879.0,1489.649588,25,0.176761,0.255415,1772649169.522679
FP000031,L0_X0_Y2,L0_X14_Y3,17,L2_X14_Y3,1161.391215,15.994948,282.391215,610.649588,879.0,1489.649588,25,0.176761,0.255415,1772649169.522679
FP000031,L0_X0_Y2,L0_X14_Y3,18,L1_X14_Y3,1162.610415,1.2192,283.610415,610.649588,879.0,1489.649588,25,0.176761,0.255415,1772649169.522679
FP000031,L0_X0_Y2,L0_X14_Y3,19,L0_X14_Y3,1163.829615,1.2192,284.829615,610.649588,879.0,1489.649588,25,0.176761,0.255415,1772649169.522679
FP000031,L0_X0_Y2,L0_X14_Y3,20,L0_X14_Y3,1223.829615,60.0,344.829615,610.649588,879.0,1489.649588,25,0.176761,0.255415,1772649169.522679
FP000031,L0_X0_Y2,L0_X14_Y3,21,L1_X14_Y3,1246.048815,22.2192,367.048815,610.649588,879.0,1489.649588,25,0.176761,0.255415,1772649169.522679
FP000031,L0_X0_Y2,L0_X14_Y3,22,L2_X14_Y3,1247.268015,1.2192,368.268015,610.649588,879.0,1489.649588,25,0.176761,0.255415,1772649169.522679
FP000031,L0_X0_Y2,L0_X14_Y3,23,L2_X14_Y2,1263.28264,16.014625,384.28264,610.649588,879.0,1489.649588,25,0.176761,0.255415,1772649169.522679
FP000031,L0_X0_Y2,L0_X14_Y3,24,L2_X13_Y2,1279.277592,15.994952,400.277592,610.649588,879.0,1489.649588,25,0.176761,0.255415,1772649169.522679
FP000031,L0_X0_Y2,L0_X14_Y3,25,L2_X12_Y2,1295.272536,15.994944,416.272536,610.649588,879.0,1489.649588,25,0.176761,0.255415,1772649169.522679
FP000031,L0_X0_Y2,L0_X14_Y3,26,L2_X11_Y2,1311.267471,15.994935,432.267471,610.649588,879.0,1489.649588,25,0.176761,0.255415,1772649169.522679
FP000031,L0_X0_Y2,L0_X14_Y3,27,L2_X10_Y2,1327.262397,15.994926,448.262397,610.649588,879.0,1489.649588,25,0.176761,0.255415,1772649169.522679
FP000031,L0_X0_Y2,L0_X14_Y3,28,L2_X9_Y2,1343.257315,15.994918,464.257315,610.649588,879.0,1489.649588,25,0.176761,0.255415,1772649169.522679
FP000031,L0_X0_Y2,L0_X14_Y3,29,L2_X8_Y2,1359.252225,15.994909,480.252225,610.649588,879.0,1489.649588,25,0.176761,0.255415,1772649169.522679
FP000031,L0_X0_Y2,L0_X14_Y3,30,L2_X7_Y2,1375.247125,15.994901,496.247125,610.649588,879.0,1489.649588,25,0.176761,0.255415,1772649169.522679
FP000031,L0_X0_Y2,L0_X14_Y3,31,L2_X6_Y2,1391.242017,15.994892,512.242017,610.649588,879.0,1489.649588,25,0.176761,0.255415,1772649169.522679
FP000031,L0_X0_Y2,L0_X14_Y3,32,L2_X5_Y2,1407.2369,15.994883,528.2369,610.649588,879.0,1489.649588,25,0.176761,0.255415,1772649169.522679
FP000031,L0_X0_Y2,L0_X14_Y3,33,L2_X4_Y2,1423.231775,15.994875,544.231775,610.649588,879.0,1489.649588,25,0.176761,0.255415,1772649169.522679
FP000031,L0_X0_Y2,L0_X14_Y3,34,L2_X3_Y2,1439.226641,15.994866,560.226641,610.649588,879.0,1489.649588,25,0.176761,0.255415,1772649169.522679
FP000031,L0_X0_Y2,L0_X14_Y3,35,L2_X2_Y2,1455.221499,15.994857,576.221499,610.649588,879.0,1489.649588,25,0.176761,0.255415,1772649169.522679
FP000031,L0_X0_Y2,L0_X14_Y3,36,L2_X1_Y2,1471.216347,15.994849,592.216347,610.649588,879.0,1489.649588,25,0.176761,0.255415,1772649169.522679
FP000031,L0_X0_Y2,L0_X14_Y3,37,L2_X0_Y2,1487.211188,15.99484,608.211188,610.649588,879.0,1489.649588,25,0.176761,0.255415,1772649169.522679
FP000031,L0_X0_Y2,L0_X14_Y3,38,L1_X0_Y2,1488.430388,1.2192,609.430388,610.649588,879.0,1489.649588,25,0.176761,0.255415,1772649169.522679
FP000031,L0_X0_Y2,L0_X14_Y3,39,L0_X0_Y2,1489.649588,1.2192,610.649588,610.649588,879.0,1489.649588,25,0.176761,0.255415,1772649169.522679
FP000032,L0_X0_Y2,L0_X14_Y2,0,L0_X0_Y2,940.0,0.0,0.0,575.309895,935.0,1510.309895,25,0.253889,0.222473,1772649171.483437
FP000032,L0_X0_Y2,L0_X14_Y2,1,L1_X0_Y2,941.2192,1.2192,6.2192,575.309895,935.0,1510.309895,25,0.253889,0.222473,1772649171.483437
FP000032,L0_X0_Y2,L0_X14_Y2,2,L2_X0_Y2,942.4384,1.2192,7.4384,575.309895,935.0,1510.309895,25,0.253889,0.222473,1772649171.483437
FP000032,L0_X0_Y2,L0_X14_Y2,3,L2_X1_Y2,958.43324,15.99484,23.43324,575.309895,935.0,1510.309895,25,0.253889,0.222473,1772649171.483437
FP000032,L0_X0_Y2,L0_X14_Y2,4,L3_X1_Y2,959.65244,1.2192,24.65244,575.309895,935.0,1510.309895,25,0.253889,0.222473,1772649171.483437
FP000032,L0_X0_Y2,L0_X14_Y2,5,L3_X2_Y2,975.647289,15.994849,40.647289,575.309895,935.0,1510.309895,25,0.253889,0.222473,1772649171.483437
FP000032,L0_X0_Y2,L0_X14_Y2,6,L3_X3_Y2,991.642146,15.994857,56.642146,575.309895,935.0,1510.309895,25,0.253889,0.222473,1772649171.483437
FP000032,L0_X0_Y2,L0_X14_Y2,7,L3_X4_Y2,1007.637012,15.994866,72.637012,575.309895,935.0,1510.309895,25,0.253889,0.222473,1772649171.483437
FP000032,L0_X0_Y2,L0_X14_Y2,8,L3_X5_Y2,1023.631887,15.994875,88.631887,575.309895,935.0,1510.309895,25,0.253889,0.222473,1772649171.483437
FP000032,L0_X0_Y2,L0_X14_Y2,9,L3_X6_Y2,1039.626771,15.994883,104.626771,575.309895,935.0,1510.309895,25,0.253889,0.222473,1772649171.483437
FP000032,L0_X0_Y2,L0_X14_Y2,10,L3_X7_Y2,1055.621662,15.994892,120.621662,575.309895,935.0,1510.309895,25,0.253889,0.222473,1772649171.483437
FP000032,L0_X0_Y2,L0_X14_Y2,11,L3_X8_Y2,1071.616563,15.994901,136.616563,575.309895,935.0,1510.309895,25,0.253889,0.222473,1772649171.483437
FP000032,L0_X0_Y2,L0_X14_Y2,12,L3_X9_Y2,1087.611472,15.994909,152.611472,575.309895,935.0,1510.309895,25,0.253889,0.222473,1772649171.483437
FP000032,L0_X0_Y2,L0_X14_Y2,13,L3_X10_Y2,1103.60639,15.994918,168.60639,575.309895,935.0,1510.309895,25,0.253889,0.222473,1772649171.483437
FP000032,L0_X0_Y2,L0_X14_Y2,14,L2_X10_Y2,1104.82559,1.2192,169.82559,575.309895,935.0,1510.309895,25,0.253889,0.222473,1772649171.483437
FP000032,L0_X0_Y2,L0_X14_Y2,15,L2_X11_Y2,1120.820517,15.994926,185.820517,575.309895,935.0,1510.309895,25,0.253889,0.222473,1772649171.483437
FP000032,L0_X0_Y2,L0_X14_Y2,16,L2_X12_Y2,1136.815452,15.994935,201.815452,575.309895,935.0,1510.309895,25,0.253889,0.222473,1772649171.483437
FP000032,L0_X0_Y2,L0_X14_Y2,17,L2_X13_Y2,1152.810395,15.994944,217.810395,575.309895,935.0,1510.309895,25,0.253889,0.222473,1772649171.483437
FP000032,L0_X0_Y2,L0_X14_Y2,18,L2_X14_Y2,1168.805348,15.994952,233.805348,575.309895,935.0,1510.309895,25,0.253889,0.222473,1772649171.483437
FP000032,L0_X0_Y2,L0_X14_Y2,19,L1_X14_Y2,1170.024548,1.2192,235.024548,575.309895,935.0,1510.309895,25,0.253889,0.222473,1772649171.483437
FP000032,L0_X0_Y2,L0_X14_Y2,20,L0_X14_Y2,1171.243748,1.2192,236.243748,575.309895,935.0,1510.309895,25,0.253889,0.222473,1772649171.483437
FP000032,L0_X0_Y2,L0_X14_Y2,21,L0_X14_Y2,1231.243748,60.0,296.243748,575.309895,935.0,1510.309895,25,0.253889,0.222473,1772649171.483437
FP000032,L0_X0_Y2,L0_X14_Y2,22,L1_X14_Y2,1253.462948,22.2192,318.462948,575.309895,935.0,1510.309895,25,0.253889,0.222473,1772649171.483437
FP000032,L0_X0_Y2,L0_X14_Y2,23,L0_X14_Y2,1254.682148,1.2192,319.682148,575.309895,935.0,1510.309895,25,0.253889,0.222473,1772649171.483437
FP000032,L0_X0_Y2,L0_X14_Y2,24,L1_X14_Y2,1255.901348,1.2192,320.901348,575.309895,935.0,1510.309895,25,0.253889,0.222473,1772649171.483437
FP000032,L0_X0_Y2,L0_X14_Y2,25,L0_X14_Y2,1257.120548,1.2192,322.120548,575.309895,935.0,1510.309895,25,0.253889,0.222473,1772649171.483437
FP000032,L0_X0_Y2,L0_X14_Y2,26,L1_X14_Y2,1258.339748,1.2192,323.339748,575.309895,935.0,1510.309895,25,0.253889,0.222473,1772649171.483437
FP000032,L0_X0_Y2,L0_X14_Y2,27,L0_X14_Y2,1259.558948,1.2192,324.558948,575.309895,935.0,1510.309895,25,0.253889,0.222473,1772649171.483437
FP000032,L0_X0_Y2,L0_X14_Y2,28,L1_X14_Y2,1260.778148,1.2192,325.778148,575.309895,935.0,1510.309895,25,0.253889,0.222473,1772649171.483437
FP000032,L0_X0_Y2,L0_X14_Y2,29,L0_X14_Y2,1261.997348,1.2192,326.997348,575.309895,935.0,1510.309895,25,0.253889,0.222473,1772649171.483437
FP000032,L0_X0_Y2,L0_X14_Y2,30,L1_X14_Y2,1263.216548,1.2192,328.216548,575.309895,935.0,1510.309895,25,0.253889,0.222473,1772649171.483437
FP000032,L0_X0_Y2,L0_X14_Y2,31,L0_X14_Y2,1264.435748,1.2192,329.435748,575.309895,935.0,1510.309895,25,0.253889,0.222473,1772649171.483437
FP000032,L0_X0_Y2,L0_X14_Y2,32,L1_X14_Y2,1265.654948,1.2192,330.654948,575.309895,935.0,1510.309895,25,0.253889,0.222473,1772649171.483437
FP000032,L0_X0_Y2,L0_X14_Y2,33,L0_X14_Y2,1266.874148,1.2192,331.874148,575.309895,935.0,1510.309895,25,0.253889,0.222473,1772649171.483437
FP000032,L0_X0_Y2,L0_X14_Y2,34,L1_X14_Y2,1268.093348,1.2192,333.093348,575.309895,935.0,1510.309895,25,0.253889,0.222473,1772649171.483437
FP000032,L0_X0_Y2,L0_X14_Y2,35,L0_X14_Y2,1269.312548,1.2192,334.312548,575.309895,935.0,1510.309895,25,0.253889,0.222473,1772649171.483437
FP000032,L0_X0_Y2,L0_X14_Y2,36,L1_X14_Y2,1270.531748,1.2192,335.531748,575.309895,935.0,1510.309895,25,0.253889,0.222473,1772649171.483437
FP000032,L0_X0_Y2,L0_X14_Y2,37,L0_X14_Y2,1271.750948,1.2192,336.750948,575.309895,935.0,1510.309895,25,0.253889,0.222473,1772649171.483437
FP000032,L0_X0_Y2,L0_X14_Y2,38,L1_X14_Y2,1272.970148,1.2192,337.970148,575.309895,935.0,1510.309895,25,0.253889,0.222473,1772649171.483437
FP000032,L0_X0_Y2,L0_X14_Y2,39,L0_X14_Y2,1274.189348,1.2192,339.189348,575.309895,935.0,1510.309895,25,0.253889,0.222473,1772649171.483437
FP000032,L0_X0_Y2,L0_X14_Y2,40,L1_X14_Y2,1275.408548,1.2192,340.408548,575.309895,935.0,1510.309895,25,0.253889,0.222473,1772649171.483437
FP000032,L0_X0_Y2,L0_X14_Y2,41,L0_X14_Y2,1276.627748,1.2192,341.627748,575.309895,935.0,1510.309895,25,0.253889,0.222473,1772649171.483437
FP000032,L0_X0_Y2,L0_X14_Y2,42,L1_X14_Y2,1277.846948,1.2192,342.846948,575.309895,935.0,1510.309895,25,0.253889,0.222473,1772649171.483437
FP000032,L0_X0_Y2,L0_X14_Y2,43,L0_X14_Y2,1279.066148,1.2192,344.066148,575.309895,935.0,1510.309895,25,0.253889,0.222473,1772649171.483437
FP000032,L0_X0_Y2,L0_X14_Y2,44,L1_X14_Y2,1280.285348,1.2192,345.285348,575.309895,935.0,1510.309895,25,0.253889,0.222473,1772649171.483437
FP000032,L0_X0_Y2,L0_X14_Y2,45,L0_X14_Y2,1281.504548,1.2192,346.504548,575.309895,935.0,1510.309895,25,0.253889,0.222473,1772649171.483437
FP000032,L0_X0_Y2,L0_X14_Y2,46,L1_X14_Y2,1282.723748,1.2192,347.723748,575.309895,935.0,1510.309895,25,0.253889,0.222473,1772649171.483437
FP000032,L0_X0_Y2,L0_X14_Y2,47,L2_X14_Y2,1283.942948,1.2192,348.942948,575.309895,935.0,1510.309895,25,0.253889,0.222473,1772649171.483437
FP000032,L0_X0_Y2,L0_X14_Y2,48,L2_X13_Y2,1299.9379,15.994952,364.9379,575.309895,935.0,1510.309895,25,0.253889,0.222473,1772649171.483437
FP000032,L0_X0_Y2,L0_X14_Y2,49,L2_X12_Y2,1315.932844,15.994944,380.932844,575.309895,935.0,1510.309895,25,0.253889,0.222473,1772649171.483437
FP000032,L0_X0_Y2,L0_X14_Y2,50,L2_X11_Y2,1331.927779,15.994935,396.927779,575.309895,935.0,1510.309895,25,0.253889,0.222473,1772649171.483437
FP000032,L0_X0_Y2,L0_X14_Y2,51,L2_X10_Y2,1347.922705,15.994926,412.922705,575.309895,935.0,1510.309895,25,0.253889,0.222473,1772649171.483437
FP000032,L0_X0_Y2,L0_X14_Y2,52,L2_X9_Y2,1363.917623,15.994918,428.917623,575.309895,935.0,1510.309895,25,0.253889,0.222473,1772649171.483437
FP000032,L0_X0_Y2,L0_X14_Y2,53,L2_X8_Y2,1379.912532,15.994909,444.912532,575.309895,935.0,1510.309895,25,0.253889,0.222473,1772649171.483437
FP000032,L0_X0_Y2,L0_X14_Y2,54,L2_X7_Y2,1395.907433,15.994901,460.907433,575.309895,935.0,1510.309895,25,0.253889,0.222473,1772649171.483437
FP000032,L0_X0_Y2,L0_X14_Y2,55,L2_X6_Y2,1411.902325,15.994892,476.902325,575.309895,935.0,1510.309895,25,0.253889,0.222473,1772649171.483437
FP000032,L0_X0_Y2,L0_X14_Y2,56,L2_X5_Y2,1427.897208,15.994883,492.897208,575.309895,935.0,1510.309895,25,0.253889,0.222473,1772649171.483437
FP000032,L0_X0_Y2,L0_X14_Y2,57,L2_X4_Y2,1443.892083,15.994875,508.892083,575.309895,935.0,1510.309895,25,0.253889,0.222473,1772649171.483437
FP000032,L0_X0_Y2,L0_X14_Y2,58,L2_X3_Y2,1459.886949,15.994866,524.886949,575.309895,935.0,1510.309895,25,0.253889,0.222473,1772649171.483437
FP000032,L0_X0_Y2,L0_X14_Y2,59,L2_X2_Y2,1475.881807,15.994857,540.881807,575.309895,935.0,1510.309895,25,0.253889,0.222473,1772649171.483437
FP000032,L0_X0_Y2,L0_X14_Y2,60,L2_X1_Y2,1491.876655,15.994849,556.876655,575.309895,935.0,1510.309895,25,0.253889,0.222473,1772649171.483437
FP000032,L0_X0_Y2,L0_X14_Y2,61,L2_X0_Y2,1507.871495,15.99484,572.871495,575.309895,935.0,1510.309895,25,0.253889,0.222473,1772649171.483437
FP000032,L0_X0_Y2,L0_X14_Y2,62,L1_X0_Y2,1509.090695,1.2192,574.090695,575.309895,935.0,1510.309895,25,0.253889,0.222473,1772649171.483437
FP000032,L0_X0_Y2,L0_X14_Y2,63,L0_X0_Y2,1510.309895,1.2192,575.309895,575.309895,935.0,1510.309895,25,0.253889,0.222473,1772649171.483437
FP000033,L0_X0_Y2,L0_X0_Y4,0,L0_X0_Y2,967.0,0.0,0.0,154.853858,967.0,1121.853858,25,0.012789,0.321932,1772649172.293688
FP000033,L0_X0_Y2,L0_X0_Y4,1,L1_X0_Y2,968.2192,1.2192,1.2192,154.853858,967.0,1121.853858,25,0.012789,0.321932,1772649172.293688
FP000033,L0_X0_Y2,L0_X0_Y4,2,L2_X0_Y2,969.4384,1.2192,2.4384,154.853858,967.0,1121.853858,25,0.012789,0.321932,1772649172.293688
FP000033,L0_X0_Y2,L0_X0_Y4,3,L2_X0_Y3,985.463467,16.025067,18.463467,154.853858,967.0,1121.853858,25,0.012789,0.321932,1772649172.293688
FP000033,L0_X0_Y2,L0_X0_Y4,4,L2_X0_Y4,1001.488529,16.025062,34.488529,154.853858,967.0,1121.853858,25,0.012789,0.321932,1772649172.293688
FP000033,L0_X0_Y2,L0_X0_Y4,5,L1_X0_Y4,1002.707729,1.2192,35.707729,154.853858,967.0,1121.853858,25,0.012789,0.321932,1772649172.293688
FP000033,L0_X0_Y2,L0_X0_Y4,6,L0_X0_Y4,1003.926929,1.2192,36.926929,154.853858,967.0,1121.853858,25,0.012789,0.321932,1772649172.293688
FP000033,L0_X0_Y2,L0_X0_Y4,7,L0_X0_Y4,1063.926929,60.0,96.926929,154.853858,967.0,1121.853858,25,0.012789,0.321932,1772649172.293688
FP000033,L0_X0_Y2,L0_X0_Y4,8,L1_X0_Y4,1086.146129,22.2192,119.146129,154.853858,967.0,1121.853858,25,0.012789,0.321932,1772649172.293688
FP000033,L0_X0_Y2,L0_X0_Y4,9,L2_X0_Y4,1087.365329,1.2192,120.365329,154.853858,967.0,1121.853858,25,0.012789,0.321932,1772649172.293688
FP000033,L0_X0_Y2,L0_X0_Y4,10,L2_X0_Y3,1103.390391,16.025062,136.390391,154.853858,967.0,1121.853858,25,0.012789,0.321932,1772649172.293688
FP000033,L0_X0_Y2,L0_X0_Y4,11,L2_X0_Y2,1119.415458,16.025067,152.415458,154.853858,967.0,1121.853858,25,0.012789,0.321932,1772649172.293688
FP000033,L0_X0_Y2,L0_X0_Y4,12,L1_X0_Y2,1120.634658,1.2192,153.634658,154.853858,967.0,1121.853858,25,0.012789,0.321932,1772649172.293688
FP000033,L0_X0_Y2,L0_X0_Y4,13,L0_X0_Y2,1121.853858,1.2192,154.853858,154.853858,967.0,1121.853858,25,0.012789,0.321932,1772649172.293688
FP000035,L0_X0_Y2,L0_X6_Y2,0,L0_X0_Y2,1027.0,0.0,0.0,301.130341,1011.0,1312.130341,25,0.17057,3.024037,1772649176.40145
FP000035,L0_X0_Y2,L0_X6_Y2,1,L1_X0_Y2,1028.2192,1.2192,17.2192,301.130341,1011.0,1312.130341,25,0.17057,3.024037,1772649176.40145
FP000035,L0_X0_Y2,L0_X6_Y2,2,L2_X0_Y2,1029.4384,1.2192,18.4384,301.130341,1011.0,1312.130341,25,0.17057,3.024037,1772649176.40145
FP000035,L0_X0_Y2,L0_X6_Y2,3,L2_X1_Y2,1045.43324,15.99484,34.43324,301.130341,1011.0,1312.130341,25,0.17057,3.024037,1772649176.40145
FP000035,L0_X0_Y2,L0_X6_Y2,4,L2_X2_Y2,1061.428089,15.994849,50.428089,301.130341,1011.0,1312.130341,25,0.17057,3.024037,1772649176.40145
FP000035,L0_X0_Y2,L0_X6_Y2,5,L2_X3_Y2,1077.422946,15.994857,66.422946,301.130341,1011.0,1312.130341,25,0.17057,3.024037,1772649176.40145
FP000035,L0_X0_Y2,L0_X6_Y2,6,L3_X3_Y2,1078.642146,1.2192,67.642146,301.130341,1011.0,1312.130341,25,0.17057,3.024037,1772649176.40145
FP000035,L0_X0_Y2,L0_X6_Y2,7,L3_X4_Y2,1094.637012,15.994866,83.637012,301.130341,1011.0,1312.130341,25,0.17057,3.024037,1772649176.40145
FP000035,L0_X0_Y2,L0_X6_Y2,8,L3_X5_Y2,1110.631887,15.994875,99.631887,301.130341,1011.0,1312.130341,25,0.17057,3.024037,1772649176.40145
FP000035,L0_X0_Y2,L0_X6_Y2,9,L2_X5_Y2,1111.851087,1.2192,100.851087,301.130341,1011.0,1312.130341,25,0.17057,3.024037,1772649176.40145
FP000035,L0_X0_Y2,L0_X6_Y2,10,L2_X6_Y2,1127.845971,15.994883,116.845971,301.130341,1011.0,1312.130341,25,0.17057,3.024037,1772649176.40145
FP000035,L0_X0_Y2,L0_X6_Y2,11,L1_X6_Y2,1129.065171,1.2192,118.065171,301.130341,1011.0,1312.130341,25,0.17057,3.024037,1772649176.40145
FP000035,L0_X0_Y2,L0_X6_Y2,12,L0_X6_Y2,1130.284371,1.2192,119.284371,301.130341,1011.0,1312.130341,25,0.17057,3.024037,1772649176.40145
FP000035,L0_X0_Y2,L0_X6_Y2,13,L0_X6_Y2,1190.284371,60.0,179.284371,301.130341,1011.0,1312.130341,25,0.17057,3.024037,1772649176.40145
FP000035,L0_X0_Y2,L0_X6_Y2,14,L1_X6_Y2,1212.503571,22.2192,201.503571,301.130341,1011.0,1312.130341,25,0.17057,3.024037,1772649176.40145
FP000035,L0_X0_Y2,L0_X6_Y2,15,L2_X6_Y2,1213.722771,1.2192,202.722771,301.130341,1011.0,1312.130341,25,0.17057,3.024037,1772649176.40145
FP000035,L0_X0_Y2,L0_X6_Y2,16,L2_X5_Y2,1229.717654,15.994883,218.717654,301.130341,1011.0,1312.130341,25,0.17057,3.024037,1772649176.40145
FP000035,L0_X0_Y2,L0_X6_Y2,17,L2_X4_Y2,1245.712529,15.994875,234.712529,301.130341,1011.0,1312.130341,25,0.17057,3.024037,1772649176.40145
FP000035,L0_X0_Y2,L0_X6_Y2,18,L2_X3_Y2,1261.707395,15.994866,250.707395,301.130341,1011.0,1312.130341,25,0.17057,3.024037,1772649176.40145
FP000035,L0_X0_Y2,L0_X6_Y2,19,L2_X2_Y2,1277.702252,15.994857,266.702252,301.130341,1011.0,1312.130341,25,0.17057,3.024037,1772649176.40145
FP000035,L0_X0_Y2,L0_X6_Y2,20,L2_X1_Y2,1293.697101,15.994849,282.697101,301.130341,1011.0,1312.130341,25,0.17057,3.024037,1772649176.40145
FP000035,L0_X0_Y2,L0_X6_Y2,21,L2_X0_Y2,1309.691941,15.99484,298.691941,301.130341,1011.0,1312.130341,25,0.17057,3.024037,1772649176.40145
FP000035,L0_X0_Y2,L0_X6_Y2,22,L1_X0_Y2,1310.911141,1.2192,299.911141,301.130341,1011.0,1312.130341,25,0.17057,3.024037,1772649176.40145
FP000035,L0_X0_Y2,L0_X6_Y2,23,L0_X0_Y2,1312.130341,1.2192,301.130341,301.130341,1011.0,1312.130341,25,0.17057,3.024037,1772649176.40145
FP000036,L0_X14_Y6,L0_X13_Y4,0,L0_X14_Y6,1019.0,0.0,0.0,189.240347,1019.0,1208.240347,25,0.043859,3.482704,1772649179.789571
FP000036,L0_X14_Y6,L0_X13_Y4,1,L1_X14_Y6,1020.2192,1.2192,1.2192,189.240347,1019.0,1208.240347,25,0.043859,3.482704,1772649179.789571
FP000036,L0_X14_Y6,L0_X13_Y4,2,L2_X14_Y6,1021.4384,1.2192,2.4384,189.240347,1019.0,1208.240347,25,0.043859,3.482704,1772649179.789571
FP000036,L0_X14_Y6,L0_X13_Y4,3,L2_X14_Y5,1037.453013,16.014613,18.453013,189.240347,1019.0,1208.240347,25,0.043859,3.482704,1772649179.789571
FP000036,L0_X14_Y6,L0_X13_Y4,4,L2_X14_Y4,1053.467629,16.014617,34.467629,189.240347,1019.0,1208.240347,25,0.043859,3.482704,1772649179.789571
FP000036,L0_X14_Y6,L0_X13_Y4,5,L1_X14_Y4,1054.686829,1.2192,35.686829,189.240347,1019.0,1208.240347,25,0.043859,3.482704,1772649179.789571
FP000036,L0_X14_Y6,L0_X13_Y4,6,L1_X13_Y4,1070.681773,15.994944,51.681773,189.240347,1019.0,1208.240347,25,0.043859,3.482704,1772649179.789571
FP000036,L0_X14_Y6,L0_X13_Y4,7,L0_X13_Y4,1071.900973,1.2192,52.900973,189.240347,1019.0,1208.240347,25,0.043859,3.482704,1772649179.789571
FP000036,L0_X14_Y6,L0_X13_Y4,8,L0_X13_Y4,1131.900973,60.0,112.900973,189.240347,1019.0,1208.240347,25,0.043859,3.482704,1772649179.789571
FP000036,L0_X14_Y6,L0_X13_Y4,9,L1_X13_Y4,1154.120173,22.2192,135.120173,189.240347,1019.0,1208.240347,25,0.043859,3.482704,1772649179.789571
FP000036,L0_X14_Y6,L0_X13_Y4,10,L1_X14_Y4,1170.115117,15.994944,151.115117,189.240347,1019.0,1208.240347,25,0.043859,3.482704,1772649179.789571
FP000036,L0_X14_Y6,L0_X13_Y4,11,L1_X14_Y5,1186.129734,16.014617,167.129734,189.240347,1019.0,1208.240347,25,0.043859,3.482704,1772649179.789571
FP000036,L0_X14_Y6,L0_X13_Y4,12,L2_X14_Y5,1187.348934,1.2192,168.348934,189.240347,1019.0,1208.240347,25,0.043859,3.482704,1772649179.789571
FP000036,L0_X14_Y6,L0_X13_Y4,13,L1_X14_Y5,1188.568134,1.2192,169.568134,189.240347,1019.0,1208.240347,25,0.043859,3.482704,1772649179.789571
FP000036,L0_X14_Y6,L0_X13_Y4,14,L2_X14_Y5,1189.787334,1.2192,170.787334,189.240347,1019.0,1208.240347,25,0.043859,3.482704,1772649179.789571
FP000036,L0_X14_Y6,L0_X13_Y4,15,L2_X14_Y6,1205.801947,16.014613,186.801947,189.240347,1019.0,1208.240347,25,0.043859,3.482704,1772649179.789571
FP000036,L0_X14_Y6,L0_X13_Y4,16,L1_X14_Y6,1207.021147,1.2192,188.021147,189.240347,1019.0,1208.240347,25,0.043859,3.482704,1772649179.789571
FP000036,L0_X14_Y6,L0_X13_Y4,17,L0_X14_Y6,1208.240347,1.2192,189.240347,189.240347,1019.0,1208.240347,25,0.043859,3.482704,1772649179.789571
FP000037,L0_X0_Y2,L0_X12_Y6,0,L0_X0_Y2,1076.0,0.0,0.0,602.773143,1076.0,1678.773143,25,0.421985,2.494498,1772649182.692917
FP000037,L0_X0_Y2,L0_X12_Y6,1,L1_X0_Y2,1077.2192,1.2192,1.2192,602.773143,1076.0,1678.773143,25,0.421985,2.494498,1772649182.692917
FP000037,L0_X0_Y2,L0_X12_Y6,2,L2_X0_Y2,1078.4384,1.2192,2.4384,602.773143,1076.0,1678.773143,25,0.421985,2.494498,1772649182.692917
FP000037,L0_X0_Y2,L0_X12_Y6,3,L2_X1_Y2,1094.43324,15.99484,18.43324,602.773143,1076.0,1678.773143,25,0.421985,2.494498,1772649182.692917
FP000037,L0_X0_Y2,L0_X12_Y6,4,L2_X1_Y3,1110.457562,16.024322,34.457562,602.773143,1076.0,1678.773143,25,0.421985,2.494498,1772649182.692917
FP000037,L0_X0_Y2,L0_X12_Y6,5,L2_X2_Y3,1126.452406,15.994845,50.452406,602.773143,1076.0,1678.773143,25,0.421985,2.494498,1772649182.692917
FP000037,L0_X0_Y2,L0_X12_Y6,6,L2_X3_Y3,1142.44726,15.994853,66.44726,602.773143,1076.0,1678.773143,25,0.421985,2.494498,1772649182.692917
FP000037,L0_X0_Y2,L0_X12_Y6,7,L2_X4_Y3,1158.442122,15.994862,82.442122,602.773143,1076.0,1678.773143,25,0.421985,2.494498,1772649182.692917
FP000037,L0_X0_Y2,L0_X12_Y6,8,L2_X5_Y3,1174.436992,15.994871,98.436992,602.773143,1076.0,1678.773143,25,0.421985,2.494498,1772649182.692917
FP000037,L0_X0_Y2,L0_X12_Y6,9,L2_X6_Y3,1190.431871,15.994879,114.431871,602.773143,1076.0,1678.773143,25,0.421985,2.494498,1772649182.692917
FP000037,L0_X0_Y2,L0_X12_Y6,10,L2_X7_Y3,1206.426759,15.994888,130.426759,602.773143,1076.0,1678.773143,25,0.421985,2.494498,1772649182.692917
FP000037,L0_X0_Y2,L0_X12_Y6,11,L2_X8_Y3,1222.421655,15.994896,146.421655,602.773143,1076.0,1678.773143,25,0.421985,2.494498,1772649182.692917
FP000037,L0_X0_Y2,L0_X12_Y6,12,L2_X9_Y3,1238.41656,15.994905,162.41656,602.773143,1076.0,1678.773143,25,0.421985,2.494498,1772649182.692917
FP000037,L0_X0_Y2,L0_X12_Y6,13,L2_X10_Y3,1254.411474,15.994914,178.411474,602.773143,1076.0,1678.773143,25,0.421985,2.494498,1772649182.692917
FP000037,L0_X0_Y2,L0_X12_Y6,14,L2_X11_Y3,1270.406396,15.994922,194.406396,602.773143,1076.0,1678.773143,25,0.421985,2.494498,1772649182.692917
FP000037,L0_X0_Y2,L0_X12_Y6,15,L2_X11_Y4,1286.423256,16.016859,210.423256,602.773143,1076.0,1678.773143,25,0.421985,2.494498,1772649182.692917
FP000037,L0_X0_Y2,L0_X12_Y6,16,L2_X11_Y5,1302.440111,16.016855,226.440111,602.773143,1076.0,1678.773143,25,0.421985,2.494498,1772649182.692917
FP000037,L0_X0_Y2,L0_X12_Y6,17,L2_X11_Y6,1318.456961,16.016851,242.456961,602.773143,1076.0,1678.773143,25,0.421985,2.494498,1772649182.692917
FP000037,L0_X0_Y2,L0_X12_Y6,18,L2_X12_Y6,1334.45188,15.994918,258.45188,602.773143,1076.0,1678.773143,25,0.421985,2.494498,1772649182.692917
FP000037,L0_X0_Y2,L0_X12_Y6,19,L1_X12_Y6,1335.67108,1.2192,259.67108,602.773143,1076.0,1678.773143,25,0.421985,2.494498,1772649182.692917
FP000037,L0_X0_Y2,L0_X12_Y6,20,L0_X12_Y6,1336.89028,1.2192,260.89028,602.773143,1076.0,1678.773143,25,0.421985,2.494498,1772649182.692917
FP000037,L0_X0_Y2,L0_X12_Y6,21,L0_X12_Y6,1396.89028,60.0,320.89028,602.773143,1076.0,1678.773143,25,0.421985,2.494498,1772649182.692917
FP000037,L0_X0_Y2,L0_X12_Y6,22,L1_X12_Y6,1419.10948,22.2192,343.10948,602.773143,1076.0,1678.773143,25,0.421985,2.494498,1772649182.692917
FP000037,L0_X0_Y2,L0_X12_Y6,23,L2_X12_Y6,1420.32868,1.2192,344.32868,602.773143,1076.0,1678.773143,25,0.421985,2.494498,1772649182.692917
FP000037,L0_X0_Y2,L0_X12_Y6,24,L2_X11_Y6,1436.323598,15.994918,360.323598,602.773143,1076.0,1678.773143,25,0.421985,2.494498,1772649182.692917
FP000037,L0_X0_Y2,L0_X12_Y6,25,L2_X11_Y5,1452.340449,16.016851,376.340449,602.773143,1076.0,1678.773143,25,0.421985,2.494498,1772649182.692917
FP000037,L0_X0_Y2,L0_X12_Y6,26,L2_X11_Y4,1468.357304,16.016855,392.357304,602.773143,1076.0,1678.773143,25,0.421985,2.494498,1772649182.692917
FP000037,L0_X0_Y2,L0_X12_Y6,27,L2_X11_Y3,1484.374163,16.016859,408.374163,602.773143,1076.0,1678.773143,25,0.421985,2.494498,1772649182.692917
FP000037,L0_X0_Y2,L0_X12_Y6,28,L2_X11_Y2,1500.391027,16.016864,424.391027,602.773143,1076.0,1678.773143,25,0.421985,2.494498,1772649182.692917
FP000037,L0_X0_Y2,L0_X12_Y6,29,L2_X10_Y2,1516.385953,15.994926,440.385953,602.773143,1076.0,1678.773143,25,0.421985,2.494498,1772649182.692917
FP000037,L0_X0_Y2,L0_X12_Y6,30,L2_X9_Y2,1532.380871,15.994918,456.380871,602.773143,1076.0,1678.773143,25,0.421985,2.494498,1772649182.692917
FP000037,L0_X0_Y2,L0_X12_Y6,31,L2_X8_Y2,1548.37578,15.994909,472.37578,602.773143,1076.0,1678.773143,25,0.421985,2.494498,1772649182.692917
FP000037,L0_X0_Y2,L0_X12_Y6,32,L2_X7_Y2,1564.370681,15.994901,488.370681,602.773143,1076.0,1678.773143,25,0.421985,2.494498,1772649182.692917
FP000037,L0_X0_Y2,L0_X12_Y6,33,L2_X6_Y2,1580.365573,15.994892,504.365573,602.773143,1076.0,1678.773143,25,0.421985,2.494498,1772649182.692917
FP000037,L0_X0_Y2,L0_X12_Y6,34,L2_X5_Y2,1596.360456,15.994883,520.360456,602.773143,1076.0,1678.773143,25,0.421985,2.494498,1772649182.692917
FP000037,L0_X0_Y2,L0_X12_Y6,35,L2_X4_Y2,1612.355331,15.994875,536.355331,602.773143,1076.0,1678.773143,25,0.421985,2.494498,1772649182.692917
FP000037,L0_X0_Y2,L0_X12_Y6,36,L2_X3_Y2,1628.350197,15.994866,552.350197,602.773143,1076.0,1678.773143,25,0.421985,2.494498,1772649182.692917
FP000037,L0_X0_Y2,L0_X12_Y6,37,L2_X2_Y2,1644.345054,15.994857,568.345054,602.773143,1076.0,1678.773143,25,0.421985,2.494498,1772649182.692917
FP000037,L0_X0_Y2,L0_X12_Y6,38,L2_X1_Y2,1660.339903,15.994849,584.339903,602.773143,1076.0,1678.773143,25,0.421985,2.494498,1772649182.692917
FP000037,L0_X0_Y2,L0_X12_Y6,39,L2_X0_Y2,1676.334743,15.99484,600.334743,602.773143,1076.0,1678.773143,25,0.421985,2.494498,1772649182.692917
FP000037,L0_X0_Y2,L0_X12_Y6,40,L1_X0_Y2,1677.553943,1.2192,601.553943,602.773143,1076.0,1678.773143,25,0.421985,2.494498,1772649182.692917
FP000037,L0_X0_Y2,L0_X12_Y6,41,L0_X0_Y2,1678.773143,1.2192,602.773143,602.773143,1076.0,1678.773143,25,0.421985,2.494498,1772649182.692917
FP000038,L0_X14_Y6,L0_X12_Y4,0,L0_X14_Y6,1083.0,0.0,0.0,218.791818,1083.0,1301.791818,25,0.042407,1.44475,1772649183.727396
FP000038,L0_X14_Y6,L0_X12_Y4,1,L1_X14_Y6,1084.2192,1.2192,1.2192,218.791818,1083.0,1301.791818,25,0.042407,1.44475,1772649183.727396
FP000038,L0_X14_Y6,L0_X12_Y4,2,L2_X14_Y6,1085.4384,1.2192,2.4384,218.791818,1083.0,1301.791818,25,0.042407,1.44475,1772649183.727396
FP000038,L0_X14_Y6,L0_X12_Y4,3,L2_X14_Y5,1101.453013,16.014613,18.453013,218.791818,1083.0,1301.791818,25,0.042407,1.44475,1772649183.727396
FP000038,L0_X14_Y6,L0_X12_Y4,4,L2_X14_Y4,1117.467629,16.014617,34.467629,218.791818,1083.0,1301.791818,25,0.042407,1.44475,1772649183.727396
FP000038,L0_X14_Y6,L0_X12_Y4,5,L2_X13_Y4,1133.462573,15.994944,50.462573,218.791818,1083.0,1301.791818,25,0.042407,1.44475,1772649183.727396
FP000038,L0_X14_Y6,L0_X12_Y4,6,L2_X12_Y4,1149.457509,15.994935,66.457509,218.791818,1083.0,1301.791818,25,0.042407,1.44475,1772649183.727396
FP000038,L0_X14_Y6,L0_X12_Y4,7,L1_X12_Y4,1150.676709,1.2192,67.676709,218.791818,1083.0,1301.791818,25,0.042407,1.44475,1772649183.727396
FP000038,L0_X14_Y6,L0_X12_Y4,8,L0_X12_Y4,1151.895909,1.2192,68.895909,218.791818,1083.0,1301.791818,25,0.042407,1.44475,1772649183.727396
FP000038,L0_X14_Y6,L0_X12_Y4,9,L0_X12_Y4,1211.895909,60.0,128.895909,218.791818,1083.0,1301.791818,25,0.042407,1.44475,1772649183.727396
FP000038,L0_X14_Y6,L0_X12_Y4,10,L1_X12_Y4,1234.115109,22.2192,151.115109,218.791818,1083.0,1301.791818,25,0.042407,1.44475,1772649183.727396
FP000038,L0_X14_Y6,L0_X12_Y4,11,L2_X12_Y4,1235.334309,1.2192,152.334309,218.791818,1083.0,1301.791818,25,0.042407,1.44475,1772649183.727396
FP000038,L0_X14_Y6,L0_X12_Y4,12,L2_X13_Y4,1251.329244,15.994935,168.329244,218.791818,1083.0,1301.791818,25,0.042407,1.44475,1772649183.727396
FP000038,L0_X14_Y6,L0_X12_Y4,13,L2_X14_Y4,1267.324188,15.994944,184.324188,218.791818,1083.0,1301.791818,25,0.042407,1.44475,1772649183.727396
FP000038,L0_X14_Y6,L0_X12_Y4,14,L2_X14_Y5,1283.338805,16.014617,200.338805,218.791818,1083.0,1301.791818,25,0.042407,1.44475,1772649183.727396
FP000038,L0_X14_Y6,L0_X12_Y4,15,L2_X14_Y6,1299.353418,16.014613,216.353418,218.791818,1083.0,1301.791818,25,0.042407,1.44475,1772649183.727396
FP000038,L0_X14_Y6,L0_X12_Y4,16,L1_X14_Y6,1300.572618,1.2192,217.572618,218.791818,1083.0,1301.791818,25,0.042407,1.44475,1772649183.727396
FP000038,L0_X14_Y6,L0_X12_Y4,17,L0_X14_Y6,1301.791818,1.2192,218.791818,218.791818,1083.0,1301.791818,25,0.042407,1.44475,1772649183.727396
FP000039,L0_X14_Y6,L0_X13_Y0,0,L0_X14_Y6,1149.0,0.0,0.0,317.361849,1149.0,1466.361849,25,0.042215,0.067608,1772649183.79582
FP000039,L0_X14_Y6,L0_X13_Y0,1,L1_X14_Y6,1150.2192,1.2192,1.2192,317.361849,1149.0,1466.361849,25,0.042215,0.067608,1772649183.79582
FP000039,L0_X14_Y6,L0_X13_Y0,2,L2_X14_Y6,1151.4384,1.2192,2.4384,317.361849,1149.0,1466.361849,25,0.042215,0.067608,1772649183.79582
FP000039,L0_X14_Y6,L0_X13_Y0,3,L2_X13_Y6,1167.433336,15.994936,18.433336,317.361849,1149.0,1466.361849,25,0.042215,0.067608,1772649183.79582
FP000039,L0_X14_Y6,L0_X13_Y0,4,L2_X13_Y5,1183.448694,16.015359,34.448694,317.361849,1149.0,1466.361849,25,0.042215,0.067608,1772649183.79582
FP000039,L0_X14_Y6,L0_X13_Y0,5,L2_X13_Y4,1199.464057,16.015363,50.464057,317.361849,1149.0,1466.361849,25,0.042215,0.067608,1772649183.79582
FP000039,L0_X14_Y6,L0_X13_Y0,6,L2_X13_Y3,1215.479424,16.015367,66.479424,317.361849,1149.0,1466.361849,25,0.042215,0.067608,1772649183.79582
FP000039,L0_X14_Y6,L0_X13_Y0,7,L3_X13_Y3,1216.698624,1.2192,67.698624,317.361849,1149.0,1466.361849,25,0.042215,0.067608,1772649183.79582
FP000039,L0_X14_Y6,L0_X13_Y0,8,L3_X13_Y2,1232.713996,16.015371,83.713996,317.361849,1149.0,1466.361849,25,0.042215,0.067608,1772649183.79582
FP000039,L0_X14_Y6,L0_X13_Y0,9,L3_X13_Y1,1248.729371,16.015375,99.729371,317.361849,1149.0,1466.361849,25,0.042215,0.067608,1772649183.79582
FP000039,L0_X14_Y6,L0_X13_Y0,10,L3_X13_Y0,1264.744751,16.01538,115.744751,317.361849,1149.0,1466.361849,25,0.042215,0.067608,1772649183.79582
FP000039,L0_X14_Y6,L0_X13_Y0,11,L2_X13_Y0,1265.963951,1.2192,116.963951,317.361849,1149.0,1466.361849,25,0.042215,0.067608,1772649183.79582
FP000039,L0_X14_Y6,L0_X13_Y0,12,L1_X13_Y0,1267.183151,1.2192,118.183151,317.361849,1149.0,1466.361849,25,0.042215,0.067608,1772649183.79582
FP000039,L0_X14_Y6,L0_X13_Y0,13,L0_X13_Y0,1268.402351,1.2192,119.402351,317.361849,1149.0,1466.361849,25,0.042215,0.067608,1772649183.79582
FP000039,L0_X14_Y6,L0_X13_Y0,14,L0_X13_Y0,1328.402351,60.0,179.402351,317.361849,1149.0,1466.361849,25,0.042215,0.067608,1772649183.79582
FP000039,L0_X14_Y6,L0_X13_Y0,15,L1_X13_Y0,1350.621551,22.2192,201.621551,317.361849,1149.0,1466.361849,25,0.042215,0.067608,1772649183.79582
FP000039,L0_X14_Y6,L0_X13_Y0,16,L2_X13_Y0,1351.840751,1.2192,202.840751,317.361849,1149.0,1466.361849,25,0.042215,0.067608,1772649183.79582
FP000039,L0_X14_Y6,L0_X13_Y0,17,L2_X14_Y0,1367.835711,15.994961,218.835711,317.361849,1149.0,1466.361849,25,0.042215,0.067608,1772649183.79582
FP000039,L0_X14_Y6,L0_X13_Y0,18,L2_X14_Y1,1383.850344,16.014633,234.850344,317.361849,1149.0,1466.361849,25,0.042215,0.067608,1772649183.79582
FP000039,L0_X14_Y6,L0_X13_Y0,19,L2_X14_Y2,1399.864974,16.014629,250.864974,317.361849,1149.0,1466.361849,25,0.042215,0.067608,1772649183.79582
FP000039,L0_X14_Y6,L0_X13_Y0,20,L2_X14_Y3,1415.879599,16.014625,266.879599,317.361849,1149.0,1466.361849,25,0.042215,0.067608,1772649183.79582
FP000039,L0_X14_Y6,L0_X13_Y0,21,L2_X14_Y4,1431.894219,16.014621,282.894219,317.361849,1149.0,1466.361849,25,0.042215,0.067608,1772649183.79582
FP000039,L0_X14_Y6,L0_X13_Y0,22,L2_X14_Y5,1447.908836,16.014617,298.908836,317.361849,1149.0,1466.361849,25,0.042215,0.067608,1772649183.79582
FP000039,L0_X14_Y6,L0_X13_Y0,23,L2_X14_Y6,1463.923449,16.014613,314.923449,317.361849,1149.0,1466.361849,25,0.042215,0.067608,1772649183.79582
FP000039,L0_X14_Y6,L0_X13_Y0,24,L1_X14_Y6,1465.142649,1.2192,316.142649,317.361849,1149.0,1466.361849,25,0.042215,0.067608,1772649183.79582
FP000039,L0_X14_Y6,L0_X13_Y0,25,L0_X14_Y6,1466.361849,1.2192,317.361849,317.361849,1149.0,1466.361849,25,0.042215,0.067608,1772649183.79582
FP000040,L0_X0_Y2,L0_X13_Y2,0,L0_X0_Y2,1184.0,0.0,0.0,525.374391,1175.0,1700.374391,25,0.353448,0.074725,1772649184.182784
FP000040,L0_X0_Y2,L0_X13_Y2,1,L1_X0_Y2,1185.2192,1.2192,10.2192,525.374391,1175.0,1700.374391,25,0.353448,0.074725,1772649184.182784
FP000040,L0_X0_Y2,L0_X13_Y2,2,L2_X0_Y2,1186.4384,1.2192,11.4384,525.374391,1175.0,1700.374391,25,0.353448,0.074725,1772649184.182784
FP000040,L0_X0_Y2,L0_X13_Y2,3,L2_X1_Y2,1202.43324,15.99484,27.43324,525.374391,1175.0,1700.374391,25,0.353448,0.074725,1772649184.182784
FP000040,L0_X0_Y2,L0_X13_Y2,4,L2_X2_Y2,1218.428089,15.994849,43.428089,525.374391,1175.0,1700.374391,25,0.353448,0.074725,1772649184.182784
FP000040,L0_X0_Y2,L0_X13_Y2,5,L2_X3_Y2,1234.422946,15.994857,59.422946,525.374391,1175.0,1700.374391,25,0.353448,0.074725,1772649184.182784
FP000040,L0_X0_Y2,L0_X13_Y2,6,L3_X3_Y2,1235.642146,1.2192,60.642146,525.374391,1175.0,1700.374391,25,0.353448,0.074725,1772649184.182784
FP000040,L0_X0_Y2,L0_X13_Y2,7,L3_X4_Y2,1251.637012,15.994866,76.637012,525.374391,1175.0,1700.374391,25,0.353448,0.074725,1772649184.182784
FP000040,L0_X0_Y2,L0_X13_Y2,8,L3_X5_Y2,1267.631887,15.994875,92.631887,525.374391,1175.0,1700.374391,25,0.353448,0.074725,1772649184.182784
FP000040,L0_X0_Y2,L0_X13_Y2,9,L3_X6_Y2,1283.626771,15.994883,108.626771,525.374391,1175.0,1700.374391,25,0.353448,0.074725,1772649184.182784
FP000040,L0_X0_Y2,L0_X13_Y2,10,L3_X7_Y2,1299.621662,15.994892,124.621662,525.374391,1175.0,1700.374391,25,0.353448,0.074725,1772649184.182784
FP000040,L0_X0_Y2,L0_X13_Y2,11,L3_X8_Y2,1315.616563,15.994901,140.616563,525.374391,1175.0,1700.374391,25,0.353448,0.074725,1772649184.182784
FP000040,L0_X0_Y2,L0_X13_Y2,12,L3_X9_Y2,1331.611472,15.994909,156.611472,525.374391,1175.0,1700.374391,25,0.353448,0.074725,1772649184.182784
FP000040,L0_X0_Y2,L0_X13_Y2,13,L3_X10_Y2,1347.60639,15.994918,172.60639,525.374391,1175.0,1700.374391,25,0.353448,0.074725,1772649184.182784
FP000040,L0_X0_Y2,L0_X13_Y2,14,L3_X11_Y2,1363.601317,15.994926,188.601317,525.374391,1175.0,1700.374391,25,0.353448,0.074725,1772649184.182784
FP000040,L0_X0_Y2,L0_X13_Y2,15,L3_X12_Y2,1379.596252,15.994935,204.596252,525.374391,1175.0,1700.374391,25,0.353448,0.074725,1772649184.182784
FP000040,L0_X0_Y2,L0_X13_Y2,16,L3_X13_Y2,1395.591195,15.994944,220.591195,525.374391,1175.0,1700.374391,25,0.353448,0.074725,1772649184.182784
FP000040,L0_X0_Y2,L0_X13_Y2,17,L2_X13_Y2,1396.810395,1.2192,221.810395,525.374391,1175.0,1700.374391,25,0.353448,0.074725,1772649184.182784
FP000040,L0_X0_Y2,L0_X13_Y2,18,L1_X13_Y2,1398.029595,1.2192,223.029595,525.374391,1175.0,1700.374391,25,0.353448,0.074725,1772649184.182784
FP000040,L0_X0_Y2,L0_X13_Y2,19,L0_X13_Y2,1399.248795,1.2192,224.248795,525.374391,1175.0,1700.374391,25,0.353448,0.074725,1772649184.182784
FP000040,L0_X0_Y2,L0_X13_Y2,20,L0_X13_Y2,1459.248795,60.0,284.248795,525.374391,1175.0,1700.374391,25,0.353448,0.074725,1772649184.182784
FP000040,L0_X0_Y2,L0_X13_Y2,21,L1_X13_Y2,1481.467995,22.2192,306.467995,525.374391,1175.0,1700.374391,25,0.353448,0.074725,1772649184.182784
FP000040,L0_X0_Y2,L0_X13_Y2,22,L2_X13_Y2,1482.687195,1.2192,307.687195,525.374391,1175.0,1700.374391,25,0.353448,0.074725,1772649184.182784
FP000040,L0_X0_Y2,L0_X13_Y2,23,L2_X12_Y2,1498.682139,15.994944,323.682139,525.374391,1175.0,1700.374391,25,0.353448,0.074725,1772649184.182784
FP000040,L0_X0_Y2,L0_X13_Y2,24,L3_X12_Y2,1499.901339,1.2192,324.901339,525.374391,1175.0,1700.374391,25,0.353448,0.074725,1772649184.182784
FP000040,L0_X0_Y2,L0_X13_Y2,25,L3_X11_Y2,1515.896274,15.994935,340.896274,525.374391,1175.0,1700.374391,25,0.353448,0.074725,1772649184.182784
FP000040,L0_X0_Y2,L0_X13_Y2,26,L3_X10_Y2,1531.891201,15.994926,356.891201,525.374391,1175.0,1700.374391,25,0.353448,0.074725,1772649184.182784
FP000040,L0_X0_Y2,L0_X13_Y2,27,L3_X9_Y2,1547.886119,15.994918,372.886119,525.374391,1175.0,1700.374391,25,0.353448,0.074725,1772649184.182784
FP000040,L0_X0_Y2,L0_X13_Y2,28,L3_X8_Y2,1563.881028,15.994909,388.881028,525.374391,1175.0,1700.374391,25,0.353448,0.074725,1772649184.182784
FP000040,L0_X0_Y2,L0_X13_Y2,29,L3_X7_Y2,1579.875928,15.994901,404.875928,525.374391,1175.0,1700.374391,25,0.353448,0.074725,1772649184.182784
FP000040,L0_X0_Y2,L0_X13_Y2,30,L3_X6_Y2,1595.87082,15.994892,420.87082,525.374391,1175.0,1700.374391,25,0.353448,0.074725,1772649184.182784
FP000040,L0_X0_Y2,L0_X13_Y2,31,L3_X5_Y2,1611.865704,15.994883,436.865704,525.374391,1175.0,1700.374391,25,0.353448,0.074725,1772649184.182784
FP000040,L0_X0_Y2,L0_X13_Y2,32,L3_X4_Y2,1627.860578,15.994875,452.860578,525.374391,1175.0,1700.374391,25,0.353448,0.074725,1772649184.182784
FP000040,L0_X0_Y2,L0_X13_Y2,33,L3_X3_Y2,1643.855444,15.994866,468.855444,525.374391,1175.0,1700.374391,25,0.353448,0.074725,1772649184.182784
FP000040,L0_X0_Y2,L0_X13_Y2,34,L3_X2_Y2,1659.850302,15.994857,484.850302,525.374391,1175.0,1700.374391,25,0.353448,0.074725,1772649184.182784
FP000040,L0_X0_Y2,L0_X13_Y2,35,L3_X1_Y2,1675.845151,15.994849,500.845151,525.374391,1175.0,1700.374391,25,0.353448,0.074725,1772649184.182784
FP000040,L0_X0_Y2,L0_X13_Y2,36,L4_X1_Y2,1677.064351,1.2192,502.064351,525.374391,1175.0,1700.374391,25,0.353448,0.074725,1772649184.182784
FP000040,L0_X0_Y2,L0_X13_Y2,37,L3_X1_Y2,1678.283551,1.2192,503.283551,525.374391,1175.0,1700.374391,25,0.353448,0.074725,1772649184.182784
FP000040,L0_X0_Y2,L0_X13_Y2,38,L4_X1_Y2,1679.502751,1.2192,504.502751,525.374391,1175.0,1700.374391,25,0.353448,0.074725,1772649184.182784
FP000040,L0_X0_Y2,L0_X13_Y2,39,L3_X1_Y2,1680.721951,1.2192,505.721951,525.374391,1175.0,1700.374391,25,0.353448,0.074725,1772649184.182784
FP000040,L0_X0_Y2,L0_X13_Y2,40,L3_X0_Y2,1696.716791,15.99484,521.716791,525.374391,1175.0,1700.374391,25,0.353448,0.074725,1772649184.182784
FP000040,L0_X0_Y2,L0_X13_Y2,41,L2_X0_Y2,1697.935991,1.2192,522.935991,525.374391,1175.0,1700.374391,25,0.353448,0.074725,1772649184.182784
FP000040,L0_X0_Y2,L0_X13_Y2,42,L1_X0_Y2,1699.155191,1.2192,524.155191,525.374391,1175.0,1700.374391,25,0.353448,0.074725,1772649184.182784
FP000040,L0_X0_Y2,L0_X13_Y2,43,L0_X0_Y2,1700.374391,1.2192,525.374391,525.374391,1175.0,1700.374391,25,0.353448,0.074725,1772649184.182784
FP000041,L0_X14_Y6,L0_X10_Y2,0,L0_X14_Y6,1229.0,0.0,0.0,387.589602,1198.0,1585.589602,25,2.412936,0.400167,1772649186.643443
FP000041,L0_X14_Y6,L0_X10_Y2,1,L1_X14_Y6,1230.2192,1.2192,32.2192,387.589602,1198.0,1585.589602,25,2.412936,0.400167,1772649186.643443
FP000041,L0_X14_Y6,L0_X10_Y2,2,L2_X14_Y6,1231.4384,1.2192,33.4384,387.589602,1198.0,1585.589602,25,2.412936,0.400167,1772649186.643443
FP000041,L0_X14_Y6,L0_X10_Y2,3,L2_X14_Y5,1247.453013,16.014613,49.453013,387.589602,1198.0,1585.589602,25,2.412936,0.400167,1772649186.643443
FP000041,L0_X14_Y6,L0_X10_Y2,4,L3_X14_Y5,1248.672213,1.2192,50.672213,387.589602,1198.0,1585.589602,25,2.412936,0.400167,1772649186.643443
FP000041,L0_X14_Y6,L0_X10_Y2,5,L3_X14_Y4,1264.686829,16.014617,66.686829,387.589602,1198.0,1585.589602,25,2.412936,0.400167,1772649186.643443
FP000041,L0_X14_Y6,L0_X10_Y2,6,L3_X14_Y3,1280.70145,16.014621,82.70145,387.589602,1198.0,1585.589602,25,2.412936,0.400167,1772649186.643443
FP000041,L0_X14_Y6,L0_X10_Y2,7,L3_X14_Y2,1296.716075,16.014625,98.716075,387.589602,1198.0,1585.589602,25,2.412936,0.400167,1772649186.643443
FP000041,L0_X14_Y6,L0_X10_Y2,8,L3_X13_Y2,1312.711028,15.994952,114.711028,387.589602,1198.0,1585.589602,25,2.412936,0.400167,1772649186.643443
FP000041,L0_X14_Y6,L0_X10_Y2,9,L3_X12_Y2,1328.705971,15.994944,130.705971,387.589602,1198.0,1585.589602,25,2.412936,0.400167,1772649186.643443
FP000041,L0_X14_Y6,L0_X10_Y2,10,L4_X12_Y2,1329.925171,1.2192,131.925171,387.589602,1198.0,1585.589602,25,2.412936,0.400167,1772649186.643443
FP000041,L0_X14_Y6,L0_X10_Y2,11,L3_X12_Y2,1331.144371,1.2192,133.144371,387.589602,1198.0,1585.589602,25,2.412936,0.400167,1772649186.643443
FP000041,L0_X14_Y6,L0_X10_Y2,12,L4_X12_Y2,1332.363571,1.2192,134.363571,387.589602,1198.0,1585.589602,25,2.412936,0.400167,1772649186.643443
FP000041,L0_X14_Y6,L0_X10_Y2,13,L3_X12_Y2,1333.582771,1.2192,135.582771,387.589602,1198.0,1585.589602,25,2.412936,0.400167,1772649186.643443
FP000041,L0_X14_Y6,L0_X10_Y2,14,L4_X12_Y2,1334.801971,1.2192,136.801971,387.589602,1198.0,1585.589602,25,2.412936,0.400167,1772649186.643443
FP000041,L0_X14_Y6,L0_X10_Y2,15,L4_X11_Y2,1350.796906,15.994935,152.796906,387.589602,1198.0,1585.589602,25,2.412936,0.400167,1772649186.643443
FP000041,L0_X14_Y6,L0_X10_Y2,16,L4_X10_Y2,1366.791833,15.994926,168.791833,387.589602,1198.0,1585.589602,25,2.412936,0.400167,1772649186.643443
FP000041,L0_X14_Y6,L0_X10_Y2,17,L3_X10_Y2,1368.011033,1.2192,170.011033,387.589602,1198.0,1585.589602,25,2.412936,0.400167,1772649186.643443
FP000041,L0_X14_Y6,L0_X10_Y2,18,L2_X10_Y2,1369.230233,1.2192,171.230233,387.589602,1198.0,1585.589602,25,2.412936,0.400167,1772649186.643443
FP000041,L0_X14_Y6,L0_X10_Y2,19,L1_X10_Y2,1370.449433,1.2192,172.449433,387.589602,1198.0,1585.589602,25,2.412936,0.400167,1772649186.643443
FP000041,L0_X14_Y6,L0_X10_Y2,20,L0_X10_Y2,1371.668633,1.2192,173.668633,387.589602,1198.0,1585.589602,25,2.412936,0.400167,1772649186.643443
FP000041,L0_X14_Y6,L0_X10_Y2,21,L0_X10_Y2,1431.668633,60.0,233.668633,387.589602,1198.0,1585.589602,25,2.412936,0.400167,1772649186.643443
FP000041,L0_X14_Y6,L0_X10_Y2,22,L1_X10_Y2,1453.887833,22.2192,255.887833,387.589602,1198.0,1585.589602,25,2.412936,0.400167,1772649186.643443
FP000041,L0_X14_Y6,L0_X10_Y2,23,L2_X10_Y2,1455.107033,1.2192,257.107033,387.589602,1198.0,1585.589602,25,2.412936,0.400167,1772649186.643443
FP000041,L0_X14_Y6,L0_X10_Y2,24,L2_X10_Y3,1471.124643,16.01761,273.124643,387.589602,1198.0,1585.589602,25,2.412936,0.400167,1772649186.643443
FP000041,L0_X14_Y6,L0_X10_Y2,25,L2_X10_Y4,1487.142248,16.017605,289.142248,387.589602,1198.0,1585.589602,25,2.412936,0.400167,1772649186.643443
FP000041,L0_X14_Y6,L0_X10_Y2,26,L2_X11_Y4,1503.137166,15.994918,305.137166,387.589602,1198.0,1585.589602,25,2.412936,0.400167,1772649186.643443
FP000041,L0_X14_Y6,L0_X10_Y2,27,L2_X12_Y4,1519.132093,15.994927,321.132093,387.589602,1198.0,1585.589602,25,2.412936,0.400167,1772649186.643443
FP000041,L0_X14_Y6,L0_X10_Y2,28,L2_X13_Y4,1535.127028,15.994935,337.127028,387.589602,1198.0,1585.589602,25,2.412936,0.400167,1772649186.643443
FP000041,L0_X14_Y6,L0_X10_Y2,29,L2_X14_Y4,1551.121972,15.994944,353.121972,387.589602,1198.0,1585.589602,25,2.412936,0.400167,1772649186.643443
FP000041,L0_X14_Y6,L0_X10_Y2,30,L2_X14_Y5,1567.136589,16.014617,369.136589,387.589602,1198.0,1585.589602,25,2.412936,0.400167,1772649186.643443
FP000041,L0_X14_Y6,L0_X10_Y2,31,L2_X14_Y6,1583.151202,16.014613,385.151202,387.589602,1198.0,1585.589602,25,2.412936,0.400167,1772649186.643443
FP000041,L0_X14_Y6,L0_X10_Y2,32,L1_X14_Y6,1584.370402,1.2192,386.370402,387.589602,1198.0,1585.589602,25,2.412936,0.400167,1772649186.643443
FP000041,L0_X14_Y6,L0_X10_Y2,33,L0_X14_Y6,1585.589602,1.2192,387.589602,387.589602,1198.0,1585.589602,25,2.412936,0.400167,1772649186.643443
FP000042,L0_X14_Y6,L0_X11_Y3,0,L0_X14_Y6,1250.0,0.0,0.0,301.813164,1231.0,1532.813164,25,0.04882,2.451471,1772649186.730797
FP000042,L0_X14_Y6,L0_X11_Y3,1,L1_X14_Y6,1251.2192,1.2192,20.2192,301.813164,1231.0,1532.813164,25,0.04882,2.451471,1772649186.730797
FP000042,L0_X14_Y6,L0_X11_Y3,2,L2_X14_Y6,1252.4384,1.2192,21.4384,301.813164,1231.0,1532.813164,25,0.04882,2.451471,1772649186.730797
FP000042,L0_X14_Y6,L0_X11_Y3,3,L2_X13_Y6,1268.433336,15.994936,37.433336,301.813164,1231.0,1532.813164,25,0.04882,2.451471,1772649186.730797
FP000042,L0_X14_Y6,L0_X11_Y3,4,L2_X13_Y5,1284.448694,16.015359,53.448694,301.813164,1231.0,1532.813164,25,0.04882,2.451471,1772649186.730797
FP000042,L0_X14_Y6,L0_X11_Y3,5,L2_X13_Y4,1300.464057,16.015363,69.464057,301.813164,1231.0,1532.813164,25,0.04882,2.451471,1772649186.730797
FP000042,L0_X14_Y6,L0_X11_Y3,6,L2_X13_Y3,1316.479424,16.015367,85.479424,301.813164,1231.0,1532.813164,25,0.04882,2.451471,1772649186.730797
FP000042,L0_X14_Y6,L0_X11_Y3,7,L2_X12_Y3,1332.474364,15.99494,101.474364,301.813164,1231.0,1532.813164,25,0.04882,2.451471,1772649186.730797
FP000042,L0_X14_Y6,L0_X11_Y3,8,L2_X11_Y3,1348.469295,15.994931,117.469295,301.813164,1231.0,1532.813164,25,0.04882,2.451471,1772649186.730797
FP000042,L0_X14_Y6,L0_X11_Y3,9,L1_X11_Y3,1349.688495,1.2192,118.688495,301.813164,1231.0,1532.813164,25,0.04882,2.451471,1772649186.730797
FP000042,L0_X14_Y6,L0_X11_Y3,10,L0_X11_Y3,1350.907695,1.2192,119.907695,301.813164,1231.0,1532.813164,25,0.04882,2.451471,1772649186.730797
FP000042,L0_X14_Y6,L0_X11_Y3,11,L0_X11_Y3,1410.907695,60.0,179.907695,301.813164,1231.0,1532.813164,25,0.04882,2.451471,1772649186.730797
FP000042,L0_X14_Y6,L0_X11_Y3,12,L1_X11_Y3,1433.126895,22.2192,202.126895,301.813164,1231.0,1532.813164,25,0.04882,2.451471,1772649186.730797
FP000042,L0_X14_Y6,L0_X11_Y3,13,L1_X12_Y3,1449.121826,15.994931,218.121826,301.813164,1231.0,1532.813164,25,0.04882,2.451471,1772649186.730797
FP000042,L0_X14_Y6,L0_X11_Y3,14,L1_X13_Y3,1465.116765,15.99494,234.116765,301.813164,1231.0,1532.813164,25,0.04882,2.451471,1772649186.730797
FP000042,L0_X14_Y6,L0_X11_Y3,15,L2_X13_Y3,1466.335965,1.2192,235.335965,301.813164,1231.0,1532.813164,25,0.04882,2.451471,1772649186.730797
FP000042,L0_X14_Y6,L0_X11_Y3,16,L2_X14_Y3,1482.330913,15.994948,251.330913,301.813164,1231.0,1532.813164,25,0.04882,2.451471,1772649186.730797
FP000042,L0_X14_Y6,L0_X11_Y3,17,L2_X14_Y4,1498.345534,16.014621,267.345534,301.813164,1231.0,1532.813164,25,0.04882,2.451471,1772649186.730797
FP000042,L0_X14_Y6,L0_X11_Y3,18,L2_X14_Y5,1514.360151,16.014617,283.360151,301.813164,1231.0,1532.813164,25,0.04882,2.451471,1772649186.730797
FP000042,L0_X14_Y6,L0_X11_Y3,19,L2_X14_Y6,1530.374764,16.014613,299.374764,301.813164,1231.0,1532.813164,25,0.04882,2.451471,1772649186.730797
FP000042,L0_X14_Y6,L0_X11_Y3,20,L1_X14_Y6,1531.593964,1.2192,300.593964,301.813164,1231.0,1532.813164,25,0.04882,2.451471,1772649186.730797
FP000042,L0_X14_Y6,L0_X11_Y3,21,L0_X14_Y6,1532.813164,1.2192,301.813164,301.813164,1231.0,1532.813164,25,0.04882,2.451471,1772649186.730797
FP000044,L0_X0_Y2,L0_X12_Y5,0,L0_X0_Y2,1370.0,0.0,0.0,618.606608,1327.0,1945.606608,25,0.408378,3.027669,1772649190.256068
FP000044,L0_X0_Y2,L0_X12_Y5,1,L1_X0_Y2,1371.2192,1.2192,44.2192,618.606608,1327.0,1945.606608,25,0.408378,3.027669,1772649190.256068
FP000044,L0_X0_Y2,L0_X12_Y5,2,L2_X0_Y2,1372.4384,1.2192,45.4384,618.606608,1327.0,1945.606608,25,0.408378,3.027669,1772649190.256068
FP000044,L0_X0_Y2,L0_X12_Y5,3,L2_X1_Y2,1388.43324,15.99484,61.43324,618.606608,1327.0,1945.606608,25,0.408378,3.027669,1772649190.256068
FP000044,L0_X0_Y2,L0_X12_Y5,4,L2_X2_Y2,1404.428089,15.994849,77.428089,618.606608,1327.0,1945.606608,25,0.408378,3.027669,1772649190.256068
FP000044,L0_X0_Y2,L0_X12_Y5,5,L3_X2_Y2,1405.647289,1.2192,78.647289,618.606608,1327.0,1945.606608,25,0.408378,3.027669,1772649190.256068
FP000044,L0_X0_Y2,L0_X12_Y5,6,L3_X3_Y2,1421.642146,15.994857,94.642146,618.606608,1327.0,1945.606608,25,0.408378,3.027669,1772649190.256068
FP000044,L0_X0_Y2,L0_X12_Y5,7,L3_X4_Y2,1437.637012,15.994866,110.637012,618.606608,1327.0,1945.606608,25,0.408378,3.027669,1772649190.256068
FP000044,L0_X0_Y2,L0_X12_Y5,8,L3_X5_Y2,1453.631887,15.994875,126.631887,618.606608,1327.0,1945.606608,25,0.408378,3.027669,1772649190.256068
FP000044,L0_X0_Y2,L0_X12_Y5,9,L3_X6_Y2,1469.626771,15.994883,142.626771,618.606608,1327.0,1945.606608,25,0.408378,3.027669,1772649190.256068
FP000044,L0_X0_Y2,L0_X12_Y5,10,L3_X7_Y2,1485.621662,15.994892,158.621662,618.606608,1327.0,1945.606608,25,0.408378,3.027669,1772649190.256068
FP000044,L0_X0_Y2,L0_X12_Y5,11,L3_X8_Y2,1501.616563,15.994901,174.616563,618.606608,1327.0,1945.606608,25,0.408378,3.027669,1772649190.256068
FP000044,L0_X0_Y2,L0_X12_Y5,12,L3_X9_Y2,1517.611472,15.994909,190.611472,618.606608,1327.0,1945.606608,25,0.408378,3.027669,1772649190.256068
FP000044,L0_X0_Y2,L0_X12_Y5,13,L3_X9_Y3,1533.629828,16.018356,206.629828,618.606608,1327.0,1945.606608,25,0.408378,3.027669,1772649190.256068
FP000044,L0_X0_Y2,L0_X12_Y5,14,L3_X10_Y3,1549.624742,15.994914,222.624742,618.606608,1327.0,1945.606608,25,0.408378,3.027669,1772649190.256068
FP000044,L0_X0_Y2,L0_X12_Y5,15,L3_X11_Y3,1565.619664,15.994922,238.619664,618.606608,1327.0,1945.606608,25,0.408378,3.027669,1772649190.256068
FP000044,L0_X0_Y2,L0_X12_Y5,16,L3_X12_Y3,1581.614595,15.994931,254.614595,618.606608,1327.0,1945.606608,25,0.408378,3.027669,1772649190.256068
FP000044,L0_X0_Y2,L0_X12_Y5,17,L3_X12_Y4,1597.630708,16.016113,270.630708,618.606608,1327.0,1945.606608,25,0.408378,3.027669,1772649190.256068
FP000044,L0_X0_Y2,L0_X12_Y5,18,L3_X12_Y5,1613.646817,16.016109,286.646817,618.606608,1327.0,1945.606608,25,0.408378,3.027669,1772649190.256068
FP000044,L0_X0_Y2,L0_X12_Y5,19,L2_X12_Y5,1614.866017,1.2192,287.866017,618.606608,1327.0,1945.606608,25,0.408378,3.027669,1772649190.256068
FP000044,L0_X0_Y2,L0_X12_Y5,20,L1_X12_Y5,1616.085217,1.2192,289.085217,618.606608,1327.0,1945.606608,25,0.408378,3.027669,1772649190.256068
FP000044,L0_X0_Y2,L0_X12_Y5,21,L0_X12_Y5,1617.304417,1.2192,290.304417,618.606608,1327.0,1945.606608,25,0.408378,3.027669,1772649190.256068
FP000044,L0_X0_Y2,L0_X12_Y5,22,L0_X12_Y5,1677.304417,60.0,350.304417,618.606608,1327.0,1945.606608,25,0.408378,3.027669,1772649190.256068
FP000044,L0_X0_Y2,L0_X12_Y5,23,L1_X12_Y5,1699.523617,22.2192,372.523617,618.606608,1327.0,1945.606608,25,0.408378,3.027669,1772649190.256068
FP000044,L0_X0_Y2,L0_X12_Y5,24,L2_X12_Y5,1700.742817,1.2192,373.742817,618.606608,1327.0,1945.606608,25,0.408378,3.027669,1772649190.256068
FP000044,L0_X0_Y2,L0_X12_Y5,25,L3_X12_Y5,1701.962017,1.2192,374.962017,618.606608,1327.0,1945.606608,25,0.408378,3.027669,1772649190.256068
FP000044,L0_X0_Y2,L0_X12_Y5,26,L3_X12_Y4,1717.978126,16.016109,390.978126,618.606608,1327.0,1945.606608,25,0.408378,3.027669,1772649190.256068
FP000044,L0_X0_Y2,L0_X12_Y5,27,L3_X12_Y3,1733.994239,16.016113,406.994239,618.606608,1327.0,1945.606608,25,0.408378,3.027669,1772649190.256068
FP000044,L0_X0_Y2,L0_X12_Y5,28,L3_X12_Y2,1750.010357,16.016117,423.010357,618.606608,1327.0,1945.606608,25,0.408378,3.027669,1772649190.256068
FP000044,L0_X0_Y2,L0_X12_Y5,29,L3_X11_Y2,1766.005292,15.994935,439.005292,618.606608,1327.0,1945.606608,25,0.408378,3.027669,1772649190.256068
FP000044,L0_X0_Y2,L0_X12_Y5,30,L3_X10_Y2,1782.000218,15.994926,455.000218,618.606608,1327.0,1945.606608,25,0.408378,3.027669,1772649190.256068
FP000044,L0_X0_Y2,L0_X12_Y5,31,L3_X9_Y2,1797.995136,15.994918,470.995136,618.606608,1327.0,1945.606608,25,0.408378,3.027669,1772649190.256068
FP000044,L0_X0_Y2,L0_X12_Y5,32,L3_X8_Y2,1813.990045,15.994909,486.990045,618.606608,1327.0,1945.606608,25,0.408378,3.027669,1772649190.256068
FP000044,L0_X0_Y2,L0_X12_Y5,33,L2_X8_Y2,1815.209245,1.2192,488.209245,618.606608,1327.0,1945.606608,25,0.408378,3.027669,1772649190.256068
FP000044,L0_X0_Y2,L0_X12_Y5,34,L2_X7_Y2,1831.204146,15.994901,504.204146,618.606608,1327.0,1945.606608,25,0.408378,3.027669,1772649190.256068
FP000044,L0_X0_Y2,L0_X12_Y5,35,L2_X6_Y2,1847.199038,15.994892,520.199038,618.606608,1327.0,1945.606608,25,0.408378,3.027669,1772649190.256068
FP000044,L0_X0_Y2,L0_X12_Y5,36,L2_X5_Y2,1863.193921,15.994883,536.193921,618.606608,1327.0,1945.606608,25,0.408378,3.027669,1772649190.256068
FP000044,L0_X0_Y2,L0_X12_Y5,37,L2_X4_Y2,1879.188796,15.994875,552.188796,618.606608,1327.0,1945.606608,25,0.408378,3.027669,1772649190.256068
FP000044,L0_X0_Y2,L0_X12_Y5,38,L2_X3_Y2,1895.183662,15.994866,568.183662,618.606608,1327.0,1945.606608,25,0.408378,3.027669,1772649190.256068
FP000044,L0_X0_Y2,L0_X12_Y5,39,L2_X2_Y2,1911.178519,15.994857,584.178519,618.606608,1327.0,1945.606608,25,0.408378,3.027669,1772649190.256068
FP000044,L0_X0_Y2,L0_X12_Y5,40,L2_X1_Y2,1927.173368,15.994849,600.173368,618.606608,1327.0,1945.606608,25,0.408378,3.027669,1772649190.256068
FP000044,L0_X0_Y2,L0_X12_Y5,41,L2_X0_Y2,1943.168208,15.99484,616.168208,618.606608,1327.0,1945.606608,25,0.408378,3.027669,1772649190.256068
FP000044,L0_X0_Y2,L0_X12_Y5,42,L1_X0_Y2,1944.387408,1.2192,617.387408,618.606608,1327.0,1945.606608,25,0.408378,3.027669,1772649190.256068
FP000044,L0_X0_Y2,L0_X12_Y5,43,L0_X0_Y2,1945.606608,1.2192,618.606608,618.606608,1327.0,1945.606608,25,0.408378,3.027669,1772649190.256068
FP000045,L0_X14_Y6,L0_X12_Y6,0,L0_X14_Y6,1339.0,0.0,0.0,154.733325,1339.0,1493.733325,25,0.00605,4.950391,1772649194.775764
FP000045,L0_X14_Y6,L0_X12_Y6,1,L1_X14_Y6,1340.2192,1.2192,1.2192,154.733325,1339.0,1493.733325,25,0.00605,4.950391,1772649194.775764
FP000045,L0_X14_Y6,L0_X12_Y6,2,L2_X14_Y6,1341.4384,1.2192,2.4384,154.733325,1339.0,1493.733325,25,0.00605,4.950391,1772649194.775764
FP000045,L0_X14_Y6,L0_X12_Y6,3,L2_X13_Y6,1357.433336,15.994936,18.433336,154.733325,1339.0,1493.733325,25,0.00605,4.950391,1772649194.775764
FP000045,L0_X14_Y6,L0_X12_Y6,4,L2_X12_Y6,1373.428263,15.994927,34.428263,154.733325,1339.0,1493.733325,25,0.00605,4.950391,1772649194.775764
FP000045,L0_X14_Y6,L0_X12_Y6,5,L1_X12_Y6,1374.647463,1.2192,35.647463,154.733325,1339.0,1493.733325,25,0.00605,4.950391,1772649194.775764
FP000045,L0_X14_Y6,L0_X12_Y6,6,L0_X12_Y6,1375.866663,1.2192,36.866663,154.733325,1339.0,1493.733325,25,0.00605,4.950391,1772649194.775764
FP000045,L0_X14_Y6,L0_X12_Y6,7,L0_X12_Y6,1435.866663,60.0,96.866663,154.733325,1339.0,1493.733325,25,0.00605,4.950391,1772649194.775764
FP000045,L0_X14_Y6,L0_X12_Y6,8,L1_X12_Y6,1458.085863,22.2192,119.085863,154.733325,1339.0,1493.733325,25,0.00605,4.950391,1772649194.775764
FP000045,L0_X14_Y6,L0_X12_Y6,9,L2_X12_Y6,1459.305063,1.2192,120.305063,154.733325,1339.0,1493.733325,25,0.00605,4.950391,1772649194.775764
FP000045,L0_X14_Y6,L0_X12_Y6,10,L2_X13_Y6,1475.29999,15.994927,136.29999,154.733325,1339.0,1493.733325,25,0.00605,4.950391,1772649194.775764
FP000045,L0_X14_Y6,L0_X12_Y6,11,L2_X14_Y6,1491.294925,15.994936,152.294925,154.733325,1339.0,1493.733325,25,0.00605,4.950391,1772649194.775764
FP000045,L0_X14_Y6,L0_X12_Y6,12,L1_X14_Y6,1492.514125,1.2192,153.514125,154.733325,1339.0,1493.733325,25,0.00605,4.950391,1772649194.775764
FP000045,L0_X14_Y6,L0_X12_Y6,13,L0_X14_Y6,1493.733325,1.2192,154.733325,154.733325,1339.0,1493.733325,25,0.00605,4.950391,1772649194.775764
FP000046,L0_X14_Y6,L0_X12_Y3,0,L0_X14_Y6,1360.0,0.0,0.0,279.643476,1358.0,1637.643476,25,1.243232,0.028606,1772649196.042565
FP000046,L0_X14_Y6,L0_X12_Y3,1,L1_X14_Y6,1361.2192,1.2192,3.2192,279.643476,1358.0,1637.643476,25,1.243232,0.028606,1772649196.042565
FP000046,L0_X14_Y6,L0_X12_Y3,2,L2_X14_Y6,1362.4384,1.2192,4.4384,279.643476,1358.0,1637.643476,25,1.243232,0.028606,1772649196.042565
FP000046,L0_X14_Y6,L0_X12_Y3,3,L2_X14_Y5,1378.453013,16.014613,20.453013,279.643476,1358.0,1637.643476,25,1.243232,0.028606,1772649196.042565
FP000046,L0_X14_Y6,L0_X12_Y3,4,L2_X14_Y4,1394.467629,16.014617,36.467629,279.643476,1358.0,1637.643476,25,1.243232,0.028606,1772649196.042565
FP000046,L0_X14_Y6,L0_X12_Y3,5,L3_X14_Y4,1395.686829,1.2192,37.686829,279.643476,1358.0,1637.643476,25,1.243232,0.028606,1772649196.042565
FP000046,L0_X14_Y6,L0_X12_Y3,6,L3_X14_Y3,1411.70145,16.014621,53.70145,279.643476,1358.0,1637.643476,25,1.243232,0.028606,1772649196.042565
FP000046,L0_X14_Y6,L0_X12_Y3,7,L3_X13_Y3,1427.696398,15.994948,69.696398,279.643476,1358.0,1637.643476,25,1.243232,0.028606,1772649196.042565
FP000046,L0_X14_Y6,L0_X12_Y3,8,L2_X13_Y3,1428.915598,1.2192,70.915598,279.643476,1358.0,1637.643476,25,1.243232,0.028606,1772649196.042565
FP000046,L0_X14_Y6,L0_X12_Y3,9,L1_X13_Y3,1430.134798,1.2192,72.134798,279.643476,1358.0,1637.643476,25,1.243232,0.028606,1772649196.042565
FP000046,L0_X14_Y6,L0_X12_Y3,10,L2_X13_Y3,1431.353998,1.2192,73.353998,279.643476,1358.0,1637.643476,25,1.243232,0.028606,1772649196.042565
FP000046,L0_X14_Y6,L0_X12_Y3,11,L1_X13_Y3,1432.573198,1.2192,74.573198,279.643476,1358.0,1637.643476,25,1.243232,0.028606,1772649196.042565
FP000046,L0_X14_Y6,L0_X12_Y3,12,L2_X13_Y3,1433.792398,1.2192,75.792398,279.643476,1358.0,1637.643476,25,1.243232,0.028606,1772649196.042565
FP000046,L0_X14_Y6,L0_X12_Y3,13,L3_X13_Y3,1435.011598,1.2192,77.011598,279.643476,1358.0,1637.643476,25,1.243232,0.028606,1772649196.042565
FP000046,L0_X14_Y6,L0_X12_Y3,14,L2_X13_Y3,1436.230798,1.2192,78.230798,279.643476,1358.0,1637.643476,25,1.243232,0.028606,1772649196.042565
FP000046,L0_X14_Y6,L0_X12_Y3,15,L3_X13_Y3,1437.449998,1.2192,79.449998,279.643476,1358.0,1637.643476,25,1.243232,0.028606,1772649196.042565
FP000046,L0_X14_Y6,L0_X12_Y3,16,L4_X13_Y3,1438.669198,1.2192,80.669198,279.643476,1358.0,1637.643476,25,1.243232,0.028606,1772649196.042565
FP000046,L0_X14_Y6,L0_X12_Y3,17,L3_X13_Y3,1439.888398,1.2192,81.888398,279.643476,1358.0,1637.643476,25,1.243232,0.028606,1772649196.042565
FP000046,L0_X14_Y6,L0_X12_Y3,18,L2_X13_Y3,1441.107598,1.2192,83.107598,279.643476,1358.0,1637.643476,25,1.243232,0.028606,1772649196.042565
FP000046,L0_X14_Y6,L0_X12_Y3,19,L3_X13_Y3,1442.326798,1.2192,84.326798,279.643476,1358.0,1637.643476,25,1.243232,0.028606,1772649196.042565
FP000046,L0_X14_Y6,L0_X12_Y3,20,L2_X13_Y3,1443.545998,1.2192,85.545998,279.643476,1358.0,1637.643476,25,1.243232,0.028606,1772649196.042565
FP000046,L0_X14_Y6,L0_X12_Y3,21,L3_X13_Y3,1444.765198,1.2192,86.765198,279.643476,1358.0,1637.643476,25,1.243232,0.028606,1772649196.042565
FP000046,L0_X14_Y6,L0_X12_Y3,22,L2_X13_Y3,1445.984398,1.2192,87.984398,279.643476,1358.0,1637.643476,25,1.243232,0.028606,1772649196.042565
FP000046,L0_X14_Y6,L0_X12_Y3,23,L3_X13_Y3,1447.203598,1.2192,89.203598,279.643476,1358.0,1637.643476,25,1.243232,0.028606,1772649196.042565
FP000046,L0_X14_Y6,L0_X12_Y3,24,L4_X13_Y3,1448.422798,1.2192,90.422798,279.643476,1358.0,1637.643476,25,1.243232,0.028606,1772649196.042565
FP000046,L0_X14_Y6,L0_X12_Y3,25,L3_X13_Y3,1449.641998,1.2192,91.641998,279.643476,1358.0,1637.643476,25,1.243232,0.028606,1772649196.042565
FP000046,L0_X14_Y6,L0_X12_Y3,26,L4_X13_Y3,1450.861198,1.2192,92.861198,279.643476,1358.0,1637.643476,25,1.243232,0.028606,1772649196.042565
FP000046,L0_X14_Y6,L0_X12_Y3,27,L3_X13_Y3,1452.080398,1.2192,94.080398,279.643476,1358.0,1637.643476,25,1.243232,0.028606,1772649196.042565
FP000046,L0_X14_Y6,L0_X12_Y3,28,L3_X12_Y3,1468.075338,15.99494,110.075338,279.643476,1358.0,1637.643476,25,1.243232,0.028606,1772649196.042565
FP000046,L0_X14_Y6,L0_X12_Y3,29,L2_X12_Y3,1469.294538,1.2192,111.294538,279.643476,1358.0,1637.643476,25,1.243232,0.028606,1772649196.042565
FP000046,L0_X14_Y6,L0_X12_Y3,30,L1_X12_Y3,1470.513738,1.2192,112.513738,279.643476,1358.0,1637.643476,25,1.243232,0.028606,1772649196.042565
FP000046,L0_X14_Y6,L0_X12_Y3,31,L0_X12_Y3,1471.732938,1.2192,113.732938,279.643476,1358.0,1637.643476,25,1.243232,0.028606,1772649196.042565
FP000046,L0_X14_Y6,L0_X12_Y3,32,L0_X12_Y3,1531.732938,60.0,173.732938,279.643476,1358.0,1637.643476,25,1.243232,0.028606,1772649196.042565
FP000046,L0_X14_Y6,L0_X12_Y3,33,L1_X12_Y3,1553.952138,22.2192,195.952138,279.643476,1358.0,1637.643476,25,1.243232,0.028606,1772649196.042565
FP000046,L0_X14_Y6,L0_X12_Y3,34,L1_X13_Y3,1569.947078,15.99494,211.947078,279.643476,1358.0,1637.643476,25,1.243232,0.028606,1772649196.042565
FP000046,L0_X14_Y6,L0_X12_Y3,35,L2_X13_Y3,1571.166278,1.2192,213.166278,279.643476,1358.0,1637.643476,25,1.243232,0.028606,1772649196.042565
FP000046,L0_X14_Y6,L0_X12_Y3,36,L2_X14_Y3,1587.161226,15.994948,229.161226,279.643476,1358.0,1637.643476,25,1.243232,0.028606,1772649196.042565
FP000046,L0_X14_Y6,L0_X12_Y3,37,L2_X14_Y4,1603.175847,16.014621,245.175847,279.643476,1358.0,1637.643476,25,1.243232,0.028606,1772649196.042565
FP000046,L0_X14_Y6,L0_X12_Y3,38,L2_X14_Y5,1619.190463,16.014617,261.190463,279.643476,1358.0,1637.643476,25,1.243232,0.028606,1772649196.042565
FP000046,L0_X14_Y6,L0_X12_Y3,39,L2_X14_Y6,1635.205076,16.014613,277.205076,279.643476,1358.0,1637.643476,25,1.243232,0.028606,1772649196.042565
FP000046,L0_X14_Y6,L0_X12_Y3,40,L1_X14_Y6,1636.424276,1.2192,278.424276,279.643476,1358.0,1637.643476,25,1.243232,0.028606,1772649196.042565
FP000046,L0_X14_Y6,L0_X12_Y3,41,L0_X14_Y6,1637.643476,1.2192,279.643476,279.643476,1358.0,1637.643476,25,1.243232,0.028606,1772649196.042565
FP000047,L0_X0_Y2,L0_X1_Y3,0,L0_X0_Y2,1391.0,0.0,0.0,172.791924,1373.0,1545.791924,25,0.009572,1.290181,1772649196.099568
FP000047,L0_X0_Y2,L0_X1_Y3,1,L1_X0_Y2,1392.2192,1.2192,19.2192,172.791924,1373.0,1545.791924,25,0.009572,1.290181,1772649196.099568
FP000047,L0_X0_Y2,L0_X1_Y3,2,L2_X0_Y2,1393.4384,1.2192,20.4384,172.791924,1373.0,1545.791924,25,0.009572,1.290181,1772649196.099568
FP000047,L0_X0_Y2,L0_X1_Y3,3,L2_X1_Y2,1409.43324,15.99484,36.43324,172.791924,1373.0,1545.791924,25,0.009572,1.290181,1772649196.099568
FP000047,L0_X0_Y2,L0_X1_Y3,4,L2_X1_Y3,1425.457562,16.024322,52.457562,172.791924,1373.0,1545.791924,25,0.009572,1.290181,1772649196.099568
FP000047,L0_X0_Y2,L0_X1_Y3,5,L1_X1_Y3,1426.676762,1.2192,53.676762,172.791924,1373.0,1545.791924,25,0.009572,1.290181,1772649196.099568
FP000047,L0_X0_Y2,L0_X1_Y3,6,L0_X1_Y3,1427.895962,1.2192,54.895962,172.791924,1373.0,1545.791924,25,0.009572,1.290181,1772649196.099568
FP000047,L0_X0_Y2,L0_X1_Y3,7,L0_X1_Y3,1487.895962,60.0,114.895962,172.791924,1373.0,1545.791924,25,0.009572,1.290181,1772649196.099568
FP000047,L0_X0_Y2,L0_X1_Y3,8,L1_X1_Y3,1510.115162,22.2192,137.115162,172.791924,1373.0,1545.791924,25,0.009572,1.290181,1772649196.099568
FP000047,L0_X0_Y2,L0_X1_Y3,9,L2_X1_Y3,1511.334362,1.2192,138.334362,172.791924,1373.0,1545.791924,25,0.009572,1.290181,1772649196.099568
FP000047,L0_X0_Y2,L0_X1_Y3,10,L2_X1_Y2,1527.358683,16.024322,154.358683,172.791924,1373.0,1545.791924,25,0.009572,1.290181,1772649196.099568
FP000047,L0_X0_Y2,L0_X1_Y3,11,L2_X0_Y2,1543.353524,15.99484,170.353524,172.791924,1373.0,1545.791924,25,0.009572,1.290181,1772649196.099568
FP000047,L0_X0_Y2,L0_X1_Y3,12,L1_X0_Y2,1544.572724,1.2192,171.572724,172.791924,1373.0,1545.791924,25,0.009572,1.290181,1772649196.099568
FP000047,L0_X0_Y2,L0_X1_Y3,13,L0_X0_Y2,1545.791924,1.2192,172.791924,172.791924,1373.0,1545.791924,25,0.009572,1.290181,1772649196.099568
FP000048,L0_X14_Y6,L0_X6_Y6,0,L0_X14_Y6,1429.0,0.0,0.0,415.619338,1429.0,1844.619338,25,0.091317,0.030297,1772649196.213619
FP000048,L0_X14_Y6,L0_X6_Y6,1,L1_X14_Y6,1430.2192,1.2192,1.2192,415.619338,1429.0,1844.619338,25,0.091317,0.030297,1772649196.213619
FP000048,L0_X14_Y6,L0_X6_Y6,2,L2_X14_Y6,1431.4384,1.2192,2.4384,415.619338,1429.0,1844.619338,25,0.091317,0.030297,1772649196.213619
FP000048,L0_X14_Y6,L0_X6_Y6,3,L3_X14_Y6,1432.6576,1.2192,3.6576,415.619338,1429.0,1844.619338,25,0.091317,0.030297,1772649196.213619
FP000048,L0_X14_Y6,L0_X6_Y6,4,L3_X14_Y5,1448.672213,16.014613,19.672213,415.619338,1429.0,1844.619338,25,0.091317,0.030297,1772649196.213619
FP000048,L0_X14_Y6,L0_X6_Y6,5,L3_X13_Y5,1464.667152,15.99494,35.667152,415.619338,1429.0,1844.619338,25,0.091317,0.030297,1772649196.213619
FP000048,L0_X14_Y6,L0_X6_Y6,6,L3_X12_Y5,1480.662084,15.994931,51.662084,415.619338,1429.0,1844.619338,25,0.091317,0.030297,1772649196.213619
FP000048,L0_X14_Y6,L0_X6_Y6,7,L3_X11_Y5,1496.657006,15.994923,67.657006,415.619338,1429.0,1844.619338,25,0.091317,0.030297,1772649196.213619
FP000048,L0_X14_Y6,L0_X6_Y6,8,L3_X10_Y5,1512.65192,15.994914,83.65192,415.619338,1429.0,1844.619338,25,0.091317,0.030297,1772649196.213619
FP000048,L0_X14_Y6,L0_X6_Y6,9,L3_X9_Y5,1528.646825,15.994905,99.646825,415.619338,1429.0,1844.619338,25,0.091317,0.030297,1772649196.213619
FP000048,L0_X14_Y6,L0_X6_Y6,10,L3_X8_Y5,1544.641722,15.994897,115.641722,415.619338,1429.0,1844.619338,25,0.091317,0.030297,1772649196.213619
FP000048,L0_X14_Y6,L0_X6_Y6,11,L3_X7_Y5,1560.63661,15.994888,131.63661,415.619338,1429.0,1844.619338,25,0.091317,0.030297,1772649196.213619
FP000048,L0_X14_Y6,L0_X6_Y6,12,L3_X6_Y5,1576.631489,15.994879,147.631489,415.619338,1429.0,1844.619338,25,0.091317,0.030297,1772649196.213619
FP000048,L0_X14_Y6,L0_X6_Y6,13,L3_X6_Y6,1592.652069,16.020579,163.652069,415.619338,1429.0,1844.619338,25,0.091317,0.030297,1772649196.213619
FP000048,L0_X14_Y6,L0_X6_Y6,14,L2_X6_Y6,1593.871269,1.2192,164.871269,415.619338,1429.0,1844.619338,25,0.091317,0.030297,1772649196.213619
FP000048,L0_X14_Y6,L0_X6_Y6,15,L1_X6_Y6,1595.090469,1.2192,166.090469,415.619338,1429.0,1844.619338,25,0.091317,0.030297,1772649196.213619
FP000048,L0_X14_Y6,L0_X6_Y6,16,L0_X6_Y6,1596.309669,1.2192,167.309669,415.619338,1429.0,1844.619338,25,0.091317,0.030297,1772649196.213619
FP000048,L0_X14_Y6,L0_X6_Y6,17,L0_X6_Y6,1656.309669,60.0,227.309669,415.619338,1429.0,1844.619338,25,0.091317,0.030297,1772649196.213619
FP000048,L0_X14_Y6,L0_X6_Y6,18,L1_X6_Y6,1678.528869,22.2192,249.528869,415.619338,1429.0,1844.619338,25,0.091317,0.030297,1772649196.213619
FP000048,L0_X14_Y6,L0_X6_Y6,19,L2_X6_Y6,1679.748069,1.2192,250.748069,415.619338,1429.0,1844.619338,25,0.091317,0.030297,1772649196.213619
FP000048,L0_X14_Y6,L0_X6_Y6,20,L2_X6_Y5,1695.768648,16.020579,266.768648,415.619338,1429.0,1844.619338,25,0.091317,0.030297,1772649196.213619
FP000048,L0_X14_Y6,L0_X6_Y6,21,L3_X6_Y5,1696.987848,1.2192,267.987848,415.619338,1429.0,1844.619338,25,0.091317,0.030297,1772649196.213619
FP000048,L0_X14_Y6,L0_X6_Y6,22,L3_X7_Y5,1712.982728,15.994879,283.982728,415.619338,1429.0,1844.619338,25,0.091317,0.030297,1772649196.213619
FP000048,L0_X14_Y6,L0_X6_Y6,23,L3_X8_Y5,1728.977616,15.994888,299.977616,415.619338,1429.0,1844.619338,25,0.091317,0.030297,1772649196.213619
FP000048,L0_X14_Y6,L0_X6_Y6,24,L3_X9_Y5,1744.972512,15.994897,315.972512,415.619338,1429.0,1844.619338,25,0.091317,0.030297,1772649196.213619
FP000048,L0_X14_Y6,L0_X6_Y6,25,L3_X10_Y5,1760.967418,15.994905,331.967418,415.619338,1429.0,1844.619338,25,0.091317,0.030297,1772649196.213619
FP000048,L0_X14_Y6,L0_X6_Y6,26,L3_X11_Y5,1776.962331,15.994914,347.962331,415.619338,1429.0,1844.619338,25,0.091317,0.030297,1772649196.213619
FP000048,L0_X14_Y6,L0_X6_Y6,27,L3_X12_Y5,1792.957254,15.994923,363.957254,415.619338,1429.0,1844.619338,25,0.091317,0.030297,1772649196.213619
FP000048,L0_X14_Y6,L0_X6_Y6,28,L3_X13_Y5,1808.952185,15.994931,379.952185,415.619338,1429.0,1844.619338,25,0.091317,0.030297,1772649196.213619
FP000048,L0_X14_Y6,L0_X6_Y6,29,L3_X14_Y5,1824.947125,15.99494,395.947125,415.619338,1429.0,1844.619338,25,0.091317,0.030297,1772649196.213619
FP000048,L0_X14_Y6,L0_X6_Y6,30,L3_X14_Y6,1840.961738,16.014613,411.961738,415.619338,1429.0,1844.619338,25,0.091317,0.030297,1772649196.213619
FP000048,L0_X14_Y6,L0_X6_Y6,31,L2_X14_Y6,1842.180938,1.2192,413.180938,415.619338,1429.0,1844.619338,25,0.091317,0.030297,1772649196.213619
FP000048,L0_X14_Y6,L0_X6_Y6,32,L1_X14_Y6,1843.400138,1.2192,414.400138,415.619338,1429.0,1844.619338,25,0.091317,0.030297,1772649196.213619
FP000048,L0_X14_Y6,L0_X6_Y6,33,L0_X14_Y6,1844.619338,1.2192,415.619338,415.619338,1429.0,1844.619338,25,0.091317,0.030297,1772649196.213619
FP000049,L0_X0_Y2,L0_X5_Y3,0,L0_X0_Y2,1441.0,0.0,0.0,282.74856,1441.0,1723.74856,25,0.033758,0.136391,1772649196.293043
FP000049,L0_X0_Y2,L0_X5_Y3,1,L1_X0_Y2,1442.2192,1.2192,1.2192,282.74856,1441.0,1723.74856,25,0.033758,0.136391,1772649196.293043
FP000049,L0_X0_Y2,L0_X5_Y3,2,L2_X0_Y2,1443.4384,1.2192,2.4384,282.74856,1441.0,1723.74856,25,0.033758,0.136391,1772649196.293043
FP000049,L0_X0_Y2,L0_X5_Y3,3,L2_X0_Y3,1459.463467,16.025067,18.463467,282.74856,1441.0,1723.74856,25,0.033758,0.136391,1772649196.293043
FP000049,L0_X0_Y2,L0_X5_Y3,4,L2_X1_Y3,1475.458303,15.994836,34.458303,282.74856,1441.0,1723.74856,25,0.033758,0.136391,1772649196.293043
FP000049,L0_X0_Y2,L0_X5_Y3,5,L2_X2_Y3,1491.453148,15.994845,50.453148,282.74856,1441.0,1723.74856,25,0.033758,0.136391,1772649196.293043
FP000049,L0_X0_Y2,L0_X5_Y3,6,L2_X3_Y3,1507.448001,15.994853,66.448001,282.74856,1441.0,1723.74856,25,0.033758,0.136391,1772649196.293043
FP000049,L0_X0_Y2,L0_X5_Y3,7,L2_X4_Y3,1523.442863,15.994862,82.442863,282.74856,1441.0,1723.74856,25,0.033758,0.136391,1772649196.293043
FP000049,L0_X0_Y2,L0_X5_Y3,8,L2_X5_Y3,1539.437733,15.994871,98.437733,282.74856,1441.0,1723.74856,25,0.033758,0.136391,1772649196.293043
FP000049,L0_X0_Y2,L0_X5_Y3,9,L1_X5_Y3,1540.656933,1.2192,99.656933,282.74856,1441.0,1723.74856,25,0.033758,0.136391,1772649196.293043
FP000049,L0_X0_Y2,L0_X5_Y3,10,L0_X5_Y3,1541.876133,1.2192,100.876133,282.74856,1441.0,1723.74856,25,0.033758,0.136391,1772649196.293043
FP000049,L0_X0_Y2,L0_X5_Y3,11,L0_X5_Y3,1601.876133,60.0,160.876133,282.74856,1441.0,1723.74856,25,0.033758,0.136391,1772649196.293043
FP000049,L0_X0_Y2,L0_X5_Y3,12,L1_X5_Y3,1624.095333,22.2192,183.095333,282.74856,1441.0,1723.74856,25,0.033758,0.136391,1772649196.293043
FP000049,L0_X0_Y2,L0_X5_Y3,13,L2_X5_Y3,1625.314533,1.2192,184.314533,282.74856,1441.0,1723.74856,25,0.033758,0.136391,1772649196.293043
FP000049,L0_X0_Y2,L0_X5_Y3,14,L2_X5_Y2,1641.335872,16.021339,200.335872,282.74856,1441.0,1723.74856,25,0.033758,0.136391,1772649196.293043
FP000049,L0_X0_Y2,L0_X5_Y3,15,L2_X4_Y2,1657.330747,15.994875,216.330747,282.74856,1441.0,1723.74856,25,0.033758,0.136391,1772649196.293043
FP000049,L0_X0_Y2,L0_X5_Y3,16,L2_X3_Y2,1673.325613,15.994866,232.325613,282.74856,1441.0,1723.74856,25,0.033758,0.136391,1772649196.293043
FP000049,L0_X0_Y2,L0_X5_Y3,17,L2_X2_Y2,1689.320471,15.994857,248.320471,282.74856,1441.0,1723.74856,25,0.033758,0.136391,1772649196.293043
FP000049,L0_X0_Y2,L0_X5_Y3,18,L2_X1_Y2,1705.315319,15.994849,264.315319,282.74856,1441.0,1723.74856,25,0.033758,0.136391,1772649196.293043
FP000049,L0_X0_Y2,L0_X5_Y3,19,L2_X0_Y2,1721.31016,15.99484,280.31016,282.74856,1441.0,1723.74856,25,0.033758,0.136391,1772649196.293043
FP000049,L0_X0_Y2,L0_X5_Y3,20,L1_X0_Y2,1722.52936,1.2192,281.52936,282.74856,1441.0,1723.74856,25,0.033758,0.136391,1772649196.293043
FP000049,L0_X0_Y2,L0_X5_Y3,21,L0_X0_Y2,1723.74856,1.2192,282.74856,282.74856,1441.0,1723.74856,25,0.033758,0.136391,1772649196.293043
FP000051,L0_X14_Y6,L0_X9_Y0,0,L0_X14_Y6,1553.0,0.0,0.0,444.893351,1551.0,1995.893351,25,0.086079,0.005198,1772649196.417407
FP000051,L0_X14_Y6,L0_X9_Y0,1,L1_X14_Y6,1554.2192,1.2192,3.2192,444.893351,1551.0,1995.893351,25,0.086079,0.005198,1772649196.417407
FP000051,L0_X14_Y6,L0_X9_Y0,2,L2_X14_Y6,1555.4384,1.2192,4.4384,444.893351,1551.0,1995.893351,25,0.086079,0.005198,1772649196.417407
FP000051,L0_X14_Y6,L0_X9_Y0,3,L2_X13_Y6,1571.433336,15.994936,20.433336,444.893351,1551.0,1995.893351,25,0.086079,0.005198,1772649196.417407
FP000051,L0_X14_Y6,L0_X9_Y0,4,L2_X13_Y5,1587.448694,16.015359,36.448694,444.893351,1551.0,1995.893351,25,0.086079,0.005198,1772649196.417407
FP000051,L0_X14_Y6,L0_X9_Y0,5,L2_X13_Y4,1603.464057,16.015363,52.464057,444.893351,1551.0,1995.893351,25,0.086079,0.005198,1772649196.417407
FP000051,L0_X14_Y6,L0_X9_Y0,6,L2_X13_Y3,1619.479424,16.015367,68.479424,444.893351,1551.0,1995.893351,25,0.086079,0.005198,1772649196.417407
FP000051,L0_X14_Y6,L0_X9_Y0,7,L2_X13_Y2,1635.494796,16.015371,84.494796,444.893351,1551.0,1995.893351,25,0.086079,0.005198,1772649196.417407
FP000051,L0_X14_Y6,L0_X9_Y0,8,L2_X12_Y2,1651.489739,15.994944,100.489739,444.893351,1551.0,1995.893351,25,0.086079,0.005198,1772649196.417407
FP000051,L0_X14_Y6,L0_X9_Y0,9,L2_X11_Y2,1667.484674,15.994935,116.484674,444.893351,1551.0,1995.893351,25,0.086079,0.005198,1772649196.417407
FP000051,L0_X14_Y6,L0_X9_Y0,10,L2_X10_Y2,1683.479601,15.994926,132.479601,444.893351,1551.0,1995.893351,25,0.086079,0.005198,1772649196.417407
FP000051,L0_X14_Y6,L0_X9_Y0,11,L2_X10_Y1,1699.497215,16.017614,148.497215,444.893351,1551.0,1995.893351,25,0.086079,0.005198,1772649196.417407
FP000051,L0_X14_Y6,L0_X9_Y0,12,L2_X10_Y0,1715.514833,16.017618,164.514833,444.893351,1551.0,1995.893351,25,0.086079,0.005198,1772649196.417407
FP000051,L0_X14_Y6,L0_X9_Y0,13,L2_X9_Y0,1731.50976,15.994926,180.50976,444.893351,1551.0,1995.893351,25,0.086079,0.005198,1772649196.417407
FP000051,L0_X14_Y6,L0_X9_Y0,14,L1_X9_Y0,1732.72896,1.2192,181.72896,444.893351,1551.0,1995.893351,25,0.086079,0.005198,1772649196.417407
FP000051,L0_X14_Y6,L0_X9_Y0,15,L0_X9_Y0,1733.94816,1.2192,182.94816,444.893351,1551.0,1995.893351,25,0.086079,0.005198,1772649196.417407
FP000051,L0_X14_Y6,L0_X9_Y0,16,L0_X9_Y0,1793.94816,60.0,242.94816,444.893351,1551.0,1995.893351,25,0.086079,0.005198,1772649196.417407
FP000051,L0_X14_Y6,L0_X9_Y0,17,L1_X9_Y0,1816.16736,22.2192,265.16736,444.893351,1551.0,1995.893351,25,0.086079,0.005198,1772649196.417407
FP000051,L0_X14_Y6,L0_X9_Y0,18,L2_X9_Y0,1817.38656,1.2192,266.38656,444.893351,1551.0,1995.893351,25,0.086079,0.005198,1772649196.417407
FP000051,L0_X14_Y6,L0_X9_Y0,19,L2_X10_Y0,1833.381486,15.994926,282.381486,444.893351,1551.0,1995.893351,25,0.086079,0.005198,1772649196.417407
FP000051,L0_X14_Y6,L0_X9_Y0,20,L2_X10_Y1,1849.399104,16.017618,298.399104,444.893351,1551.0,1995.893351,25,0.086079,0.005198,1772649196.417407
FP000051,L0_X14_Y6,L0_X9_Y0,21,L2_X10_Y2,1865.416718,16.017614,314.416718,444.893351,1551.0,1995.893351,25,0.086079,0.005198,1772649196.417407
FP000051,L0_X14_Y6,L0_X9_Y0,22,L2_X11_Y2,1881.411645,15.994926,330.411645,444.893351,1551.0,1995.893351,25,0.086079,0.005198,1772649196.417407
FP000051,L0_X14_Y6,L0_X9_Y0,23,L2_X12_Y2,1897.40658,15.994935,346.40658,444.893351,1551.0,1995.893351,25,0.086079,0.005198,1772649196.417407
FP000051,L0_X14_Y6,L0_X9_Y0,24,L2_X13_Y2,1913.401524,15.994944,362.401524,444.893351,1551.0,1995.893351,25,0.086079,0.005198,1772649196.417407
FP000051,L0_X14_Y6,L0_X9_Y0,25,L2_X14_Y2,1929.396476,15.994952,378.396476,444.893351,1551.0,1995.893351,25,0.086079,0.005198,1772649196.417407
FP000051,L0_X14_Y6,L0_X9_Y0,26,L2_X14_Y3,1945.411101,16.014625,394.411101,444.893351,1551.0,1995.893351,25,0.086079,0.005198,1772649196.417407
FP000051,L0_X14_Y6,L0_X9_Y0,27,L2_X14_Y4,1961.425722,16.014621,410.425722,444.893351,1551.0,1995.893351,25,0.086079,0.005198,1772649196.417407
FP000051,L0_X14_Y6,L0_X9_Y0,28,L2_X14_Y5,1977.440339,16.014617,426.440339,444.893351,1551.0,1995.893351,25,0.086079,0.005198,1772649196.417407
FP000051,L0_X14_Y6,L0_X9_Y0,29,L2_X14_Y6,1993.454951,16.014613,442.454951,444.893351,1551.0,1995.893351,25,0.086079,0.005198,1772649196.417407
FP000051,L0_X14_Y6,L0_X9_Y0,30,L1_X14_Y6,1994.674151,1.2192,443.674151,444.893351,1551.0,1995.893351,25,0.086079,0.005198,1772649196.417407
FP000051,L0_X14_Y6,L0_X9_Y0,31,L0_X14_Y6,1995.893351,1.2192,444.893351,444.893351,1551.0,1995.893351,25,0.086079,0.005198,1772649196.417407
FP000052,L0_X14_Y6,L0_X11_Y1,0,L0_X14_Y6,1658.0,0.0,0.0,377.061496,1640.0,2017.061496,25,1.462159,0.129827,1772649197.924707
FP000052,L0_X14_Y6,L0_X11_Y1,1,L1_X14_Y6,1659.2192,1.2192,19.2192,377.061496,1640.0,2017.061496,25,1.462159,0.129827,1772649197.924707
FP000052,L0_X14_Y6,L0_X11_Y1,2,L2_X14_Y6,1660.4384,1.2192,20.4384,377.061496,1640.0,2017.061496,25,1.462159,0.129827,1772649197.924707
FP000052,L0_X14_Y6,L0_X11_Y1,3,L2_X14_Y5,1676.453013,16.014613,36.453013,377.061496,1640.0,2017.061496,25,1.462159,0.129827,1772649197.924707
FP000052,L0_X14_Y6,L0_X11_Y1,4,L2_X14_Y4,1692.467629,16.014617,52.467629,377.061496,1640.0,2017.061496,25,1.462159,0.129827,1772649197.924707
FP000052,L0_X14_Y6,L0_X11_Y1,5,L3_X14_Y4,1693.686829,1.2192,53.686829,377.061496,1640.0,2017.061496,25,1.462159,0.129827,1772649197.924707
FP000052,L0_X14_Y6,L0_X11_Y1,6,L3_X14_Y3,1709.70145,16.014621,69.70145,377.061496,1640.0,2017.061496,25,1.462159,0.129827,1772649197.924707
FP000052,L0_X14_Y6,L0_X11_Y1,7,L3_X14_Y2,1725.716075,16.014625,85.716075,377.061496,1640.0,2017.061496,25,1.462159,0.129827,1772649197.924707
FP000052,L0_X14_Y6,L0_X11_Y1,8,L3_X14_Y1,1741.730704,16.014629,101.730704,377.061496,1640.0,2017.061496,25,1.462159,0.129827,1772649197.924707
FP000052,L0_X14_Y6,L0_X11_Y1,9,L3_X13_Y1,1757.725661,15.994957,117.725661,377.061496,1640.0,2017.061496,25,1.462159,0.129827,1772649197.924707
FP000052,L0_X14_Y6,L0_X11_Y1,10,L3_X12_Y1,1773.720609,15.994948,133.720609,377.061496,1640.0,2017.061496,25,1.462159,0.129827,1772649197.924707
FP000052,L0_X14_Y6,L0_X11_Y1,11,L3_X11_Y1,1789.715548,15.994939,149.715548,377.061496,1640.0,2017.061496,25,1.462159,0.129827,1772649197.924707
FP000052,L0_X14_Y6,L0_X11_Y1,12,L2_X11_Y1,1790.934748,1.2192,150.934748,377.061496,1640.0,2017.061496,25,1.462159,0.129827,1772649197.924707
FP000052,L0_X14_Y6,L0_X11_Y1,13,L1_X11_Y1,1792.153948,1.2192,152.153948,377.061496,1640.0,2017.061496,25,1.462159,0.129827,1772649197.924707
FP000052,L0_X14_Y6,L0_X11_Y1,14,L0_X11_Y1,1793.373148,1.2192,153.373148,377.061496,1640.0,2017.061496,25,1.462159,0.129827,1772649197.924707
FP000052,L0_X14_Y6,L0_X11_Y1,15,L0_X11_Y1,1853.373148,60.0,213.373148,377.061496,1640.0,2017.061496,25,1.462159,0.129827,1772649197.924707
FP000052,L0_X14_Y6,L0_X11_Y1,16,L1_X11_Y1,1875.592348,22.2192,235.592348,377.061496,1640.0,2017.061496,25,1.462159,0.129827,1772649197.924707
FP000052,L0_X14_Y6,L0_X11_Y1,17,L2_X11_Y1,1876.811548,1.2192,236.811548,377.061496,1640.0,2017.061496,25,1.462159,0.129827,1772649197.924707
FP000052,L0_X14_Y6,L0_X11_Y1,18,L3_X11_Y1,1878.030748,1.2192,238.030748,377.061496,1640.0,2017.061496,25,1.462159,0.129827,1772649197.924707
FP000052,L0_X14_Y6,L0_X11_Y1,19,L3_X12_Y1,1894.025687,15.994939,254.025687,377.061496,1640.0,2017.061496,25,1.462159,0.129827,1772649197.924707
FP000052,L0_X14_Y6,L0_X11_Y1,20,L3_X13_Y1,1910.020635,15.994948,270.020635,377.061496,1640.0,2017.061496,25,1.462159,0.129827,1772649197.924707
FP000052,L0_X14_Y6,L0_X11_Y1,21,L3_X14_Y1,1926.015592,15.994957,286.015592,377.061496,1640.0,2017.061496,25,1.462159,0.129827,1772649197.924707
FP000052,L0_X14_Y6,L0_X11_Y1,22,L3_X14_Y2,1942.030221,16.014629,302.030221,377.061496,1640.0,2017.061496,25,1.462159,0.129827,1772649197.924707
FP000052,L0_X14_Y6,L0_X11_Y1,23,L3_X14_Y3,1958.044846,16.014625,318.044846,377.061496,1640.0,2017.061496,25,1.462159,0.129827,1772649197.924707
FP000052,L0_X14_Y6,L0_X11_Y1,24,L3_X14_Y4,1974.059467,16.014621,334.059467,377.061496,1640.0,2017.061496,25,1.462159,0.129827,1772649197.924707
FP000052,L0_X14_Y6,L0_X11_Y1,25,L3_X14_Y5,1990.074084,16.014617,350.074084,377.061496,1640.0,2017.061496,25,1.462159,0.129827,1772649197.924707
FP000052,L0_X14_Y6,L0_X11_Y1,26,L3_X14_Y6,2006.088696,16.014613,366.088696,377.061496,1640.0,2017.061496,25,1.462159,0.129827,1772649197.924707
FP000052,L0_X14_Y6,L0_X11_Y1,27,L4_X14_Y6,2007.307896,1.2192,367.307896,377.061496,1640.0,2017.061496,25,1.462159,0.129827,1772649197.924707
FP000052,L0_X14_Y6,L0_X11_Y1,28,L3_X14_Y6,2008.527096,1.2192,368.527096,377.061496,1640.0,2017.061496,25,1.462159,0.129827,1772649197.924707
FP000052,L0_X14_Y6,L0_X11_Y1,29,L4_X14_Y6,2009.746296,1.2192,369.746296,377.061496,1640.0,2017.061496,25,1.462159,0.129827,1772649197.924707
FP000052,L0_X14_Y6,L0_X11_Y1,30,L3_X14_Y6,2010.965496,1.2192,370.965496,377.061496,1640.0,2017.061496,25,1.462159,0.129827,1772649197.924707
FP000052,L0_X14_Y6,L0_X11_Y1,31,L4_X14_Y6,2012.184696,1.2192,372.184696,377.061496,1640.0,2017.061496,25,1.462159,0.129827,1772649197.924707
FP000052,L0_X14_Y6,L0_X11_Y1,32,L3_X14_Y6,2013.403896,1.2192,373.403896,377.061496,1640.0,2017.061496,25,1.462159,0.129827,1772649197.924707
FP000052,L0_X14_Y6,L0_X11_Y1,33,L2_X14_Y6,2014.623096,1.2192,374.623096,377.061496,1640.0,2017.061496,25,1.462159,0.129827,1772649197.924707
FP000052,L0_X14_Y6,L0_X11_Y1,34,L1_X14_Y6,2015.842296,1.2192,375.842296,377.061496,1640.0,2017.061496,25,1.462159,0.129827,1772649197.924707
FP000052,L0_X14_Y6,L0_X11_Y1,35,L0_X14_Y6,2017.061496,1.2192,377.061496,377.061496,1640.0,2017.061496,25,1.462159,0.129827,1772649197.924707
FP000053,L0_X14_Y6,L0_X14_Y2,0,L0_X14_Y6,1679.0,0.0,0.0,254.870551,1643.0,1897.870551,25,0.014246,1.505753,1772649197.982553
FP000053,L0_X14_Y6,L0_X14_Y2,1,L1_X14_Y6,1680.2192,1.2192,37.2192,254.870551,1643.0,1897.870551,25,0.014246,1.505753,1772649197.982553
FP000053,L0_X14_Y6,L0_X14_Y2,2,L2_X14_Y6,1681.4384,1.2192,38.4384,254.870551,1643.0,1897.870551,25,0.014246,1.505753,1772649197.982553
FP000053,L0_X14_Y6,L0_X14_Y2,3,L2_X14_Y5,1697.453013,16.014613,54.453013,254.870551,1643.0,1897.870551,25,0.014246,1.505753,1772649197.982553
FP000053,L0_X14_Y6,L0_X14_Y2,4,L2_X14_Y4,1713.467629,16.014617,70.467629,254.870551,1643.0,1897.870551,25,0.014246,1.505753,1772649197.982553
FP000053,L0_X14_Y6,L0_X14_Y2,5,L2_X14_Y3,1729.48225,16.014621,86.48225,254.870551,1643.0,1897.870551,25,0.014246,1.505753,1772649197.982553
FP000053,L0_X14_Y6,L0_X14_Y2,6,L2_X14_Y2,1745.496875,16.014625,102.496875,254.870551,1643.0,1897.870551,25,0.014246,1.505753,1772649197.982553
FP000053,L0_X14_Y6,L0_X14_Y2,7,L1_X14_Y2,1746.716075,1.2192,103.716075,254.870551,1643.0,1897.870551,25,0.014246,1.505753,1772649197.982553
FP000053,L0_X14_Y6,L0_X14_Y2,8,L0_X14_Y2,1747.935275,1.2192,104.935275,254.870551,1643.0,1897.870551,25,0.014246,1.505753,1772649197.982553
FP000053,L0_X14_Y6,L0_X14_Y2,9,L0_X14_Y2,1807.935275,60.0,164.935275,254.870551,1643.0,1897.870551,25,0.014246,1.505753,1772649197.982553
FP000053,L0_X14_Y6,L0_X14_Y2,10,L1_X14_Y2,1830.154475,22.2192,187.154475,254.870551,1643.0,1897.870551,25,0.014246,1.505753,1772649197.982553
FP000053,L0_X14_Y6,L0_X14_Y2,11,L2_X14_Y2,1831.373675,1.2192,188.373675,254.870551,1643.0,1897.870551,25,0.014246,1.505753,1772649197.982553
FP000053,L0_X14_Y6,L0_X14_Y2,12,L2_X14_Y3,1847.3883,16.014625,204.3883,254.870551,1643.0,1897.870551,25,0.014246,1.505753,1772649197.982553
FP000053,L0_X14_Y6,L0_X14_Y2,13,L2_X14_Y4,1863.402921,16.014621,220.402921,254.870551,1643.0,1897.870551,25,0.014246,1.505753,1772649197.982553
FP000053,L0_X14_Y6,L0_X14_Y2,14,L2_X14_Y5,1879.417538,16.014617,236.417538,254.870551,1643.0,1897.870551,25,0.014246,1.505753,1772649197.982553
FP000053,L0_X14_Y6,L0_X14_Y2,15,L2_X14_Y6,1895.432151,16.014613,252.432151,254.870551,1643.0,1897.870551,25,0.014246,1.505753,1772649197.982553
FP000053,L0_X14_Y6,L0_X14_Y2,16,L1_X14_Y6,1896.651351,1.2192,253.651351,254.870551,1643.0,1897.870551,25,0.014246,1.505753,1772649197.982553
FP000053,L0_X14_Y6,L0_X14_Y2,17,L0_X14_Y6,1897.870551,1.2192,254.870551,254.870551,1643.0,1897.870551,25,0.014246,1.505753,1772649197.982553
FP000057,L0_X0_Y2,L0_X4_Y1,0,L0_X0_Y2,1744.0,0.0,0.0,304.756604,1690.0,1994.756604,25,0.108068,0.091702,1772649201.418743
FP000057,L0_X0_Y2,L0_X4_Y1,1,L1_X0_Y2,1745.2192,1.2192,55.2192,304.756604,1690.0,1994.756604,25,0.108068,0.091702,1772649201.418743
FP000057,L0_X0_Y2,L0_X4_Y1,2,L2_X0_Y2,1746.4384,1.2192,56.4384,304.756604,1690.0,1994.756604,25,0.108068,0.091702,1772649201.418743
FP000057,L0_X0_Y2,L0_X4_Y1,3,L2_X1_Y2,1762.43324,15.99484,72.43324,304.756604,1690.0,1994.756604,25,0.108068,0.091702,1772649201.418743
FP000057,L0_X0_Y2,L0_X4_Y1,4,L2_X2_Y2,1778.428089,15.994849,88.428089,304.756604,1690.0,1994.756604,25,0.108068,0.091702,1772649201.418743
FP000057,L0_X0_Y2,L0_X4_Y1,5,L2_X3_Y2,1794.422946,15.994857,104.422946,304.756604,1690.0,1994.756604,25,0.108068,0.091702,1772649201.418743
FP000057,L0_X0_Y2,L0_X4_Y1,6,L2_X4_Y2,1810.417812,15.994866,120.417812,304.756604,1690.0,1994.756604,25,0.108068,0.091702,1772649201.418743
FP000057,L0_X0_Y2,L0_X4_Y1,7,L2_X4_Y1,1826.439902,16.02209,136.439902,304.756604,1690.0,1994.756604,25,0.108068,0.091702,1772649201.418743
FP000057,L0_X0_Y2,L0_X4_Y1,8,L1_X4_Y1,1827.659102,1.2192,137.659102,304.756604,1690.0,1994.756604,25,0.108068,0.091702,1772649201.418743
FP000057,L0_X0_Y2,L0_X4_Y1,9,L0_X4_Y1,1828.878302,1.2192,138.878302,304.756604,1690.0,1994.756604,25,0.108068,0.091702,1772649201.418743
FP000057,L0_X0_Y2,L0_X4_Y1,10,L0_X4_Y1,1888.878302,60.0,198.878302,304.756604,1690.0,1994.756604,25,0.108068,0.091702,1772649201.418743
FP000057,L0_X0_Y2,L0_X4_Y1,11,L1_X4_Y1,1911.097502,22.2192,221.097502,304.756604,1690.0,1994.756604,25,0.108068,0.091702,1772649201.418743
FP000057,L0_X0_Y2,L0_X4_Y1,12,L1_X4_Y2,1927.119592,16.02209,237.119592,304.756604,1690.0,1994.756604,25,0.108068,0.091702,1772649201.418743
FP000057,L0_X0_Y2,L0_X4_Y1,13,L1_X3_Y2,1943.114458,15.994866,253.114458,304.756604,1690.0,1994.756604,25,0.108068,0.091702,1772649201.418743
FP000057,L0_X0_Y2,L0_X4_Y1,14,L2_X3_Y2,1944.333658,1.2192,254.333658,304.756604,1690.0,1994.756604,25,0.108068,0.091702,1772649201.418743
FP000057,L0_X0_Y2,L0_X4_Y1,15,L2_X2_Y2,1960.328515,15.994857,270.328515,304.756604,1690.0,1994.756604,25,0.108068,0.091702,1772649201.418743
FP000057,L0_X0_Y2,L0_X4_Y1,16,L2_X1_Y2,1976.323364,15.994849,286.323364,304.756604,1690.0,1994.756604,25,0.108068,0.091702,1772649201.418743
FP000057,L0_X0_Y2,L0_X4_Y1,17,L2_X0_Y2,1992.318204,15.99484,302.318204,304.756604,1690.0,1994.756604,25,0.108068,0.091702,1772649201.418743
FP000057,L0_X0_Y2,L0_X4_Y1,18,L1_X0_Y2,1993.537404,1.2192,303.537404,304.756604,1690.0,1994.756604,25,0.108068,0.091702,1772649201.418743
FP000057,L0_X0_Y2,L0_X4_Y1,19,L0_X0_Y2,1994.756604,1.2192,304.756604,304.756604,1690.0,1994.756604,25,0.108068,0.091702,1772649201.418743
FP000060,L0_X0_Y2,L0_X0_Y5,0,L0_X0_Y2,1851.0,0.0,0.0,186.903972,1851.0,2037.903972,25,0.108476,0.078504,1772649204.6582
FP000060,L0_X0_Y2,L0_X0_Y5,1,L1_X0_Y2,1852.2192,1.2192,1.2192,186.903972,1851.0,2037.903972,25,0.108476,0.078504,1772649204.6582
FP000060,L0_X0_Y2,L0_X0_Y5,2,L2_X0_Y2,1853.4384,1.2192,2.4384,186.903972,1851.0,2037.903972,25,0.108476,0.078504,1772649204.6582
FP000060,L0_X0_Y2,L0_X0_Y5,3,L2_X0_Y3,1869.463467,16.025067,18.463467,186.903972,1851.0,2037.903972,25,0.108476,0.078504,1772649204.6582
FP000060,L0_X0_Y2,L0_X0_Y5,4,L2_X0_Y4,1885.488529,16.025062,34.488529,186.903972,1851.0,2037.903972,25,0.108476,0.078504,1772649204.6582
FP000060,L0_X0_Y2,L0_X0_Y5,5,L2_X0_Y5,1901.513586,16.025057,50.513586,186.903972,1851.0,2037.903972,25,0.108476,0.078504,1772649204.6582
FP000060,L0_X0_Y2,L0_X0_Y5,6,L1_X0_Y5,1902.732786,1.2192,51.732786,186.903972,1851.0,2037.903972,25,0.108476,0.078504,1772649204.6582
FP000060,L0_X0_Y2,L0_X0_Y5,7,L0_X0_Y5,1903.951986,1.2192,52.951986,186.903972,1851.0,2037.903972,25,0.108476,0.078504,1772649204.6582
FP000060,L0_X0_Y2,L0_X0_Y5,8,L0_X0_Y5,1963.951986,60.0,112.951986,186.903972,1851.0,2037.903972,25,0.108476,0.078504,1772649204.6582
FP000060,L0_X0_Y2,L0_X0_Y5,9,L1_X0_Y5,1986.171186,22.2192,135.171186,186.903972,1851.0,2037.903972,25,0.108476,0.078504,1772649204.6582
FP000060,L0_X0_Y2,L0_X0_Y5,10,L2_X0_Y5,1987.390386,1.2192,136.390386,186.903972,1851.0,2037.903972,25,0.108476,0.078504,1772649204.6582
FP000060,L0_X0_Y2,L0_X0_Y5,11,L2_X0_Y4,2003.415443,16.025057,152.415443,186.903972,1851.0,2037.903972,25,0.108476,0.078504,1772649204.6582
FP000060,L0_X0_Y2,L0_X0_Y5,12,L2_X0_Y3,2019.440505,16.025062,168.440505,186.903972,1851.0,2037.903972,25,0.108476,0.078504,1772649204.6582
FP000060,L0_X0_Y2,L0_X0_Y5,13,L2_X0_Y2,2035.465572,16.025067,184.465572,186.903972,1851.0,2037.903972,25,0.108476,0.078504,1772649204.6582
FP000060,L0_X0_Y2,L0_X0_Y5,14,L1_X0_Y2,2036.684772,1.2192,185.684772,186.903972,1851.0,2037.903972,25,0.108476,0.078504,1772649204.6582
FP000060,L0_X0_Y2,L0_X0_Y5,15,L0_X0_Y2,2037.903972,1.2192,186.903972,186.903972,1851.0,2037.903972,25,0.108476,0.078504,1772649204.6582
FP000061,L0_X14_Y6,L0_X7_Y2,0,L0_X14_Y6,1918.0,0.0,0.0,463.801747,1897.0,2360.801747,25,0.111278,0.918031,1772649205.548648
FP000061,L0_X14_Y6,L0_X7_Y2,1,L1_X14_Y6,1919.2192,1.2192,22.2192,463.801747,1897.0,2360.801747,25,0.111278,0.918031,1772649205.548648
FP000061,L0_X14_Y6,L0_X7_Y2,2,L2_X14_Y6,1920.4384,1.2192,23.4384,463.801747,1897.0,2360.801747,25,0.111278,0.918031,1772649205.548648
FP000061,L0_X14_Y6,L0_X7_Y2,3,L2_X14_Y5,1936.453013,16.014613,39.453013,463.801747,1897.0,2360.801747,25,0.111278,0.918031,1772649205.548648
FP000061,L0_X14_Y6,L0_X7_Y2,4,L2_X13_Y5,1952.447952,15.99494,55.447952,463.801747,1897.0,2360.801747,25,0.111278,0.918031,1772649205.548648
FP000061,L0_X14_Y6,L0_X7_Y2,5,L2_X13_Y4,1968.463315,16.015363,71.463315,463.801747,1897.0,2360.801747,25,0.111278,0.918031,1772649205.548648
FP000061,L0_X14_Y6,L0_X7_Y2,6,L2_X13_Y3,1984.478682,16.015367,87.478682,463.801747,1897.0,2360.801747,25,0.111278,0.918031,1772649205.548648
FP000061,L0_X14_Y6,L0_X7_Y2,7,L2_X13_Y2,2000.494054,16.015371,103.494054,463.801747,1897.0,2360.801747,25,0.111278,0.918031,1772649205.548648
FP000061,L0_X14_Y6,L0_X7_Y2,8,L2_X12_Y2,2016.488997,15.994944,119.488997,463.801747,1897.0,2360.801747,25,0.111278,0.918031,1772649205.548648
FP000061,L0_X14_Y6,L0_X7_Y2,9,L2_X11_Y2,2032.483933,15.994935,135.483933,463.801747,1897.0,2360.801747,25,0.111278,0.918031,1772649205.548648
FP000061,L0_X14_Y6,L0_X7_Y2,10,L2_X10_Y2,2048.478859,15.994926,151.478859,463.801747,1897.0,2360.801747,25,0.111278,0.918031,1772649205.548648
FP000061,L0_X14_Y6,L0_X7_Y2,11,L2_X9_Y2,2064.473777,15.994918,167.473777,463.801747,1897.0,2360.801747,25,0.111278,0.918031,1772649205.548648
FP000061,L0_X14_Y6,L0_X7_Y2,12,L2_X8_Y2,2080.468686,15.994909,183.468686,463.801747,1897.0,2360.801747,25,0.111278,0.918031,1772649205.548648
FP000061,L0_X14_Y6,L0_X7_Y2,13,L2_X7_Y2,2096.463587,15.994901,199.463587,463.801747,1897.0,2360.801747,25,0.111278,0.918031,1772649205.548648
FP000061,L0_X14_Y6,L0_X7_Y2,14,L1_X7_Y2,2097.682787,1.2192,200.682787,463.801747,1897.0,2360.801747,25,0.111278,0.918031,1772649205.548648
FP000061,L0_X14_Y6,L0_X7_Y2,15,L0_X7_Y2,2098.901987,1.2192,201.901987,463.801747,1897.0,2360.801747,25,0.111278,0.918031,1772649205.548648
FP000061,L0_X14_Y6,L0_X7_Y2,16,L0_X7_Y2,2158.901987,60.0,261.901987,463.801747,1897.0,2360.801747,25,0.111278,0.918031,1772649205.548648
FP000061,L0_X14_Y6,L0_X7_Y2,17,L1_X7_Y2,2181.121187,22.2192,284.121187,463.801747,1897.0,2360.801747,25,0.111278,0.918031,1772649205.548648
FP000061,L0_X14_Y6,L0_X7_Y2,18,L2_X7_Y2,2182.340387,1.2192,285.340387,463.801747,1897.0,2360.801747,25,0.111278,0.918031,1772649205.548648
FP000061,L0_X14_Y6,L0_X7_Y2,19,L2_X8_Y2,2198.335287,15.994901,301.335287,463.801747,1897.0,2360.801747,25,0.111278,0.918031,1772649205.548648
FP000061,L0_X14_Y6,L0_X7_Y2,20,L2_X9_Y2,2214.330196,15.994909,317.330196,463.801747,1897.0,2360.801747,25,0.111278,0.918031,1772649205.548648
FP000061,L0_X14_Y6,L0_X7_Y2,21,L2_X10_Y2,2230.325114,15.994918,333.325114,463.801747,1897.0,2360.801747,25,0.111278,0.918031,1772649205.548648
FP000061,L0_X14_Y6,L0_X7_Y2,22,L2_X11_Y2,2246.320041,15.994926,349.320041,463.801747,1897.0,2360.801747,25,0.111278,0.918031,1772649205.548648
FP000061,L0_X14_Y6,L0_X7_Y2,23,L2_X12_Y2,2262.314976,15.994935,365.314976,463.801747,1897.0,2360.801747,25,0.111278,0.918031,1772649205.548648
FP000061,L0_X14_Y6,L0_X7_Y2,24,L2_X13_Y2,2278.30992,15.994944,381.30992,463.801747,1897.0,2360.801747,25,0.111278,0.918031,1772649205.548648
FP000061,L0_X14_Y6,L0_X7_Y2,25,L2_X14_Y2,2294.304872,15.994952,397.304872,463.801747,1897.0,2360.801747,25,0.111278,0.918031,1772649205.548648
FP000061,L0_X14_Y6,L0_X7_Y2,26,L2_X14_Y3,2310.319497,16.014625,413.319497,463.801747,1897.0,2360.801747,25,0.111278,0.918031,1772649205.548648
FP000061,L0_X14_Y6,L0_X7_Y2,27,L2_X14_Y4,2326.334118,16.014621,429.334118,463.801747,1897.0,2360.801747,25,0.111278,0.918031,1772649205.548648
FP000061,L0_X14_Y6,L0_X7_Y2,28,L2_X14_Y5,2342.348735,16.014617,445.348735,463.801747,1897.0,2360.801747,25,0.111278,0.918031,1772649205.548648
FP000061,L0_X14_Y6,L0_X7_Y2,29,L2_X14_Y6,2358.363347,16.014613,461.363347,463.801747,1897.0,2360.801747,25,0.111278,0.918031,1772649205.548648
FP000061,L0_X14_Y6,L0_X7_Y2,30,L1_X14_Y6,2359.582547,1.2192,462.582547,463.801747,1897.0,2360.801747,25,0.111278,0.918031,1772649205.548648
FP000061,L0_X14_Y6,L0_X7_Y2,31,L0_X14_Y6,2360.801747,1.2192,463.801747,463.801747,1897.0,2360.801747,25,0.111278,0.918031,1772649205.548648
FP000062,L0_X0_Y2,L0_X2_Y5,0,L0_X0_Y2,1966.0,0.0,0.0,282.875888,1934.0,2216.875888,25,0.022956,0.156094,1772649205.618421
FP000062,L0_X0_Y2,L0_X2_Y5,1,L1_X0_Y2,1967.2192,1.2192,33.2192,282.875888,1934.0,2216.875888,25,0.022956,0.156094,1772649205.618421
FP000062,L0_X0_Y2,L0_X2_Y5,2,L2_X0_Y2,1968.4384,1.2192,34.4384,282.875888,1934.0,2216.875888,25,0.022956,0.156094,1772649205.618421
FP000062,L0_X0_Y2,L0_X2_Y5,3,L2_X0_Y3,1984.463467,16.025067,50.463467,282.875888,1934.0,2216.875888,25,0.022956,0.156094,1772649205.618421
FP000062,L0_X0_Y2,L0_X2_Y5,4,L2_X1_Y3,2000.458303,15.994836,66.458303,282.875888,1934.0,2216.875888,25,0.022956,0.156094,1772649205.618421
FP000062,L0_X0_Y2,L0_X2_Y5,5,L2_X2_Y3,2016.453148,15.994845,82.453148,282.875888,1934.0,2216.875888,25,0.022956,0.156094,1772649205.618421
FP000062,L0_X0_Y2,L0_X2_Y5,6,L2_X2_Y4,2032.476719,16.023571,98.476719,282.875888,1934.0,2216.875888,25,0.022956,0.156094,1772649205.618421
FP000062,L0_X0_Y2,L0_X2_Y5,7,L1_X2_Y4,2033.695919,1.2192,99.695919,282.875888,1934.0,2216.875888,25,0.022956,0.156094,1772649205.618421
FP000062,L0_X0_Y2,L0_X2_Y5,8,L1_X2_Y5,2049.719485,16.023566,115.719485,282.875888,1934.0,2216.875888,25,0.022956,0.156094,1772649205.618421
FP000062,L0_X0_Y2,L0_X2_Y5,9,L0_X2_Y5,2050.938685,1.2192,116.938685,282.875888,1934.0,2216.875888,25,0.022956,0.156094,1772649205.618421
FP000062,L0_X0_Y2,L0_X2_Y5,10,L0_X2_Y5,2110.938685,60.0,176.938685,282.875888,1934.0,2216.875888,25,0.022956,0.156094,1772649205.618421
FP000062,L0_X0_Y2,L0_X2_Y5,11,L1_X2_Y5,2133.157885,22.2192,199.157885,282.875888,1934.0,2216.875888,25,0.022956,0.156094,1772649205.618421
FP000062,L0_X0_Y2,L0_X2_Y5,12,L2_X2_Y5,2134.377085,1.2192,200.377085,282.875888,1934.0,2216.875888,25,0.022956,0.156094,1772649205.618421
FP000062,L0_X0_Y2,L0_X2_Y5,13,L2_X2_Y4,2150.400651,16.023566,216.400651,282.875888,1934.0,2216.875888,25,0.022956,0.156094,1772649205.618421
FP000062,L0_X0_Y2,L0_X2_Y5,14,L2_X2_Y3,2166.424222,16.023571,232.424222,282.875888,1934.0,2216.875888,25,0.022956,0.156094,1772649205.618421
FP000062,L0_X0_Y2,L0_X2_Y5,15,L2_X2_Y2,2182.447799,16.023576,248.447799,282.875888,1934.0,2216.875888,25,0.022956,0.156094,1772649205.618421
FP000062,L0_X0_Y2,L0_X2_Y5,16,L2_X1_Y2,2198.442647,15.994849,264.442647,282.875888,1934.0,2216.875888,25,0.022956,0.156094,1772649205.618421
FP000062,L0_X0_Y2,L0_X2_Y5,17,L2_X0_Y2,2214.437488,15.99484,280.437488,282.875888,1934.0,2216.875888,25,0.022956,0.156094,1772649205.618421
FP000062,L0_X0_Y2,L0_X2_Y5,18,L1_X0_Y2,2215.656688,1.2192,281.656688,282.875888,1934.0,2216.875888,25,0.022956,0.156094,1772649205.618421
FP000062,L0_X0_Y2,L0_X2_Y5,19,L0_X0_Y2,2216.875888,1.2192,282.875888,282.875888,1934.0,2216.875888,25,0.022956,0.156094,1772649205.618421
FP000064,L0_X14_Y6,L0_X2_Y2,0,L0_X14_Y6,2059.0,0.0,0.0,602.75272,2059.0,2661.75272,25,0.512784,0.003002,1772649209.193753
FP000064,L0_X14_Y6,L0_X2_Y2,1,L1_X14_Y6,2060.2192,1.2192,1.2192,602.75272,2059.0,2661.75272,25,0.512784,0.003002,1772649209.193753
FP000064,L0_X14_Y6,L0_X2_Y2,2,L2_X14_Y6,2061.4384,1.2192,2.4384,602.75272,2059.0,2661.75272,25,0.512784,0.003002,1772649209.193753
FP000064,L0_X14_Y6,L0_X2_Y2,3,L2_X14_Y5,2077.453013,16.014613,18.453013,602.75272,2059.0,2661.75272,25,0.512784,0.003002,1772649209.193753
FP000064,L0_X14_Y6,L0_X2_Y2,4,L2_X14_Y4,2093.467629,16.014617,34.467629,602.75272,2059.0,2661.75272,25,0.512784,0.003002,1772649209.193753
FP000064,L0_X14_Y6,L0_X2_Y2,5,L2_X14_Y3,2109.48225,16.014621,50.48225,602.75272,2059.0,2661.75272,25,0.512784,0.003002,1772649209.193753
FP000064,L0_X14_Y6,L0_X2_Y2,6,L2_X13_Y3,2125.477198,15.994948,66.477198,602.75272,2059.0,2661.75272,25,0.512784,0.003002,1772649209.193753
FP000064,L0_X14_Y6,L0_X2_Y2,7,L2_X12_Y3,2141.472138,15.99494,82.472138,602.75272,2059.0,2661.75272,25,0.512784,0.003002,1772649209.193753
FP000064,L0_X14_Y6,L0_X2_Y2,8,L2_X11_Y3,2157.467069,15.994931,98.467069,602.75272,2059.0,2661.75272,25,0.512784,0.003002,1772649209.193753
FP000064,L0_X14_Y6,L0_X2_Y2,9,L2_X10_Y3,2173.461991,15.994922,114.461991,602.75272,2059.0,2661.75272,25,0.512784,0.003002,1772649209.193753
FP000064,L0_X14_Y6,L0_X2_Y2,10,L2_X9_Y3,2189.456905,15.994914,130.456905,602.75272,2059.0,2661.75272,25,0.512784,0.003002,1772649209.193753
FP000064,L0_X14_Y6,L0_X2_Y2,11,L2_X8_Y3,2205.45181,15.994905,146.45181,602.75272,2059.0,2661.75272,25,0.512784,0.003002,1772649209.193753
FP000064,L0_X14_Y6,L0_X2_Y2,12,L2_X8_Y2,2221.470912,16.019102,162.470912,602.75272,2059.0,2661.75272,25,0.512784,0.003002,1772649209.193753
FP000064,L0_X14_Y6,L0_X2_Y2,13,L2_X7_Y2,2237.465812,15.994901,178.465812,602.75272,2059.0,2661.75272,25,0.512784,0.003002,1772649209.193753
FP000064,L0_X14_Y6,L0_X2_Y2,14,L2_X6_Y2,2253.460704,15.994892,194.460704,602.75272,2059.0,2661.75272,25,0.512784,0.003002,1772649209.193753
FP000064,L0_X14_Y6,L0_X2_Y2,15,L2_X5_Y2,2269.455587,15.994883,210.455587,602.75272,2059.0,2661.75272,25,0.512784,0.003002,1772649209.193753
FP000064,L0_X14_Y6,L0_X2_Y2,16,L2_X4_Y2,2285.450462,15.994875,226.450462,602.75272,2059.0,2661.75272,25,0.512784,0.003002,1772649209.193753
FP000064,L0_X14_Y6,L0_X2_Y2,17,L2_X3_Y2,2301.445328,15.994866,242.445328,602.75272,2059.0,2661.75272,25,0.512784,0.003002,1772649209.193753
FP000064,L0_X14_Y6,L0_X2_Y2,18,L2_X2_Y2,2317.440186,15.994857,258.440186,602.75272,2059.0,2661.75272,25,0.512784,0.003002,1772649209.193753
FP000064,L0_X14_Y6,L0_X2_Y2,19,L1_X2_Y2,2318.659386,1.2192,259.659386,602.75272,2059.0,2661.75272,25,0.512784,0.003002,1772649209.193753
FP000064,L0_X14_Y6,L0_X2_Y2,20,L0_X2_Y2,2319.878586,1.2192,260.878586,602.75272,2059.0,2661.75272,25,0.512784,0.003002,1772649209.193753
FP000064,L0_X14_Y6,L0_X2_Y2,21,L0_X2_Y2,2379.878586,60.0,320.878586,602.75272,2059.0,2661.75272,25,0.512784,0.003002,1772649209.193753
FP000064,L0_X14_Y6,L0_X2_Y2,22,L1_X2_Y2,2402.097786,22.2192,343.097786,602.75272,2059.0,2661.75272,25,0.512784,0.003002,1772649209.193753
FP000064,L0_X14_Y6,L0_X2_Y2,23,L2_X2_Y2,2403.316986,1.2192,344.316986,602.75272,2059.0,2661.75272,25,0.512784,0.003002,1772649209.193753
FP000064,L0_X14_Y6,L0_X2_Y2,24,L2_X3_Y2,2419.311843,15.994857,360.311843,602.75272,2059.0,2661.75272,25,0.512784,0.003002,1772649209.193753
FP000064,L0_X14_Y6,L0_X2_Y2,25,L2_X4_Y2,2435.306709,15.994866,376.306709,602.75272,2059.0,2661.75272,25,0.512784,0.003002,1772649209.193753
FP000064,L0_X14_Y6,L0_X2_Y2,26,L2_X5_Y2,2451.301584,15.994875,392.301584,602.75272,2059.0,2661.75272,25,0.512784,0.003002,1772649209.193753
FP000064,L0_X14_Y6,L0_X2_Y2,27,L2_X6_Y2,2467.296467,15.994883,408.296467,602.75272,2059.0,2661.75272,25,0.512784,0.003002,1772649209.193753
FP000064,L0_X14_Y6,L0_X2_Y2,28,L2_X7_Y2,2483.291359,15.994892,424.291359,602.75272,2059.0,2661.75272,25,0.512784,0.003002,1772649209.193753
FP000064,L0_X14_Y6,L0_X2_Y2,29,L2_X8_Y2,2499.28626,15.994901,440.28626,602.75272,2059.0,2661.75272,25,0.512784,0.003002,1772649209.193753
FP000064,L0_X14_Y6,L0_X2_Y2,30,L2_X9_Y2,2515.281169,15.994909,456.281169,602.75272,2059.0,2661.75272,25,0.512784,0.003002,1772649209.193753
FP000064,L0_X14_Y6,L0_X2_Y2,31,L2_X10_Y2,2531.276087,15.994918,472.276087,602.75272,2059.0,2661.75272,25,0.512784,0.003002,1772649209.193753
FP000064,L0_X14_Y6,L0_X2_Y2,32,L2_X11_Y2,2547.271013,15.994926,488.271013,602.75272,2059.0,2661.75272,25,0.512784,0.003002,1772649209.193753
FP000064,L0_X14_Y6,L0_X2_Y2,33,L2_X12_Y2,2563.265948,15.994935,504.265948,602.75272,2059.0,2661.75272,25,0.512784,0.003002,1772649209.193753
FP000064,L0_X14_Y6,L0_X2_Y2,34,L2_X13_Y2,2579.260892,15.994944,520.260892,602.75272,2059.0,2661.75272,25,0.512784,0.003002,1772649209.193753
FP000064,L0_X14_Y6,L0_X2_Y2,35,L2_X14_Y2,2595.255844,15.994952,536.255844,602.75272,2059.0,2661.75272,25,0.512784,0.003002,1772649209.193753
FP000064,L0_X14_Y6,L0_X2_Y2,36,L2_X14_Y3,2611.270469,16.014625,552.270469,602.75272,2059.0,2661.75272,25,0.512784,0.003002,1772649209.193753
FP000064,L0_X14_Y6,L0_X2_Y2,37,L2_X14_Y4,2627.28509,16.014621,568.28509,602.75272,2059.0,2661.75272,25,0.512784,0.003002,1772649209.193753
FP000064,L0_X14_Y6,L0_X2_Y2,38,L2_X14_Y5,2643.299707,16.014617,584.299707,602.75272,2059.0,2661.75272,25,0.512784,0.003002,1772649209.193753
FP000064,L0_X14_Y6,L0_X2_Y2,39,L2_X14_Y6,2659.31432,16.014613,600.31432,602.75272,2059.0,2661.75272,25,0.512784,0.003002,1772649209.193753
FP000064,L0_X14_Y6,L0_X2_Y2,40,L1_X14_Y6,2660.53352,1.2192,601.53352,602.75272,2059.0,2661.75272,25,0.512784,0.003002,1772649209.193753
FP000064,L0_X14_Y6,L0_X2_Y2,41,L0_X14_Y6,2661.75272,1.2192,602.75272,602.75272,2059.0,2661.75272,25,0.512784,0.003002,1772649209.193753
FP000065,L0_X0_Y2,L0_X11_Y4,0,L0_X0_Y2,2082.0,0.0,0.0,506.715897,2082.0,2588.715897,25,0.373851,0.57015,1772649209.820606
FP000065,L0_X0_Y2,L0_X11_Y4,1,L1_X0_Y2,2083.2192,1.2192,1.2192,506.715897,2082.0,2588.715897,25,0.373851,0.57015,1772649209.820606
FP000065,L0_X0_Y2,L0_X11_Y4,2,L2_X0_Y2,2084.4384,1.2192,2.4384,506.715897,2082.0,2588.715897,25,0.373851,0.57015,1772649209.820606
FP000065,L0_X0_Y2,L0_X11_Y4,3,L2_X1_Y2,2100.43324,15.99484,18.43324,506.715897,2082.0,2588.715897,25,0.373851,0.57015,1772649209.820606
FP000065,L0_X0_Y2,L0_X11_Y4,4,L2_X2_Y2,2116.428089,15.994849,34.428089,506.715897,2082.0,2588.715897,25,0.373851,0.57015,1772649209.820606
FP000065,L0_X0_Y2,L0_X11_Y4,5,L2_X3_Y2,2132.422946,15.994857,50.422946,506.715897,2082.0,2588.715897,25,0.373851,0.57015,1772649209.820606
FP000065,L0_X0_Y2,L0_X11_Y4,6,L2_X4_Y2,2148.417812,15.994866,66.417812,506.715897,2082.0,2588.715897,25,0.373851,0.57015,1772649209.820606
FP000065,L0_X0_Y2,L0_X11_Y4,7,L2_X5_Y2,2164.412687,15.994875,82.412687,506.715897,2082.0,2588.715897,25,0.373851,0.57015,1772649209.820606
FP000065,L0_X0_Y2,L0_X11_Y4,8,L2_X6_Y2,2180.407571,15.994883,98.407571,506.715897,2082.0,2588.715897,25,0.373851,0.57015,1772649209.820606
FP000065,L0_X0_Y2,L0_X11_Y4,9,L2_X6_Y3,2196.428164,16.020593,114.428164,506.715897,2082.0,2588.715897,25,0.373851,0.57015,1772649209.820606
FP000065,L0_X0_Y2,L0_X11_Y4,10,L2_X7_Y3,2212.423052,15.994888,130.423052,506.715897,2082.0,2588.715897,25,0.373851,0.57015,1772649209.820606
FP000065,L0_X0_Y2,L0_X11_Y4,11,L2_X8_Y3,2228.417948,15.994896,146.417948,506.715897,2082.0,2588.715897,25,0.373851,0.57015,1772649209.820606
FP000065,L0_X0_Y2,L0_X11_Y4,12,L2_X9_Y3,2244.412853,15.994905,162.412853,506.715897,2082.0,2588.715897,25,0.373851,0.57015,1772649209.820606
FP000065,L0_X0_Y2,L0_X11_Y4,13,L2_X10_Y3,2260.407767,15.994914,178.407767,506.715897,2082.0,2588.715897,25,0.373851,0.57015,1772649209.820606
FP000065,L0_X0_Y2,L0_X11_Y4,14,L1_X10_Y3,2261.626967,1.2192,179.626967,506.715897,2082.0,2588.715897,25,0.373851,0.57015,1772649209.820606
FP000065,L0_X0_Y2,L0_X11_Y4,15,L1_X11_Y3,2277.621889,15.994922,195.621889,506.715897,2082.0,2588.715897,25,0.373851,0.57015,1772649209.820606
FP000065,L0_X0_Y2,L0_X11_Y4,16,L1_X11_Y4,2293.638748,16.016859,211.638748,506.715897,2082.0,2588.715897,25,0.373851,0.57015,1772649209.820606
FP000065,L0_X0_Y2,L0_X11_Y4,17,L0_X11_Y4,2294.857948,1.2192,212.857948,506.715897,2082.0,2588.715897,25,0.373851,0.57015,1772649209.820606
FP000065,L0_X0_Y2,L0_X11_Y4,18,L0_X11_Y4,2354.857948,60.0,272.857948,506.715897,2082.0,2588.715897,25,0.373851,0.57015,1772649209.820606
FP000065,L0_X0_Y2,L0_X11_Y4,19,L1_X11_Y4,2377.077148,22.2192,295.077148,506.715897,2082.0,2588.715897,25,0.373851,0.57015,1772649209.820606
FP000065,L0_X0_Y2,L0_X11_Y4,20,L1_X11_Y3,2393.094008,16.016859,311.094008,506.715897,2082.0,2588.715897,25,0.373851,0.57015,1772649209.820606
FP000065,L0_X0_Y2,L0_X11_Y4,21,L2_X11_Y3,2394.313208,1.2192,312.313208,506.715897,2082.0,2588.715897,25,0.373851,0.57015,1772649209.820606
FP000065,L0_X0_Y2,L0_X11_Y4,22,L2_X10_Y3,2410.30813,15.994922,328.30813,506.715897,2082.0,2588.715897,25,0.373851,0.57015,1772649209.820606
FP000065,L0_X0_Y2,L0_X11_Y4,23,L2_X9_Y3,2426.303044,15.994914,344.303044,506.715897,2082.0,2588.715897,25,0.373851,0.57015,1772649209.820606
FP000065,L0_X0_Y2,L0_X11_Y4,24,L2_X8_Y3,2442.297949,15.994905,360.297949,506.715897,2082.0,2588.715897,25,0.373851,0.57015,1772649209.820606
FP000065,L0_X0_Y2,L0_X11_Y4,25,L2_X7_Y3,2458.292845,15.994896,376.292845,506.715897,2082.0,2588.715897,25,0.373851,0.57015,1772649209.820606
FP000065,L0_X0_Y2,L0_X11_Y4,26,L2_X6_Y3,2474.287733,15.994888,392.287733,506.715897,2082.0,2588.715897,25,0.373851,0.57015,1772649209.820606
FP000065,L0_X0_Y2,L0_X11_Y4,27,L2_X6_Y2,2490.308326,16.020593,408.308326,506.715897,2082.0,2588.715897,25,0.373851,0.57015,1772649209.820606
FP000065,L0_X0_Y2,L0_X11_Y4,28,L2_X5_Y2,2506.303209,15.994883,424.303209,506.715897,2082.0,2588.715897,25,0.373851,0.57015,1772649209.820606
FP000065,L0_X0_Y2,L0_X11_Y4,29,L2_X4_Y2,2522.298084,15.994875,440.298084,506.715897,2082.0,2588.715897,25,0.373851,0.57015,1772649209.820606
FP000065,L0_X0_Y2,L0_X11_Y4,30,L2_X3_Y2,2538.29295,15.994866,456.29295,506.715897,2082.0,2588.715897,25,0.373851,0.57015,1772649209.820606
FP000065,L0_X0_Y2,L0_X11_Y4,31,L2_X2_Y2,2554.287808,15.994857,472.287808,506.715897,2082.0,2588.715897,25,0.373851,0.57015,1772649209.820606
FP000065,L0_X0_Y2,L0_X11_Y4,32,L2_X1_Y2,2570.282656,15.994849,488.282656,506.715897,2082.0,2588.715897,25,0.373851,0.57015,1772649209.820606
FP000065,L0_X0_Y2,L0_X11_Y4,33,L2_X0_Y2,2586.277497,15.99484,504.277497,506.715897,2082.0,2588.715897,25,0.373851,0.57015,1772649209.820606
FP000065,L0_X0_Y2,L0_X11_Y4,34,L1_X0_Y2,2587.496697,1.2192,505.496697,506.715897,2082.0,2588.715897,25,0.373851,0.57015,1772649209.820606
FP000065,L0_X0_Y2,L0_X11_Y4,35,L0_X0_Y2,2588.715897,1.2192,506.715897,506.715897,2082.0,2588.715897,25,0.373851,0.57015,1772649209.820606
FP000066,L0_X14_Y6,L0_X0_Y4,0,L0_X14_Y6,2103.0,0.0,0.0,602.66892,2103.0,2705.66892,25,0.175472,0.417227,1772649210.323105
FP000066,L0_X14_Y6,L0_X0_Y4,1,L1_X14_Y6,2104.2192,1.2192,1.2192,602.66892,2103.0,2705.66892,25,0.175472,0.417227,1772649210.323105
FP000066,L0_X14_Y6,L0_X0_Y4,2,L2_X14_Y6,2105.4384,1.2192,2.4384,602.66892,2103.0,2705.66892,25,0.175472,0.417227,1772649210.323105
FP000066,L0_X14_Y6,L0_X0_Y4,3,L2_X14_Y5,2121.453013,16.014613,18.453013,602.66892,2103.0,2705.66892,25,0.175472,0.417227,1772649210.323105
FP000066,L0_X14_Y6,L0_X0_Y4,4,L2_X14_Y4,2137.467629,16.014617,34.467629,602.66892,2103.0,2705.66892,25,0.175472,0.417227,1772649210.323105
FP000066,L0_X14_Y6,L0_X0_Y4,5,L2_X13_Y4,2153.462573,15.994944,50.462573,602.66892,2103.0,2705.66892,25,0.175472,0.417227,1772649210.323105
FP000066,L0_X14_Y6,L0_X0_Y4,6,L2_X12_Y4,2169.457509,15.994935,66.457509,602.66892,2103.0,2705.66892,25,0.175472,0.417227,1772649210.323105
FP000066,L0_X14_Y6,L0_X0_Y4,7,L2_X11_Y4,2185.452435,15.994927,82.452435,602.66892,2103.0,2705.66892,25,0.175472,0.417227,1772649210.323105
FP000066,L0_X14_Y6,L0_X0_Y4,8,L2_X10_Y4,2201.447354,15.994918,98.447354,602.66892,2103.0,2705.66892,25,0.175472,0.417227,1772649210.323105
FP000066,L0_X14_Y6,L0_X0_Y4,9,L2_X9_Y4,2217.442263,15.994909,114.442263,602.66892,2103.0,2705.66892,25,0.175472,0.417227,1772649210.323105
FP000066,L0_X14_Y6,L0_X0_Y4,10,L2_X8_Y4,2233.437164,15.994901,130.437164,602.66892,2103.0,2705.66892,25,0.175472,0.417227,1772649210.323105
FP000066,L0_X14_Y6,L0_X0_Y4,11,L2_X7_Y4,2249.432056,15.994892,146.432056,602.66892,2103.0,2705.66892,25,0.175472,0.417227,1772649210.323105
FP000066,L0_X14_Y6,L0_X0_Y4,12,L2_X6_Y4,2265.42694,15.994884,162.42694,602.66892,2103.0,2705.66892,25,0.175472,0.417227,1772649210.323105
FP000066,L0_X14_Y6,L0_X0_Y4,13,L2_X5_Y4,2281.421815,15.994875,178.421815,602.66892,2103.0,2705.66892,25,0.175472,0.417227,1772649210.323105
FP000066,L0_X14_Y6,L0_X0_Y4,14,L2_X4_Y4,2297.416681,15.994866,194.416681,602.66892,2103.0,2705.66892,25,0.175472,0.417227,1772649210.323105
FP000066,L0_X14_Y6,L0_X0_Y4,15,L2_X3_Y4,2313.411539,15.994858,210.411539,602.66892,2103.0,2705.66892,25,0.175472,0.417227,1772649210.323105
FP000066,L0_X14_Y6,L0_X0_Y4,16,L2_X2_Y4,2329.406388,15.994849,226.406388,602.66892,2103.0,2705.66892,25,0.175472,0.417227,1772649210.323105
FP000066,L0_X14_Y6,L0_X0_Y4,17,L2_X1_Y4,2345.401228,15.99484,242.401228,602.66892,2103.0,2705.66892,25,0.175472,0.417227,1772649210.323105
FP000066,L0_X14_Y6,L0_X0_Y4,18,L2_X0_Y4,2361.39606,15.994832,258.39606,602.66892,2103.0,2705.66892,25,0.175472,0.417227,1772649210.323105
FP000066,L0_X14_Y6,L0_X0_Y4,19,L1_X0_Y4,2362.61526,1.2192,259.61526,602.66892,2103.0,2705.66892,25,0.175472,0.417227,1772649210.323105
FP000066,L0_X14_Y6,L0_X0_Y4,20,L0_X0_Y4,2363.83446,1.2192,260.83446,602.66892,2103.0,2705.66892,25,0.175472,0.417227,1772649210.323105
FP000066,L0_X14_Y6,L0_X0_Y4,21,L0_X0_Y4,2423.83446,60.0,320.83446,602.66892,2103.0,2705.66892,25,0.175472,0.417227,1772649210.323105
FP000066,L0_X14_Y6,L0_X0_Y4,22,L1_X0_Y4,2446.05366,22.2192,343.05366,602.66892,2103.0,2705.66892,25,0.175472,0.417227,1772649210.323105
FP000066,L0_X14_Y6,L0_X0_Y4,23,L2_X0_Y4,2447.27286,1.2192,344.27286,602.66892,2103.0,2705.66892,25,0.175472,0.417227,1772649210.323105
FP000066,L0_X14_Y6,L0_X0_Y4,24,L2_X1_Y4,2463.267692,15.994832,360.267692,602.66892,2103.0,2705.66892,25,0.175472,0.417227,1772649210.323105
FP000066,L0_X14_Y6,L0_X0_Y4,25,L2_X2_Y4,2479.262532,15.99484,376.262532,602.66892,2103.0,2705.66892,25,0.175472,0.417227,1772649210.323105
FP000066,L0_X14_Y6,L0_X0_Y4,26,L2_X3_Y4,2495.257381,15.994849,392.257381,602.66892,2103.0,2705.66892,25,0.175472,0.417227,1772649210.323105
FP000066,L0_X14_Y6,L0_X0_Y4,27,L2_X4_Y4,2511.252239,15.994858,408.252239,602.66892,2103.0,2705.66892,25,0.175472,0.417227,1772649210.323105
FP000066,L0_X14_Y6,L0_X0_Y4,28,L2_X5_Y4,2527.247105,15.994866,424.247105,602.66892,2103.0,2705.66892,25,0.175472,0.417227,1772649210.323105
FP000066,L0_X14_Y6,L0_X0_Y4,29,L2_X6_Y4,2543.24198,15.994875,440.24198,602.66892,2103.0,2705.66892,25,0.175472,0.417227,1772649210.323105
FP000066,L0_X14_Y6,L0_X0_Y4,30,L2_X7_Y4,2559.236864,15.994884,456.236864,602.66892,2103.0,2705.66892,25,0.175472,0.417227,1772649210.323105
FP000066,L0_X14_Y6,L0_X0_Y4,31,L2_X8_Y4,2575.231756,15.994892,472.231756,602.66892,2103.0,2705.66892,25,0.175472,0.417227,1772649210.323105
FP000066,L0_X14_Y6,L0_X0_Y4,32,L2_X9_Y4,2591.226657,15.994901,488.226657,602.66892,2103.0,2705.66892,25,0.175472,0.417227,1772649210.323105
FP000066,L0_X14_Y6,L0_X0_Y4,33,L2_X10_Y4,2607.221566,15.994909,504.221566,602.66892,2103.0,2705.66892,25,0.175472,0.417227,1772649210.323105
FP000066,L0_X14_Y6,L0_X0_Y4,34,L2_X11_Y4,2623.216484,15.994918,520.216484,602.66892,2103.0,2705.66892,25,0.175472,0.417227,1772649210.323105
FP000066,L0_X14_Y6,L0_X0_Y4,35,L2_X12_Y4,2639.211411,15.994927,536.211411,602.66892,2103.0,2705.66892,25,0.175472,0.417227,1772649210.323105
FP000066,L0_X14_Y6,L0_X0_Y4,36,L2_X13_Y4,2655.206346,15.994935,552.206346,602.66892,2103.0,2705.66892,25,0.175472,0.417227,1772649210.323105
FP000066,L0_X14_Y6,L0_X0_Y4,37,L2_X14_Y4,2671.20129,15.994944,568.20129,602.66892,2103.0,2705.66892,25,0.175472,0.417227,1772649210.323105
FP000066,L0_X14_Y6,L0_X0_Y4,38,L2_X14_Y5,2687.215907,16.014617,584.215907,602.66892,2103.0,2705.66892,25,0.175472,0.417227,1772649210.323105
FP000066,L0_X14_Y6,L0_X0_Y4,39,L2_X14_Y6,2703.23052,16.014613,600.23052,602.66892,2103.0,2705.66892,25,0.175472,0.417227,1772649210.323105
FP000066,L0_X14_Y6,L0_X0_Y4,40,L1_X14_Y6,2704.44972,1.2192,601.44972,602.66892,2103.0,2705.66892,25,0.175472,0.417227,1772649210.323105
FP000066,L0_X14_Y6,L0_X0_Y4,41,L0_X14_Y6,2705.66892,1.2192,602.66892,602.66892,2103.0,2705.66892,25,0.175472,0.417227,1772649210.323105
FP000068,L0_X14_Y6,L0_X12_Y1,0,L0_X14_Y6,2176.0,0.0,0.0,319.756418,2176.0,2495.756418,25,0.13717,3.042902,1772649215.721859
FP000068,L0_X14_Y6,L0_X12_Y1,1,L1_X14_Y6,2177.2192,1.2192,1.2192,319.756418,2176.0,2495.756418,25,0.13717,3.042902,1772649215.721859
FP000068,L0_X14_Y6,L0_X12_Y1,2,L2_X14_Y6,2178.4384,1.2192,2.4384,319.756418,2176.0,2495.756418,25,0.13717,3.042902,1772649215.721859
FP000068,L0_X14_Y6,L0_X12_Y1,3,L2_X14_Y5,2194.453013,16.014613,18.453013,319.756418,2176.0,2495.756418,25,0.13717,3.042902,1772649215.721859
FP000068,L0_X14_Y6,L0_X12_Y1,4,L2_X14_Y4,2210.467629,16.014617,34.467629,319.756418,2176.0,2495.756418,25,0.13717,3.042902,1772649215.721859
FP000068,L0_X14_Y6,L0_X12_Y1,5,L3_X14_Y4,2211.686829,1.2192,35.686829,319.756418,2176.0,2495.756418,25,0.13717,3.042902,1772649215.721859
FP000068,L0_X14_Y6,L0_X12_Y1,6,L3_X14_Y3,2227.70145,16.014621,51.70145,319.756418,2176.0,2495.756418,25,0.13717,3.042902,1772649215.721859
FP000068,L0_X14_Y6,L0_X12_Y1,7,L3_X14_Y2,2243.716075,16.014625,67.716075,319.756418,2176.0,2495.756418,25,0.13717,3.042902,1772649215.721859
FP000068,L0_X14_Y6,L0_X12_Y1,8,L3_X14_Y1,2259.730704,16.014629,83.730704,319.756418,2176.0,2495.756418,25,0.13717,3.042902,1772649215.721859
FP000068,L0_X14_Y6,L0_X12_Y1,9,L3_X13_Y1,2275.725661,15.994957,99.725661,319.756418,2176.0,2495.756418,25,0.13717,3.042902,1772649215.721859
FP000068,L0_X14_Y6,L0_X12_Y1,10,L3_X12_Y1,2291.720609,15.994948,115.720609,319.756418,2176.0,2495.756418,25,0.13717,3.042902,1772649215.721859
FP000068,L0_X14_Y6,L0_X12_Y1,11,L2_X12_Y1,2292.939809,1.2192,116.939809,319.756418,2176.0,2495.756418,25,0.13717,3.042902,1772649215.721859
FP000068,L0_X14_Y6,L0_X12_Y1,12,L1_X12_Y1,2294.159009,1.2192,118.159009,319.756418,2176.0,2495.756418,25,0.13717,3.042902,1772649215.721859
FP000068,L0_X14_Y6,L0_X12_Y1,13,L0_X12_Y1,2295.378209,1.2192,119.378209,319.756418,2176.0,2495.756418,25,0.13717,3.042902,1772649215.721859
FP000068,L0_X14_Y6,L0_X12_Y1,14,L0_X12_Y1,2355.378209,60.0,179.378209,319.756418,2176.0,2495.756418,25,0.13717,3.042902,1772649215.721859
FP000068,L0_X14_Y6,L0_X12_Y1,15,L1_X12_Y1,2377.597409,22.2192,201.597409,319.756418,2176.0,2495.756418,25,0.13717,3.042902,1772649215.721859
FP000068,L0_X14_Y6,L0_X12_Y1,16,L2_X12_Y1,2378.816609,1.2192,202.816609,319.756418,2176.0,2495.756418,25,0.13717,3.042902,1772649215.721859
FP000068,L0_X14_Y6,L0_X12_Y1,17,L3_X12_Y1,2380.035809,1.2192,204.035809,319.756418,2176.0,2495.756418,25,0.13717,3.042902,1772649215.721859
FP000068,L0_X14_Y6,L0_X12_Y1,18,L3_X13_Y1,2396.030757,15.994948,220.030757,319.756418,2176.0,2495.756418,25,0.13717,3.042902,1772649215.721859
FP000068,L0_X14_Y6,L0_X12_Y1,19,L3_X14_Y1,2412.025713,15.994957,236.025713,319.756418,2176.0,2495.756418,25,0.13717,3.042902,1772649215.721859
FP000068,L0_X14_Y6,L0_X12_Y1,20,L3_X14_Y2,2428.040342,16.014629,252.040342,319.756418,2176.0,2495.756418,25,0.13717,3.042902,1772649215.721859
FP000068,L0_X14_Y6,L0_X12_Y1,21,L3_X14_Y3,2444.054967,16.014625,268.054967,319.756418,2176.0,2495.756418,25,0.13717,3.042902,1772649215.721859
FP000068,L0_X14_Y6,L0_X12_Y1,22,L3_X14_Y4,2460.069588,16.014621,284.069588,319.756418,2176.0,2495.756418,25,0.13717,3.042902,1772649215.721859
FP000068,L0_X14_Y6,L0_X12_Y1,23,L3_X14_Y5,2476.084205,16.014617,300.084205,319.756418,2176.0,2495.756418,25,0.13717,3.042902,1772649215.721859
FP000068,L0_X14_Y6,L0_X12_Y1,24,L3_X14_Y6,2492.098818,16.014613,316.098818,319.756418,2176.0,2495.756418,25,0.13717,3.042902,1772649215.721859
FP000068,L0_X14_Y6,L0_X12_Y1,25,L2_X14_Y6,2493.318018,1.2192,317.318018,319.756418,2176.0,2495.756418,25,0.13717,3.042902,1772649215.721859
FP000068,L0_X14_Y6,L0_X12_Y1,26,L1_X14_Y6,2494.537218,1.2192,318.537218,319.756418,2176.0,2495.756418,25,0.13717,3.042902,1772649215.721859
FP000068,L0_X14_Y6,L0_X12_Y1,27,L0_X14_Y6,2495.756418,1.2192,319.756418,319.756418,2176.0,2495.756418,25,0.13717,3.042902,1772649215.721859
FP000069,L0_X0_Y2,L0_X10_Y6,0,L0_X0_Y2,2180.0,0.0,0.0,538.799421,2180.0,2718.799421,25,0.384016,4.166875,1772649220.16729
FP000069,L0_X0_Y2,L0_X10_Y6,1,L1_X0_Y2,2181.2192,1.2192,1.2192,538.799421,2180.0,2718.799421,25,0.384016,4.166875,1772649220.16729
FP000069,L0_X0_Y2,L0_X10_Y6,2,L2_X0_Y2,2182.4384,1.2192,2.4384,538.799421,2180.0,2718.799421,25,0.384016,4.166875,1772649220.16729
FP000069,L0_X0_Y2,L0_X10_Y6,3,L2_X0_Y3,2198.463467,16.025067,18.463467,538.799421,2180.0,2718.799421,25,0.384016,4.166875,1772649220.16729
FP000069,L0_X0_Y2,L0_X10_Y6,4,L2_X1_Y3,2214.458303,15.994836,34.458303,538.799421,2180.0,2718.799421,25,0.384016,4.166875,1772649220.16729
FP000069,L0_X0_Y2,L0_X10_Y6,5,L2_X2_Y3,2230.453148,15.994845,50.453148,538.799421,2180.0,2718.799421,25,0.384016,4.166875,1772649220.16729
FP000069,L0_X0_Y2,L0_X10_Y6,6,L2_X3_Y3,2246.448001,15.994853,66.448001,538.799421,2180.0,2718.799421,25,0.384016,4.166875,1772649220.16729
FP000069,L0_X0_Y2,L0_X10_Y6,7,L2_X4_Y3,2262.442863,15.994862,82.442863,538.799421,2180.0,2718.799421,25,0.384016,4.166875,1772649220.16729
FP000069,L0_X0_Y2,L0_X10_Y6,8,L2_X5_Y3,2278.437733,15.994871,98.437733,538.799421,2180.0,2718.799421,25,0.384016,4.166875,1772649220.16729
FP000069,L0_X0_Y2,L0_X10_Y6,9,L2_X6_Y3,2294.432612,15.994879,114.432612,538.799421,2180.0,2718.799421,25,0.384016,4.166875,1772649220.16729
FP000069,L0_X0_Y2,L0_X10_Y6,10,L2_X7_Y3,2310.4275,15.994888,130.4275,538.799421,2180.0,2718.799421,25,0.384016,4.166875,1772649220.16729
FP000069,L0_X0_Y2,L0_X10_Y6,11,L2_X8_Y3,2326.422397,15.994896,146.422397,538.799421,2180.0,2718.799421,25,0.384016,4.166875,1772649220.16729
FP000069,L0_X0_Y2,L0_X10_Y6,12,L2_X9_Y3,2342.417302,15.994905,162.417302,538.799421,2180.0,2718.799421,25,0.384016,4.166875,1772649220.16729
FP000069,L0_X0_Y2,L0_X10_Y6,13,L2_X10_Y3,2358.412215,15.994914,178.412215,538.799421,2180.0,2718.799421,25,0.384016,4.166875,1772649220.16729
FP000069,L0_X0_Y2,L0_X10_Y6,14,L2_X10_Y4,2374.429821,16.017605,194.429821,538.799421,2180.0,2718.799421,25,0.384016,4.166875,1772649220.16729
FP000069,L0_X0_Y2,L0_X10_Y6,15,L2_X10_Y5,2390.447422,16.017601,210.447422,538.799421,2180.0,2718.799421,25,0.384016,4.166875,1772649220.16729
FP000069,L0_X0_Y2,L0_X10_Y6,16,L2_X10_Y6,2406.465018,16.017597,226.465018,538.799421,2180.0,2718.799421,25,0.384016,4.166875,1772649220.16729
FP000069,L0_X0_Y2,L0_X10_Y6,17,L1_X10_Y6,2407.684218,1.2192,227.684218,538.799421,2180.0,2718.799421,25,0.384016,4.166875,1772649220.16729
FP000069,L0_X0_Y2,L0_X10_Y6,18,L0_X10_Y6,2408.903418,1.2192,228.903418,538.799421,2180.0,2718.799421,25,0.384016,4.166875,1772649220.16729
FP000069,L0_X0_Y2,L0_X10_Y6,19,L0_X10_Y6,2468.903418,60.0,288.903418,538.799421,2180.0,2718.799421,25,0.384016,4.166875,1772649220.16729
FP000069,L0_X0_Y2,L0_X10_Y6,20,L1_X10_Y6,2491.122618,22.2192,311.122618,538.799421,2180.0,2718.799421,25,0.384016,4.166875,1772649220.16729
FP000069,L0_X0_Y2,L0_X10_Y6,21,L2_X10_Y6,2492.341818,1.2192,312.341818,538.799421,2180.0,2718.799421,25,0.384016,4.166875,1772649220.16729
FP000069,L0_X0_Y2,L0_X10_Y6,22,L2_X10_Y5,2508.359415,16.017597,328.359415,538.799421,2180.0,2718.799421,25,0.384016,4.166875,1772649220.16729
FP000069,L0_X0_Y2,L0_X10_Y6,23,L2_X10_Y4,2524.377016,16.017601,344.377016,538.799421,2180.0,2718.799421,25,0.384016,4.166875,1772649220.16729
FP000069,L0_X0_Y2,L0_X10_Y6,24,L2_X10_Y3,2540.394621,16.017605,360.394621,538.799421,2180.0,2718.799421,25,0.384016,4.166875,1772649220.16729
FP000069,L0_X0_Y2,L0_X10_Y6,25,L2_X10_Y2,2556.412231,16.01761,376.412231,538.799421,2180.0,2718.799421,25,0.384016,4.166875,1772649220.16729
FP000069,L0_X0_Y2,L0_X10_Y6,26,L2_X9_Y2,2572.407148,15.994918,392.407148,538.799421,2180.0,2718.799421,25,0.384016,4.166875,1772649220.16729
FP000069,L0_X0_Y2,L0_X10_Y6,27,L2_X8_Y2,2588.402058,15.994909,408.402058,538.799421,2180.0,2718.799421,25,0.384016,4.166875,1772649220.16729
FP000069,L0_X0_Y2,L0_X10_Y6,28,L2_X7_Y2,2604.396958,15.994901,424.396958,538.799421,2180.0,2718.799421,25,0.384016,4.166875,1772649220.16729
FP000069,L0_X0_Y2,L0_X10_Y6,29,L2_X6_Y2,2620.39185,15.994892,440.39185,538.799421,2180.0,2718.799421,25,0.384016,4.166875,1772649220.16729
FP000069,L0_X0_Y2,L0_X10_Y6,30,L2_X5_Y2,2636.386734,15.994883,456.386734,538.799421,2180.0,2718.799421,25,0.384016,4.166875,1772649220.16729
FP000069,L0_X0_Y2,L0_X10_Y6,31,L2_X4_Y2,2652.381608,15.994875,472.381608,538.799421,2180.0,2718.799421,25,0.384016,4.166875,1772649220.16729
FP000069,L0_X0_Y2,L0_X10_Y6,32,L2_X3_Y2,2668.376474,15.994866,488.376474,538.799421,2180.0,2718.799421,25,0.384016,4.166875,1772649220.16729
FP000069,L0_X0_Y2,L0_X10_Y6,33,L2_X2_Y2,2684.371332,15.994857,504.371332,538.799421,2180.0,2718.799421,25,0.384016,4.166875,1772649220.16729
FP000069,L0_X0_Y2,L0_X10_Y6,34,L2_X1_Y2,2700.366181,15.994849,520.366181,538.799421,2180.0,2718.799421,25,0.384016,4.166875,1772649220.16729
FP000069,L0_X0_Y2,L0_X10_Y6,35,L2_X0_Y2,2716.361021,15.99484,536.361021,538.799421,2180.0,2718.799421,25,0.384016,4.166875,1772649220.16729
FP000069,L0_X0_Y2,L0_X10_Y6,36,L1_X0_Y2,2717.580221,1.2192,537.580221,538.799421,2180.0,2718.799421,25,0.384016,4.166875,1772649220.16729
FP000069,L0_X0_Y2,L0_X10_Y6,37,L0_X0_Y2,2718.799421,1.2192,538.799421,538.799421,2180.0,2718.799421,25,0.384016,4.166875,1772649220.16729
FP000070,L0_X14_Y6,L0_X9_Y1,0,L0_X14_Y6,2216.0,0.0,0.0,410.85588,2216.0,2626.85588,25,0.069696,3.243957,1772649223.067589
FP000070,L0_X14_Y6,L0_X9_Y1,1,L1_X14_Y6,2217.2192,1.2192,1.2192,410.85588,2216.0,2626.85588,25,0.069696,3.243957,1772649223.067589
FP000070,L0_X14_Y6,L0_X9_Y1,2,L2_X14_Y6,2218.4384,1.2192,2.4384,410.85588,2216.0,2626.85588,25,0.069696,3.243957,1772649223.067589
FP000070,L0_X14_Y6,L0_X9_Y1,3,L2_X14_Y5,2234.453013,16.014613,18.453013,410.85588,2216.0,2626.85588,25,0.069696,3.243957,1772649223.067589
FP000070,L0_X14_Y6,L0_X9_Y1,4,L2_X14_Y4,2250.467629,16.014617,34.467629,410.85588,2216.0,2626.85588,25,0.069696,3.243957,1772649223.067589
FP000070,L0_X14_Y6,L0_X9_Y1,5,L2_X14_Y3,2266.48225,16.014621,50.48225,410.85588,2216.0,2626.85588,25,0.069696,3.243957,1772649223.067589
FP000070,L0_X14_Y6,L0_X9_Y1,6,L2_X13_Y3,2282.477198,15.994948,66.477198,410.85588,2216.0,2626.85588,25,0.069696,3.243957,1772649223.067589
FP000070,L0_X14_Y6,L0_X9_Y1,7,L2_X13_Y2,2298.49257,16.015371,82.49257,410.85588,2216.0,2626.85588,25,0.069696,3.243957,1772649223.067589
FP000070,L0_X14_Y6,L0_X9_Y1,8,L2_X12_Y2,2314.487513,15.994944,98.487513,410.85588,2216.0,2626.85588,25,0.069696,3.243957,1772649223.067589
FP000070,L0_X14_Y6,L0_X9_Y1,9,L2_X11_Y2,2330.482449,15.994935,114.482449,410.85588,2216.0,2626.85588,25,0.069696,3.243957,1772649223.067589
FP000070,L0_X14_Y6,L0_X9_Y1,10,L2_X10_Y2,2346.477375,15.994926,130.477375,410.85588,2216.0,2626.85588,25,0.069696,3.243957,1772649223.067589
FP000070,L0_X14_Y6,L0_X9_Y1,11,L2_X10_Y1,2362.494989,16.017614,146.494989,410.85588,2216.0,2626.85588,25,0.069696,3.243957,1772649223.067589
FP000070,L0_X14_Y6,L0_X9_Y1,12,L2_X9_Y1,2378.489911,15.994922,162.489911,410.85588,2216.0,2626.85588,25,0.069696,3.243957,1772649223.067589
FP000070,L0_X14_Y6,L0_X9_Y1,13,L1_X9_Y1,2379.709111,1.2192,163.709111,410.85588,2216.0,2626.85588,25,0.069696,3.243957,1772649223.067589
FP000070,L0_X14_Y6,L0_X9_Y1,14,L0_X9_Y1,2380.928311,1.2192,164.928311,410.85588,2216.0,2626.85588,25,0.069696,3.243957,1772649223.067589
FP000070,L0_X14_Y6,L0_X9_Y1,15,L0_X9_Y1,2440.928311,60.0,224.928311,410.85588,2216.0,2626.85588,25,0.069696,3.243957,1772649223.067589
FP000070,L0_X14_Y6,L0_X9_Y1,16,L1_X9_Y1,2463.147511,22.2192,247.147511,410.85588,2216.0,2626.85588,25,0.069696,3.243957,1772649223.067589
FP000070,L0_X14_Y6,L0_X9_Y1,17,L2_X9_Y1,2464.366711,1.2192,248.366711,410.85588,2216.0,2626.85588,25,0.069696,3.243957,1772649223.067589
FP000070,L0_X14_Y6,L0_X9_Y1,18,L2_X10_Y1,2480.361633,15.994922,264.361633,410.85588,2216.0,2626.85588,25,0.069696,3.243957,1772649223.067589
FP000070,L0_X14_Y6,L0_X9_Y1,19,L2_X10_Y2,2496.379247,16.017614,280.379247,410.85588,2216.0,2626.85588,25,0.069696,3.243957,1772649223.067589
FP000070,L0_X14_Y6,L0_X9_Y1,20,L2_X11_Y2,2512.374174,15.994926,296.374174,410.85588,2216.0,2626.85588,25,0.069696,3.243957,1772649223.067589
FP000070,L0_X14_Y6,L0_X9_Y1,21,L2_X12_Y2,2528.369109,15.994935,312.369109,410.85588,2216.0,2626.85588,25,0.069696,3.243957,1772649223.067589
FP000070,L0_X14_Y6,L0_X9_Y1,22,L2_X13_Y2,2544.364053,15.994944,328.364053,410.85588,2216.0,2626.85588,25,0.069696,3.243957,1772649223.067589
FP000070,L0_X14_Y6,L0_X9_Y1,23,L2_X14_Y2,2560.359005,15.994952,344.359005,410.85588,2216.0,2626.85588,25,0.069696,3.243957,1772649223.067589
FP000070,L0_X14_Y6,L0_X9_Y1,24,L2_X14_Y3,2576.37363,16.014625,360.37363,410.85588,2216.0,2626.85588,25,0.069696,3.243957,1772649223.067589
FP000070,L0_X14_Y6,L0_X9_Y1,25,L2_X14_Y4,2592.388251,16.014621,376.388251,410.85588,2216.0,2626.85588,25,0.069696,3.243957,1772649223.067589
FP000070,L0_X14_Y6,L0_X9_Y1,26,L2_X14_Y5,2608.402867,16.014617,392.402867,410.85588,2216.0,2626.85588,25,0.069696,3.243957,1772649223.067589
FP000070,L0_X14_Y6,L0_X9_Y1,27,L2_X14_Y6,2624.41748,16.014613,408.41748,410.85588,2216.0,2626.85588,25,0.069696,3.243957,1772649223.067589
FP000070,L0_X14_Y6,L0_X9_Y1,28,L1_X14_Y6,2625.63668,1.2192,409.63668,410.85588,2216.0,2626.85588,25,0.069696,3.243957,1772649223.067589
FP000070,L0_X14_Y6,L0_X9_Y1,29,L0_X14_Y6,2626.85588,1.2192,410.85588,410.85588,2216.0,2626.85588,25,0.069696,3.243957,1772649223.067589
FP000071,L0_X14_Y6,L0_X13_Y1,0,L0_X14_Y6,2237.0,0.0,0.0,300.766522,2224.0,2524.766522,25,0.043957,0.105636,1772649223.149486
FP000071,L0_X14_Y6,L0_X13_Y1,1,L1_X14_Y6,2238.2192,1.2192,14.2192,300.766522,2224.0,2524.766522,25,0.043957,0.105636,1772649223.149486
FP000071,L0_X14_Y6,L0_X13_Y1,2,L2_X14_Y6,2239.4384,1.2192,15.4384,300.766522,2224.0,2524.766522,25,0.043957,0.105636,1772649223.149486
FP000071,L0_X14_Y6,L0_X13_Y1,3,L2_X14_Y5,2255.453013,16.014613,31.453013,300.766522,2224.0,2524.766522,25,0.043957,0.105636,1772649223.149486
FP000071,L0_X14_Y6,L0_X13_Y1,4,L2_X14_Y4,2271.467629,16.014617,47.467629,300.766522,2224.0,2524.766522,25,0.043957,0.105636,1772649223.149486
FP000071,L0_X14_Y6,L0_X13_Y1,5,L2_X14_Y3,2287.48225,16.014621,63.48225,300.766522,2224.0,2524.766522,25,0.043957,0.105636,1772649223.149486
FP000071,L0_X14_Y6,L0_X13_Y1,6,L3_X14_Y3,2288.70145,1.2192,64.70145,300.766522,2224.0,2524.766522,25,0.043957,0.105636,1772649223.149486
FP000071,L0_X14_Y6,L0_X13_Y1,7,L3_X14_Y2,2304.716075,16.014625,80.716075,300.766522,2224.0,2524.766522,25,0.043957,0.105636,1772649223.149486
FP000071,L0_X14_Y6,L0_X13_Y1,8,L3_X14_Y1,2320.730704,16.014629,96.730704,300.766522,2224.0,2524.766522,25,0.043957,0.105636,1772649223.149486
FP000071,L0_X14_Y6,L0_X13_Y1,9,L3_X13_Y1,2336.725661,15.994957,112.725661,300.766522,2224.0,2524.766522,25,0.043957,0.105636,1772649223.149486
FP000071,L0_X14_Y6,L0_X13_Y1,10,L2_X13_Y1,2337.944861,1.2192,113.944861,300.766522,2224.0,2524.766522,25,0.043957,0.105636,1772649223.149486
FP000071,L0_X14_Y6,L0_X13_Y1,11,L1_X13_Y1,2339.164061,1.2192,115.164061,300.766522,2224.0,2524.766522,25,0.043957,0.105636,1772649223.149486
FP000071,L0_X14_Y6,L0_X13_Y1,12,L0_X13_Y1,2340.383261,1.2192,116.383261,300.766522,2224.0,2524.766522,25,0.043957,0.105636,1772649223.149486
FP000071,L0_X14_Y6,L0_X13_Y1,13,L0_X13_Y1,2400.383261,60.0,176.383261,300.766522,2224.0,2524.766522,25,0.043957,0.105636,1772649223.149486
FP000071,L0_X14_Y6,L0_X13_Y1,14,L1_X13_Y1,2422.602461,22.2192,198.602461,300.766522,2224.0,2524.766522,25,0.043957,0.105636,1772649223.149486
FP000071,L0_X14_Y6,L0_X13_Y1,15,L2_X13_Y1,2423.821661,1.2192,199.821661,300.766522,2224.0,2524.766522,25,0.043957,0.105636,1772649223.149486
FP000071,L0_X14_Y6,L0_X13_Y1,16,L3_X13_Y1,2425.040861,1.2192,201.040861,300.766522,2224.0,2524.766522,25,0.043957,0.105636,1772649223.149486
FP000071,L0_X14_Y6,L0_X13_Y1,17,L3_X14_Y1,2441.035817,15.994957,217.035817,300.766522,2224.0,2524.766522,25,0.043957,0.105636,1772649223.149486
FP000071,L0_X14_Y6,L0_X13_Y1,18,L3_X14_Y2,2457.050447,16.014629,233.050447,300.766522,2224.0,2524.766522,25,0.043957,0.105636,1772649223.149486
FP000071,L0_X14_Y6,L0_X13_Y1,19,L3_X14_Y3,2473.065072,16.014625,249.065072,300.766522,2224.0,2524.766522,25,0.043957,0.105636,1772649223.149486
FP000071,L0_X14_Y6,L0_X13_Y1,20,L3_X14_Y4,2489.079692,16.014621,265.079692,300.766522,2224.0,2524.766522,25,0.043957,0.105636,1772649223.149486
FP000071,L0_X14_Y6,L0_X13_Y1,21,L3_X14_Y5,2505.094309,16.014617,281.094309,300.766522,2224.0,2524.766522,25,0.043957,0.105636,1772649223.149486
FP000071,L0_X14_Y6,L0_X13_Y1,22,L3_X14_Y6,2521.108922,16.014613,297.108922,300.766522,2224.0,2524.766522,25,0.043957,0.105636,1772649223.149486
FP000071,L0_X14_Y6,L0_X13_Y1,23,L2_X14_Y6,2522.328122,1.2192,298.328122,300.766522,2224.0,2524.766522,25,0.043957,0.105636,1772649223.149486
FP000071,L0_X14_Y6,L0_X13_Y1,24,L1_X14_Y6,2523.547322,1.2192,299.547322,300.766522,2224.0,2524.766522,25,0.043957,0.105636,1772649223.149486
FP000071,L0_X14_Y6,L0_X13_Y1,25,L0_X14_Y6,2524.766522,1.2192,300.766522,300.766522,2224.0,2524.766522,25,0.043957,0.105636,1772649223.149486
FP000072,L0_X0_Y2,L0_X14_Y2,0,L0_X0_Y2,2237.0,0.0,0.0,617.885895,2226.0,2843.885895,25,0.300359,0.073872,1772649223.479762
FP000072,L0_X0_Y2,L0_X14_Y2,1,L1_X0_Y2,2238.2192,1.2192,12.2192,617.885895,2226.0,2843.885895,25,0.300359,0.073872,1772649223.479762
FP000072,L0_X0_Y2,L0_X14_Y2,2,L2_X0_Y2,2239.4384,1.2192,13.4384,617.885895,2226.0,2843.885895,25,0.300359,0.073872,1772649223.479762
FP000072,L0_X0_Y2,L0_X14_Y2,3,L2_X1_Y2,2255.43324,15.99484,29.43324,617.885895,2226.0,2843.885895,25,0.300359,0.073872,1772649223.479762
FP000072,L0_X0_Y2,L0_X14_Y2,4,L2_X2_Y2,2271.428089,15.994849,45.428089,617.885895,2226.0,2843.885895,25,0.300359,0.073872,1772649223.479762
FP000072,L0_X0_Y2,L0_X14_Y2,5,L3_X2_Y2,2272.647289,1.2192,46.647289,617.885895,2226.0,2843.885895,25,0.300359,0.073872,1772649223.479762
FP000072,L0_X0_Y2,L0_X14_Y2,6,L3_X3_Y2,2288.642146,15.994857,62.642146,617.885895,2226.0,2843.885895,25,0.300359,0.073872,1772649223.479762
FP000072,L0_X0_Y2,L0_X14_Y2,7,L3_X4_Y2,2304.637012,15.994866,78.637012,617.885895,2226.0,2843.885895,25,0.300359,0.073872,1772649223.479762
FP000072,L0_X0_Y2,L0_X14_Y2,8,L3_X5_Y2,2320.631887,15.994875,94.631887,617.885895,2226.0,2843.885895,25,0.300359,0.073872,1772649223.479762
FP000072,L0_X0_Y2,L0_X14_Y2,9,L3_X6_Y2,2336.626771,15.994883,110.626771,617.885895,2226.0,2843.885895,25,0.300359,0.073872,1772649223.479762
FP000072,L0_X0_Y2,L0_X14_Y2,10,L3_X7_Y2,2352.621662,15.994892,126.621662,617.885895,2226.0,2843.885895,25,0.300359,0.073872,1772649223.479762
FP000072,L0_X0_Y2,L0_X14_Y2,11,L3_X8_Y2,2368.616563,15.994901,142.616563,617.885895,2226.0,2843.885895,25,0.300359,0.073872,1772649223.479762
FP000072,L0_X0_Y2,L0_X14_Y2,12,L3_X9_Y2,2384.611472,15.994909,158.611472,617.885895,2226.0,2843.885895,25,0.300359,0.073872,1772649223.479762
FP000072,L0_X0_Y2,L0_X14_Y2,13,L3_X10_Y2,2400.60639,15.994918,174.60639,617.885895,2226.0,2843.885895,25,0.300359,0.073872,1772649223.479762
FP000072,L0_X0_Y2,L0_X14_Y2,14,L2_X10_Y2,2401.82559,1.2192,175.82559,617.885895,2226.0,2843.885895,25,0.300359,0.073872,1772649223.479762
FP000072,L0_X0_Y2,L0_X14_Y2,15,L2_X11_Y2,2417.820517,15.994926,191.820517,617.885895,2226.0,2843.885895,25,0.300359,0.073872,1772649223.479762
FP000072,L0_X0_Y2,L0_X14_Y2,16,L2_X12_Y2,2433.815452,15.994935,207.815452,617.885895,2226.0,2843.885895,25,0.300359,0.073872,1772649223.479762
FP000072,L0_X0_Y2,L0_X14_Y2,17,L2_X13_Y2,2449.810395,15.994944,223.810395,617.885895,2226.0,2843.885895,25,0.300359,0.073872,1772649223.479762
FP000072,L0_X0_Y2,L0_X14_Y2,18,L2_X14_Y2,2465.805348,15.994952,239.805348,617.885895,2226.0,2843.885895,25,0.300359,0.073872,1772649223.479762
FP000072,L0_X0_Y2,L0_X14_Y2,19,L1_X14_Y2,2467.024548,1.2192,241.024548,617.885895,2226.0,2843.885895,25,0.300359,0.073872,1772649223.479762
FP000072,L0_X0_Y2,L0_X14_Y2,20,L0_X14_Y2,2468.243748,1.2192,242.243748,617.885895,2226.0,2843.885895,25,0.300359,0.073872,1772649223.479762
FP000072,L0_X0_Y2,L0_X14_Y2,21,L0_X14_Y2,2528.243748,60.0,302.243748,617.885895,2226.0,2843.885895,25,0.300359,0.073872,1772649223.479762
FP000072,L0_X0_Y2,L0_X14_Y2,22,L1_X14_Y2,2550.462948,22.2192,324.462948,617.885895,2226.0,2843.885895,25,0.300359,0.073872,1772649223.479762
FP000072,L0_X0_Y2,L0_X14_Y2,23,L0_X14_Y2,2551.682148,1.2192,325.682148,617.885895,2226.0,2843.885895,25,0.300359,0.073872,1772649223.479762
FP000072,L0_X0_Y2,L0_X14_Y2,24,L1_X14_Y2,2552.901348,1.2192,326.901348,617.885895,2226.0,2843.885895,25,0.300359,0.073872,1772649223.479762
FP000072,L0_X0_Y2,L0_X14_Y2,25,L0_X14_Y2,2554.120548,1.2192,328.120548,617.885895,2226.0,2843.885895,25,0.300359,0.073872,1772649223.479762
FP000072,L0_X0_Y2,L0_X14_Y2,26,L1_X14_Y2,2555.339748,1.2192,329.339748,617.885895,2226.0,2843.885895,25,0.300359,0.073872,1772649223.479762
FP000072,L0_X0_Y2,L0_X14_Y2,27,L0_X14_Y2,2556.558948,1.2192,330.558948,617.885895,2226.0,2843.885895,25,0.300359,0.073872,1772649223.479762
FP000072,L0_X0_Y2,L0_X14_Y2,28,L1_X14_Y2,2557.778148,1.2192,331.778148,617.885895,2226.0,2843.885895,25,0.300359,0.073872,1772649223.479762
FP000072,L0_X0_Y2,L0_X14_Y2,29,L0_X14_Y2,2558.997348,1.2192,332.997348,617.885895,2226.0,2843.885895,25,0.300359,0.073872,1772649223.479762
FP000072,L0_X0_Y2,L0_X14_Y2,30,L1_X14_Y2,2560.216548,1.2192,334.216548,617.885895,2226.0,2843.885895,25,0.300359,0.073872,1772649223.479762
FP000072,L0_X0_Y2,L0_X14_Y2,31,L0_X14_Y2,2561.435748,1.2192,335.435748,617.885895,2226.0,2843.885895,25,0.300359,0.073872,1772649223.479762
FP000072,L0_X0_Y2,L0_X14_Y2,32,L1_X14_Y2,2562.654948,1.2192,336.654948,617.885895,2226.0,2843.885895,25,0.300359,0.073872,1772649223.479762
FP000072,L0_X0_Y2,L0_X14_Y2,33,L0_X14_Y2,2563.874148,1.2192,337.874148,617.885895,2226.0,2843.885895,25,0.300359,0.073872,1772649223.479762
FP000072,L0_X0_Y2,L0_X14_Y2,34,L1_X14_Y2,2565.093348,1.2192,339.093348,617.885895,2226.0,2843.885895,25,0.300359,0.073872,1772649223.479762
FP000072,L0_X0_Y2,L0_X14_Y2,35,L0_X14_Y2,2566.312548,1.2192,340.312548,617.885895,2226.0,2843.885895,25,0.300359,0.073872,1772649223.479762
FP000072,L0_X0_Y2,L0_X14_Y2,36,L1_X14_Y2,2567.531748,1.2192,341.531748,617.885895,2226.0,2843.885895,25,0.300359,0.073872,1772649223.479762
FP000072,L0_X0_Y2,L0_X14_Y2,37,L0_X14_Y2,2568.750948,1.2192,342.750948,617.885895,2226.0,2843.885895,25,0.300359,0.073872,1772649223.479762
FP000072,L0_X0_Y2,L0_X14_Y2,38,L1_X14_Y2,2569.970148,1.2192,343.970148,617.885895,2226.0,2843.885895,25,0.300359,0.073872,1772649223.479762
FP000072,L0_X0_Y2,L0_X14_Y2,39,L0_X14_Y2,2571.189348,1.2192,345.189348,617.885895,2226.0,2843.885895,25,0.300359,0.073872,1772649223.479762
FP000072,L0_X0_Y2,L0_X14_Y2,40,L1_X14_Y2,2572.408548,1.2192,346.408548,617.885895,2226.0,2843.885895,25,0.300359,0.073872,1772649223.479762
FP000072,L0_X0_Y2,L0_X14_Y2,41,L0_X14_Y2,2573.627748,1.2192,347.627748,617.885895,2226.0,2843.885895,25,0.300359,0.073872,1772649223.479762
FP000072,L0_X0_Y2,L0_X14_Y2,42,L1_X14_Y2,2574.846948,1.2192,348.846948,617.885895,2226.0,2843.885895,25,0.300359,0.073872,1772649223.479762
FP000072,L0_X0_Y2,L0_X14_Y2,43,L0_X14_Y2,2576.066148,1.2192,350.066148,617.885895,2226.0,2843.885895,25,0.300359,0.073872,1772649223.479762
FP000072,L0_X0_Y2,L0_X14_Y2,44,L1_X14_Y2,2577.285348,1.2192,351.285348,617.885895,2226.0,2843.885895,25,0.300359,0.073872,1772649223.479762
FP000072,L0_X0_Y2,L0_X14_Y2,45,L0_X14_Y2,2578.504548,1.2192,352.504548,617.885895,2226.0,2843.885895,25,0.300359,0.073872,1772649223.479762
FP000072,L0_X0_Y2,L0_X14_Y2,46,L1_X14_Y2,2579.723748,1.2192,353.723748,617.885895,2226.0,2843.885895,25,0.300359,0.073872,1772649223.479762
FP000072,L0_X0_Y2,L0_X14_Y2,47,L0_X14_Y2,2580.942948,1.2192,354.942948,617.885895,2226.0,2843.885895,25,0.300359,0.073872,1772649223.479762
FP000072,L0_X0_Y2,L0_X14_Y2,48,L1_X14_Y2,2582.162148,1.2192,356.162148,617.885895,2226.0,2843.885895,25,0.300359,0.073872,1772649223.479762
FP000072,L0_X0_Y2,L0_X14_Y2,49,L0_X14_Y2,2583.381348,1.2192,357.381348,617.885895,2226.0,2843.885895,25,0.300359,0.073872,1772649223.479762
FP000072,L0_X0_Y2,L0_X14_Y2,50,L1_X14_Y2,2584.600548,1.2192,358.600548,617.885895,2226.0,2843.885895,25,0.300359,0.073872,1772649223.479762
FP000072,L0_X0_Y2,L0_X14_Y2,51,L0_X14_Y2,2585.819748,1.2192,359.819748,617.885895,2226.0,2843.885895,25,0.300359,0.073872,1772649223.479762
FP000072,L0_X0_Y2,L0_X14_Y2,52,L1_X14_Y2,2587.038948,1.2192,361.038948,617.885895,2226.0,2843.885895,25,0.300359,0.073872,1772649223.479762
FP000072,L0_X0_Y2,L0_X14_Y2,53,L0_X14_Y2,2588.258148,1.2192,362.258148,617.885895,2226.0,2843.885895,25,0.300359,0.073872,1772649223.479762
FP000072,L0_X0_Y2,L0_X14_Y2,54,L1_X14_Y2,2589.477348,1.2192,363.477348,617.885895,2226.0,2843.885895,25,0.300359,0.073872,1772649223.479762
FP000072,L0_X0_Y2,L0_X14_Y2,55,L0_X14_Y2,2590.696548,1.2192,364.696548,617.885895,2226.0,2843.885895,25,0.300359,0.073872,1772649223.479762
FP000072,L0_X0_Y2,L0_X14_Y2,56,L1_X14_Y2,2591.915748,1.2192,365.915748,617.885895,2226.0,2843.885895,25,0.300359,0.073872,1772649223.479762
FP000072,L0_X0_Y2,L0_X14_Y2,57,L0_X14_Y2,2593.134948,1.2192,367.134948,617.885895,2226.0,2843.885895,25,0.300359,0.073872,1772649223.479762
FP000072,L0_X0_Y2,L0_X14_Y2,58,L1_X14_Y2,2594.354148,1.2192,368.354148,617.885895,2226.0,2843.885895,25,0.300359,0.073872,1772649223.479762
FP000072,L0_X0_Y2,L0_X14_Y2,59,L0_X14_Y2,2595.573348,1.2192,369.573348,617.885895,2226.0,2843.885895,25,0.300359,0.073872,1772649223.479762
FP000072,L0_X0_Y2,L0_X14_Y2,60,L1_X14_Y2,2596.792548,1.2192,370.792548,617.885895,2226.0,2843.885895,25,0.300359,0.073872,1772649223.479762
FP000072,L0_X0_Y2,L0_X14_Y2,61,L0_X14_Y2,2598.011748,1.2192,372.011748,617.885895,2226.0,2843.885895,25,0.300359,0.073872,1772649223.479762
FP000072,L0_X0_Y2,L0_X14_Y2,62,L1_X14_Y2,2599.230948,1.2192,373.230948,617.885895,2226.0,2843.885895,25,0.300359,0.073872,1772649223.479762
FP000072,L0_X0_Y2,L0_X14_Y2,63,L0_X14_Y2,2600.450148,1.2192,374.450148,617.885895,2226.0,2843.885895,25,0.300359,0.073872,1772649223.479762
FP000072,L0_X0_Y2,L0_X14_Y2,64,L1_X14_Y2,2601.669348,1.2192,375.669348,617.885895,2226.0,2843.885895,25,0.300359,0.073872,1772649223.479762
FP000072,L0_X0_Y2,L0_X14_Y2,65,L0_X14_Y2,2602.888548,1.2192,376.888548,617.885895,2226.0,2843.885895,25,0.300359,0.073872,1772649223.479762
FP000072,L0_X0_Y2,L0_X14_Y2,66,L1_X14_Y2,2604.107748,1.2192,378.107748,617.885895,2226.0,2843.885895,25,0.300359,0.073872,1772649223.479762
FP000072,L0_X0_Y2,L0_X14_Y2,67,L0_X14_Y2,2605.326948,1.2192,379.326948,617.885895,2226.0,2843.885895,25,0.300359,0.073872,1772649223.479762
FP000072,L0_X0_Y2,L0_X14_Y2,68,L1_X14_Y2,2606.546148,1.2192,380.546148,617.885895,2226.0,2843.885895,25,0.300359,0.073872,1772649223.479762
FP000072,L0_X0_Y2,L0_X14_Y2,69,L0_X14_Y2,2607.765348,1.2192,381.765348,617.885895,2226.0,2843.885895,25,0.300359,0.073872,1772649223.479762
FP000072,L0_X0_Y2,L0_X14_Y2,70,L1_X14_Y2,2608.984548,1.2192,382.984548,617.885895,2226.0,2843.885895,25,0.300359,0.073872,1772649223.479762
FP000072,L0_X0_Y2,L0_X14_Y2,71,L0_X14_Y2,2610.203748,1.2192,384.203748,617.885895,2226.0,2843.885895,25,0.300359,0.073872,1772649223.479762
FP000072,L0_X0_Y2,L0_X14_Y2,72,L1_X14_Y2,2611.422948,1.2192,385.422948,617.885895,2226.0,2843.885895,25,0.300359,0.073872,1772649223.479762
FP000072,L0_X0_Y2,L0_X14_Y2,73,L0_X14_Y2,2612.642148,1.2192,386.642148,617.885895,2226.0,2843.885895,25,0.300359,0.073872,1772649223.479762
FP000072,L0_X0_Y2,L0_X14_Y2,74,L1_X14_Y2,2613.861348,1.2192,387.861348,617.885895,2226.0,2843.885895,25,0.300359,0.073872,1772649223.479762
FP000072,L0_X0_Y2,L0_X14_Y2,75,L0_X14_Y2,2615.080548,1.2192,389.080548,617.885895,2226.0,2843.885895,25,0.300359,0.073872,1772649223.479762
FP000072,L0_X0_Y2,L0_X14_Y2,76,L1_X14_Y2,2616.299748,1.2192,390.299748,617.885895,2226.0,2843.885895,25,0.300359,0.073872,1772649223.479762
FP000072,L0_X0_Y2,L0_X14_Y2,77,L2_X14_Y2,2617.518948,1.2192,391.518948,617.885895,2226.0,2843.885895,25,0.300359,0.073872,1772649223.479762
FP000072,L0_X0_Y2,L0_X14_Y2,78,L2_X13_Y2,2633.5139,15.994952,407.5139,617.885895,2226.0,2843.885895,25,0.300359,0.073872,1772649223.479762
FP000072,L0_X0_Y2,L0_X14_Y2,79,L2_X12_Y2,2649.508844,15.994944,423.508844,617.885895,2226.0,2843.885895,25,0.300359,0.073872,1772649223.479762
FP000072,L0_X0_Y2,L0_X14_Y2,80,L2_X11_Y2,2665.503779,15.994935,439.503779,617.885895,2226.0,2843.885895,25,0.300359,0.073872,1772649223.479762
FP000072,L0_X0_Y2,L0_X14_Y2,81,L2_X10_Y2,2681.498705,15.994926,455.498705,617.885895,2226.0,2843.885895,25,0.300359,0.073872,1772649223.479762
FP000072,L0_X0_Y2,L0_X14_Y2,82,L2_X9_Y2,2697.493623,15.994918,471.493623,617.885895,2226.0,2843.885895,25,0.300359,0.073872,1772649223.479762
FP000072,L0_X0_Y2,L0_X14_Y2,83,L2_X8_Y2,2713.488532,15.994909,487.488532,617.885895,2226.0,2843.885895,25,0.300359,0.073872,1772649223.479762
FP000072,L0_X0_Y2,L0_X14_Y2,84,L2_X7_Y2,2729.483433,15.994901,503.483433,617.885895,2226.0,2843.885895,25,0.300359,0.073872,1772649223.479762
FP000072,L0_X0_Y2,L0_X14_Y2,85,L2_X6_Y2,2745.478325,15.994892,519.478325,617.885895,2226.0,2843.885895,25,0.300359,0.073872,1772649223.479762
FP000072,L0_X0_Y2,L0_X14_Y2,86,L2_X5_Y2,2761.473208,15.994883,535.473208,617.885895,2226.0,2843.885895,25,0.300359,0.073872,1772649223.479762
FP000072,L0_X0_Y2,L0_X14_Y2,87,L2_X4_Y2,2777.468083,15.994875,551.468083,617.885895,2226.0,2843.885895,25,0.300359,0.073872,1772649223.479762
FP000072,L0_X0_Y2,L0_X14_Y2,88,L2_X3_Y2,2793.462949,15.994866,567.462949,617.885895,2226.0,2843.885895,25,0.300359,0.073872,1772649223.479762
FP000072,L0_X0_Y2,L0_X14_Y2,89,L2_X2_Y2,2809.457807,15.994857,583.457807,617.885895,2226.0,2843.885895,25,0.300359,0.073872,1772649223.479762
FP000072,L0_X0_Y2,L0_X14_Y2,90,L2_X1_Y2,2825.452655,15.994849,599.452655,617.885895,2226.0,2843.885895,25,0.300359,0.073872,1772649223.479762
FP000072,L0_X0_Y2,L0_X14_Y2,91,L2_X0_Y2,2841.447495,15.99484,615.447495,617.885895,2226.0,2843.885895,25,0.300359,0.073872,1772649223.479762
FP000072,L0_X0_Y2,L0_X14_Y2,92,L1_X0_Y2,2842.666695,1.2192,616.666695,617.885895,2226.0,2843.885895,25,0.300359,0.073872,1772649223.479762
FP000072,L0_X0_Y2,L0_X14_Y2,93,L0_X0_Y2,2843.885895,1.2192,617.885895,617.885895,2226.0,2843.885895,25,0.300359,0.073872,1772649223.479762
FP000074,L0_X14_Y6,L0_X6_Y2,0,L0_X14_Y6,2456.0,0.0,0.0,504.052331,2456.0,2960.052331,25,0.41802,3.009334,1772649227.088415
FP000074,L0_X14_Y6,L0_X6_Y2,1,L1_X14_Y6,2457.2192,1.2192,1.2192,504.052331,2456.0,2960.052331,25,0.41802,3.009334,1772649227.088415
FP000074,L0_X14_Y6,L0_X6_Y2,2,L2_X14_Y6,2458.4384,1.2192,2.4384,504.052331,2456.0,2960.052331,25,0.41802,3.009334,1772649227.088415
FP000074,L0_X14_Y6,L0_X6_Y2,3,L2_X14_Y5,2474.453013,16.014613,18.453013,504.052331,2456.0,2960.052331,25,0.41802,3.009334,1772649227.088415
FP000074,L0_X14_Y6,L0_X6_Y2,4,L2_X14_Y4,2490.467629,16.014617,34.467629,504.052331,2456.0,2960.052331,25,0.41802,3.009334,1772649227.088415
FP000074,L0_X14_Y6,L0_X6_Y2,5,L2_X14_Y3,2506.48225,16.014621,50.48225,504.052331,2456.0,2960.052331,25,0.41802,3.009334,1772649227.088415
FP000074,L0_X14_Y6,L0_X6_Y2,6,L2_X13_Y3,2522.477198,15.994948,66.477198,504.052331,2456.0,2960.052331,25,0.41802,3.009334,1772649227.088415
FP000074,L0_X14_Y6,L0_X6_Y2,7,L2_X12_Y3,2538.472138,15.99494,82.472138,504.052331,2456.0,2960.052331,25,0.41802,3.009334,1772649227.088415
FP000074,L0_X14_Y6,L0_X6_Y2,8,L2_X11_Y3,2554.467069,15.994931,98.467069,504.052331,2456.0,2960.052331,25,0.41802,3.009334,1772649227.088415
FP000074,L0_X14_Y6,L0_X6_Y2,9,L2_X11_Y2,2570.483933,16.016864,114.483933,504.052331,2456.0,2960.052331,25,0.41802,3.009334,1772649227.088415
FP000074,L0_X14_Y6,L0_X6_Y2,10,L2_X10_Y2,2586.478859,15.994926,130.478859,504.052331,2456.0,2960.052331,25,0.41802,3.009334,1772649227.088415
FP000074,L0_X14_Y6,L0_X6_Y2,11,L2_X9_Y2,2602.473777,15.994918,146.473777,504.052331,2456.0,2960.052331,25,0.41802,3.009334,1772649227.088415
FP000074,L0_X14_Y6,L0_X6_Y2,12,L2_X8_Y2,2618.468686,15.994909,162.468686,504.052331,2456.0,2960.052331,25,0.41802,3.009334,1772649227.088415
FP000074,L0_X14_Y6,L0_X6_Y2,13,L2_X7_Y2,2634.463587,15.994901,178.463587,504.052331,2456.0,2960.052331,25,0.41802,3.009334,1772649227.088415
FP000074,L0_X14_Y6,L0_X6_Y2,14,L2_X6_Y2,2650.458479,15.994892,194.458479,504.052331,2456.0,2960.052331,25,0.41802,3.009334,1772649227.088415
FP000074,L0_X14_Y6,L0_X6_Y2,15,L1_X6_Y2,2651.677679,1.2192,195.677679,504.052331,2456.0,2960.052331,25,0.41802,3.009334,1772649227.088415
FP000074,L0_X14_Y6,L0_X6_Y2,16,L0_X6_Y2,2652.896879,1.2192,196.896879,504.052331,2456.0,2960.052331,25,0.41802,3.009334,1772649227.088415
FP000074,L0_X14_Y6,L0_X6_Y2,17,L0_X6_Y2,2712.896879,60.0,256.896879,504.052331,2456.0,2960.052331,25,0.41802,3.009334,1772649227.088415
FP000074,L0_X14_Y6,L0_X6_Y2,18,L1_X6_Y2,2735.116079,22.2192,279.116079,504.052331,2456.0,2960.052331,25,0.41802,3.009334,1772649227.088415
FP000074,L0_X14_Y6,L0_X6_Y2,19,L0_X6_Y2,2736.335279,1.2192,280.335279,504.052331,2456.0,2960.052331,25,0.41802,3.009334,1772649227.088415
FP000074,L0_X14_Y6,L0_X6_Y2,20,L1_X6_Y2,2737.554479,1.2192,281.554479,504.052331,2456.0,2960.052331,25,0.41802,3.009334,1772649227.088415
FP000074,L0_X14_Y6,L0_X6_Y2,21,L0_X6_Y2,2738.773679,1.2192,282.773679,504.052331,2456.0,2960.052331,25,0.41802,3.009334,1772649227.088415
FP000074,L0_X14_Y6,L0_X6_Y2,22,L1_X6_Y2,2739.992879,1.2192,283.992879,504.052331,2456.0,2960.052331,25,0.41802,3.009334,1772649227.088415
FP000074,L0_X14_Y6,L0_X6_Y2,23,L0_X6_Y2,2741.212079,1.2192,285.212079,504.052331,2456.0,2960.052331,25,0.41802,3.009334,1772649227.088415
FP000074,L0_X14_Y6,L0_X6_Y2,24,L1_X6_Y2,2742.431279,1.2192,286.431279,504.052331,2456.0,2960.052331,25,0.41802,3.009334,1772649227.088415
FP000074,L0_X14_Y6,L0_X6_Y2,25,L0_X6_Y2,2743.650479,1.2192,287.650479,504.052331,2456.0,2960.052331,25,0.41802,3.009334,1772649227.088415
FP000074,L0_X14_Y6,L0_X6_Y2,26,L1_X6_Y2,2744.869679,1.2192,288.869679,504.052331,2456.0,2960.052331,25,0.41802,3.009334,1772649227.088415
FP000074,L0_X14_Y6,L0_X6_Y2,27,L0_X6_Y2,2746.088879,1.2192,290.088879,504.052331,2456.0,2960.052331,25,0.41802,3.009334,1772649227.088415
FP000074,L0_X14_Y6,L0_X6_Y2,28,L1_X6_Y2,2747.308079,1.2192,291.308079,504.052331,2456.0,2960.052331,25,0.41802,3.009334,1772649227.088415
FP000074,L0_X14_Y6,L0_X6_Y2,29,L0_X6_Y2,2748.527279,1.2192,292.527279,504.052331,2456.0,2960.052331,25,0.41802,3.009334,1772649227.088415
FP000074,L0_X14_Y6,L0_X6_Y2,30,L1_X6_Y2,2749.746479,1.2192,293.746479,504.052331,2456.0,2960.052331,25,0.41802,3.009334,1772649227.088415
FP000074,L0_X14_Y6,L0_X6_Y2,31,L0_X6_Y2,2750.965679,1.2192,294.965679,504.052331,2456.0,2960.052331,25,0.41802,3.009334,1772649227.088415
FP000074,L0_X14_Y6,L0_X6_Y2,32,L1_X6_Y2,2752.184879,1.2192,296.184879,504.052331,2456.0,2960.052331,25,0.41802,3.009334,1772649227.088415
FP000074,L0_X14_Y6,L0_X6_Y2,33,L0_X6_Y2,2753.404079,1.2192,297.404079,504.052331,2456.0,2960.052331,25,0.41802,3.009334,1772649227.088415
FP000074,L0_X14_Y6,L0_X6_Y2,34,L1_X6_Y2,2754.623279,1.2192,298.623279,504.052331,2456.0,2960.052331,25,0.41802,3.009334,1772649227.088415
FP000074,L0_X14_Y6,L0_X6_Y2,35,L0_X6_Y2,2755.842479,1.2192,299.842479,504.052331,2456.0,2960.052331,25,0.41802,3.009334,1772649227.088415
FP000074,L0_X14_Y6,L0_X6_Y2,36,L1_X6_Y2,2757.061679,1.2192,301.061679,504.052331,2456.0,2960.052331,25,0.41802,3.009334,1772649227.088415
FP000074,L0_X14_Y6,L0_X6_Y2,37,L0_X6_Y2,2758.280879,1.2192,302.280879,504.052331,2456.0,2960.052331,25,0.41802,3.009334,1772649227.088415
FP000074,L0_X14_Y6,L0_X6_Y2,38,L1_X6_Y2,2759.500079,1.2192,303.500079,504.052331,2456.0,2960.052331,25,0.41802,3.009334,1772649227.088415
FP000074,L0_X14_Y6,L0_X6_Y2,39,L0_X6_Y2,2760.719279,1.2192,304.719279,504.052331,2456.0,2960.052331,25,0.41802,3.009334,1772649227.088415
FP000074,L0_X14_Y6,L0_X6_Y2,40,L1_X6_Y2,2761.938479,1.2192,305.938479,504.052331,2456.0,2960.052331,25,0.41802,3.009334,1772649227.088415
FP000074,L0_X14_Y6,L0_X6_Y2,41,L0_X6_Y2,2763.157679,1.2192,307.157679,504.052331,2456.0,2960.052331,25,0.41802,3.009334,1772649227.088415
FP000074,L0_X14_Y6,L0_X6_Y2,42,L1_X6_Y2,2764.376879,1.2192,308.376879,504.052331,2456.0,2960.052331,25,0.41802,3.009334,1772649227.088415
FP000074,L0_X14_Y6,L0_X6_Y2,43,L2_X6_Y2,2765.596079,1.2192,309.596079,504.052331,2456.0,2960.052331,25,0.41802,3.009334,1772649227.088415
FP000074,L0_X14_Y6,L0_X6_Y2,44,L2_X7_Y2,2781.590971,15.994892,325.590971,504.052331,2456.0,2960.052331,25,0.41802,3.009334,1772649227.088415
FP000074,L0_X14_Y6,L0_X6_Y2,45,L2_X8_Y2,2797.585871,15.994901,341.585871,504.052331,2456.0,2960.052331,25,0.41802,3.009334,1772649227.088415
FP000074,L0_X14_Y6,L0_X6_Y2,46,L2_X9_Y2,2813.58078,15.994909,357.58078,504.052331,2456.0,2960.052331,25,0.41802,3.009334,1772649227.088415
FP000074,L0_X14_Y6,L0_X6_Y2,47,L2_X10_Y2,2829.575698,15.994918,373.575698,504.052331,2456.0,2960.052331,25,0.41802,3.009334,1772649227.088415
FP000074,L0_X14_Y6,L0_X6_Y2,48,L2_X11_Y2,2845.570625,15.994926,389.570625,504.052331,2456.0,2960.052331,25,0.41802,3.009334,1772649227.088415
FP000074,L0_X14_Y6,L0_X6_Y2,49,L2_X12_Y2,2861.56556,15.994935,405.56556,504.052331,2456.0,2960.052331,25,0.41802,3.009334,1772649227.088415
FP000074,L0_X14_Y6,L0_X6_Y2,50,L2_X13_Y2,2877.560503,15.994944,421.560503,504.052331,2456.0,2960.052331,25,0.41802,3.009334,1772649227.088415
FP000074,L0_X14_Y6,L0_X6_Y2,51,L2_X14_Y2,2893.555456,15.994952,437.555456,504.052331,2456.0,2960.052331,25,0.41802,3.009334,1772649227.088415
FP000074,L0_X14_Y6,L0_X6_Y2,52,L2_X14_Y3,2909.570081,16.014625,453.570081,504.052331,2456.0,2960.052331,25,0.41802,3.009334,1772649227.088415
FP000074,L0_X14_Y6,L0_X6_Y2,53,L2_X14_Y4,2925.584702,16.014621,469.584702,504.052331,2456.0,2960.052331,25,0.41802,3.009334,1772649227.088415
FP000074,L0_X14_Y6,L0_X6_Y2,54,L2_X14_Y5,2941.599318,16.014617,485.599318,504.052331,2456.0,2960.052331,25,0.41802,3.009334,1772649227.088415
FP000074,L0_X14_Y6,L0_X6_Y2,55,L2_X14_Y6,2957.613931,16.014613,501.613931,504.052331,2456.0,2960.052331,25,0.41802,3.009334,1772649227.088415
FP000074,L0_X14_Y6,L0_X6_Y2,56,L1_X14_Y6,2958.833131,1.2192,502.833131,504.052331,2456.0,2960.052331,25,0.41802,3.009334,1772649227.088415
FP000074,L0_X14_Y6,L0_X6_Y2,57,L0_X14_Y6,2960.052331,1.2192,504.052331,504.052331,2456.0,2960.052331,25,0.41802,3.009334,1772649227.088415
FP000075,L0_X0_Y2,L0_X8_Y6,0,L0_X0_Y2,2482.0,0.0,0.0,479.701085,2482.0,2961.701085,25,0.33976,6.449026,1772649233.489356
FP000075,L0_X0_Y2,L0_X8_Y6,1,L1_X0_Y2,2483.2192,1.2192,1.2192,479.701085,2482.0,2961.701085,25,0.33976,6.449026,1772649233.489356
FP000075,L0_X0_Y2,L0_X8_Y6,2,L2_X0_Y2,2484.4384,1.2192,2.4384,479.701085,2482.0,2961.701085,25,0.33976,6.449026,1772649233.489356
FP000075,L0_X0_Y2,L0_X8_Y6,3,L2_X1_Y2,2500.43324,15.99484,18.43324,479.701085,2482.0,2961.701085,25,0.33976,6.449026,1772649233.489356
FP000075,L0_X0_Y2,L0_X8_Y6,4,L3_X1_Y2,2501.65244,1.2192,19.65244,479.701085,2482.0,2961.701085,25,0.33976,6.449026,1772649233.489356
FP000075,L0_X0_Y2,L0_X8_Y6,5,L3_X2_Y2,2517.647289,15.994849,35.647289,479.701085,2482.0,2961.701085,25,0.33976,6.449026,1772649233.489356
FP000075,L0_X0_Y2,L0_X8_Y6,6,L3_X3_Y2,2533.642146,15.994857,51.642146,479.701085,2482.0,2961.701085,25,0.33976,6.449026,1772649233.489356
FP000075,L0_X0_Y2,L0_X8_Y6,7,L3_X4_Y2,2549.637012,15.994866,67.637012,479.701085,2482.0,2961.701085,25,0.33976,6.449026,1772649233.489356
FP000075,L0_X0_Y2,L0_X8_Y6,8,L3_X5_Y2,2565.631887,15.994875,83.631887,479.701085,2482.0,2961.701085,25,0.33976,6.449026,1772649233.489356
FP000075,L0_X0_Y2,L0_X8_Y6,9,L3_X6_Y2,2581.626771,15.994883,99.626771,479.701085,2482.0,2961.701085,25,0.33976,6.449026,1772649233.489356
FP000075,L0_X0_Y2,L0_X8_Y6,10,L3_X7_Y2,2597.621662,15.994892,115.621662,479.701085,2482.0,2961.701085,25,0.33976,6.449026,1772649233.489356
FP000075,L0_X0_Y2,L0_X8_Y6,11,L3_X8_Y2,2613.616563,15.994901,131.616563,479.701085,2482.0,2961.701085,25,0.33976,6.449026,1772649233.489356
FP000075,L0_X0_Y2,L0_X8_Y6,12,L3_X8_Y3,2629.635665,16.019102,147.635665,479.701085,2482.0,2961.701085,25,0.33976,6.449026,1772649233.489356
FP000075,L0_X0_Y2,L0_X8_Y6,13,L3_X8_Y4,2645.654762,16.019097,163.654762,479.701085,2482.0,2961.701085,25,0.33976,6.449026,1772649233.489356
FP000075,L0_X0_Y2,L0_X8_Y6,14,L3_X8_Y5,2661.673855,16.019093,179.673855,479.701085,2482.0,2961.701085,25,0.33976,6.449026,1772649233.489356
FP000075,L0_X0_Y2,L0_X8_Y6,15,L3_X8_Y6,2677.692943,16.019088,195.692943,479.701085,2482.0,2961.701085,25,0.33976,6.449026,1772649233.489356
FP000075,L0_X0_Y2,L0_X8_Y6,16,L2_X8_Y6,2678.912143,1.2192,196.912143,479.701085,2482.0,2961.701085,25,0.33976,6.449026,1772649233.489356
FP000075,L0_X0_Y2,L0_X8_Y6,17,L1_X8_Y6,2680.131343,1.2192,198.131343,479.701085,2482.0,2961.701085,25,0.33976,6.449026,1772649233.489356
FP000075,L0_X0_Y2,L0_X8_Y6,18,L0_X8_Y6,2681.350543,1.2192,199.350543,479.701085,2482.0,2961.701085,25,0.33976,6.449026,1772649233.489356
FP000075,L0_X0_Y2,L0_X8_Y6,19,L0_X8_Y6,2741.350543,60.0,259.350543,479.701085,2482.0,2961.701085,25,0.33976,6.449026,1772649233.489356
FP000075,L0_X0_Y2,L0_X8_Y6,20,L1_X8_Y6,2763.569743,22.2192,281.569743,479.701085,2482.0,2961.701085,25,0.33976,6.449026,1772649233.489356
FP000075,L0_X0_Y2,L0_X8_Y6,21,L2_X8_Y6,2764.788943,1.2192,282.788943,479.701085,2482.0,2961.701085,25,0.33976,6.449026,1772649233.489356
FP000075,L0_X0_Y2,L0_X8_Y6,22,L3_X8_Y6,2766.008143,1.2192,284.008143,479.701085,2482.0,2961.701085,25,0.33976,6.449026,1772649233.489356
FP000075,L0_X0_Y2,L0_X8_Y6,23,L3_X8_Y5,2782.027231,16.019088,300.027231,479.701085,2482.0,2961.701085,25,0.33976,6.449026,1772649233.489356
FP000075,L0_X0_Y2,L0_X8_Y6,24,L3_X8_Y4,2798.046323,16.019093,316.046323,479.701085,2482.0,2961.701085,25,0.33976,6.449026,1772649233.489356
FP000075,L0_X0_Y2,L0_X8_Y6,25,L3_X8_Y3,2814.065421,16.019097,332.065421,479.701085,2482.0,2961.701085,25,0.33976,6.449026,1772649233.489356
FP000075,L0_X0_Y2,L0_X8_Y6,26,L3_X8_Y2,2830.084522,16.019102,348.084522,479.701085,2482.0,2961.701085,25,0.33976,6.449026,1772649233.489356
FP000075,L0_X0_Y2,L0_X8_Y6,27,L3_X7_Y2,2846.079423,15.994901,364.079423,479.701085,2482.0,2961.701085,25,0.33976,6.449026,1772649233.489356
FP000075,L0_X0_Y2,L0_X8_Y6,28,L3_X6_Y2,2862.074315,15.994892,380.074315,479.701085,2482.0,2961.701085,25,0.33976,6.449026,1772649233.489356
FP000075,L0_X0_Y2,L0_X8_Y6,29,L3_X5_Y2,2878.069198,15.994883,396.069198,479.701085,2482.0,2961.701085,25,0.33976,6.449026,1772649233.489356
FP000075,L0_X0_Y2,L0_X8_Y6,30,L3_X4_Y2,2894.064073,15.994875,412.064073,479.701085,2482.0,2961.701085,25,0.33976,6.449026,1772649233.489356
FP000075,L0_X0_Y2,L0_X8_Y6,31,L3_X3_Y2,2910.058939,15.994866,428.058939,479.701085,2482.0,2961.701085,25,0.33976,6.449026,1772649233.489356
FP000075,L0_X0_Y2,L0_X8_Y6,32,L2_X3_Y2,2911.278139,1.2192,429.278139,479.701085,2482.0,2961.701085,25,0.33976,6.449026,1772649233.489356
FP000075,L0_X0_Y2,L0_X8_Y6,33,L2_X2_Y2,2927.272996,15.994857,445.272996,479.701085,2482.0,2961.701085,25,0.33976,6.449026,1772649233.489356
FP000075,L0_X0_Y2,L0_X8_Y6,34,L2_X1_Y2,2943.267845,15.994849,461.267845,479.701085,2482.0,2961.701085,25,0.33976,6.449026,1772649233.489356
FP000075,L0_X0_Y2,L0_X8_Y6,35,L2_X0_Y2,2959.262685,15.99484,477.262685,479.701085,2482.0,2961.701085,25,0.33976,6.449026,1772649233.489356
FP000075,L0_X0_Y2,L0_X8_Y6,36,L1_X0_Y2,2960.481885,1.2192,478.481885,479.701085,2482.0,2961.701085,25,0.33976,6.449026,1772649233.489356
FP000075,L0_X0_Y2,L0_X8_Y6,37,L0_X0_Y2,2961.701085,1.2192,479.701085,479.701085,2482.0,2961.701085,25,0.33976,6.449026,1772649233.489356
FP000076,L0_X14_Y6,L0_X8_Y5,0,L0_X14_Y6,2545.0,0.0,0.0,406.243444,2512.0,2918.243444,25,2.441768,5.546528,1772649241.169863
FP000076,L0_X14_Y6,L0_X8_Y5,1,L1_X14_Y6,2546.2192,1.2192,34.2192,406.243444,2512.0,2918.243444,25,2.441768,5.546528,1772649241.169863
FP000076,L0_X14_Y6,L0_X8_Y5,2,L2_X14_Y6,2547.4384,1.2192,35.4384,406.243444,2512.0,2918.243444,25,2.441768,5.546528,1772649241.169863
FP000076,L0_X14_Y6,L0_X8_Y5,3,L2_X14_Y5,2563.453013,16.014613,51.453013,406.243444,2512.0,2918.243444,25,2.441768,5.546528,1772649241.169863
FP000076,L0_X14_Y6,L0_X8_Y5,4,L2_X13_Y5,2579.447952,15.99494,67.447952,406.243444,2512.0,2918.243444,25,2.441768,5.546528,1772649241.169863
FP000076,L0_X14_Y6,L0_X8_Y5,5,L1_X13_Y5,2580.667152,1.2192,68.667152,406.243444,2512.0,2918.243444,25,2.441768,5.546528,1772649241.169863
FP000076,L0_X14_Y6,L0_X8_Y5,6,L2_X13_Y5,2581.886352,1.2192,69.886352,406.243444,2512.0,2918.243444,25,2.441768,5.546528,1772649241.169863
FP000076,L0_X14_Y6,L0_X8_Y5,7,L3_X13_Y5,2583.105552,1.2192,71.105552,406.243444,2512.0,2918.243444,25,2.441768,5.546528,1772649241.169863
FP000076,L0_X14_Y6,L0_X8_Y5,8,L4_X13_Y5,2584.324752,1.2192,72.324752,406.243444,2512.0,2918.243444,25,2.441768,5.546528,1772649241.169863
FP000076,L0_X14_Y6,L0_X8_Y5,9,L3_X13_Y5,2585.543952,1.2192,73.543952,406.243444,2512.0,2918.243444,25,2.441768,5.546528,1772649241.169863
FP000076,L0_X14_Y6,L0_X8_Y5,10,L2_X13_Y5,2586.763152,1.2192,74.763152,406.243444,2512.0,2918.243444,25,2.441768,5.546528,1772649241.169863
FP000076,L0_X14_Y6,L0_X8_Y5,11,L3_X13_Y5,2587.982352,1.2192,75.982352,406.243444,2512.0,2918.243444,25,2.441768,5.546528,1772649241.169863
FP000076,L0_X14_Y6,L0_X8_Y5,12,L3_X12_Y5,2603.977284,15.994931,91.977284,406.243444,2512.0,2918.243444,25,2.441768,5.546528,1772649241.169863
FP000076,L0_X14_Y6,L0_X8_Y5,13,L3_X11_Y5,2619.972206,15.994923,107.972206,406.243444,2512.0,2918.243444,25,2.441768,5.546528,1772649241.169863
FP000076,L0_X14_Y6,L0_X8_Y5,14,L2_X11_Y5,2621.191406,1.2192,109.191406,406.243444,2512.0,2918.243444,25,2.441768,5.546528,1772649241.169863
FP000076,L0_X14_Y6,L0_X8_Y5,15,L3_X11_Y5,2622.410606,1.2192,110.410606,406.243444,2512.0,2918.243444,25,2.441768,5.546528,1772649241.169863
FP000076,L0_X14_Y6,L0_X8_Y5,16,L2_X11_Y5,2623.629806,1.2192,111.629806,406.243444,2512.0,2918.243444,25,2.441768,5.546528,1772649241.169863
FP000076,L0_X14_Y6,L0_X8_Y5,17,L3_X11_Y5,2624.849006,1.2192,112.849006,406.243444,2512.0,2918.243444,25,2.441768,5.546528,1772649241.169863
FP000076,L0_X14_Y6,L0_X8_Y5,18,L2_X11_Y5,2626.068206,1.2192,114.068206,406.243444,2512.0,2918.243444,25,2.441768,5.546528,1772649241.169863
FP000076,L0_X14_Y6,L0_X8_Y5,19,L3_X11_Y5,2627.287406,1.2192,115.287406,406.243444,2512.0,2918.243444,25,2.441768,5.546528,1772649241.169863
FP000076,L0_X14_Y6,L0_X8_Y5,20,L4_X11_Y5,2628.506606,1.2192,116.506606,406.243444,2512.0,2918.243444,25,2.441768,5.546528,1772649241.169863
FP000076,L0_X14_Y6,L0_X8_Y5,21,L3_X11_Y5,2629.725806,1.2192,117.725806,406.243444,2512.0,2918.243444,25,2.441768,5.546528,1772649241.169863
FP000076,L0_X14_Y6,L0_X8_Y5,22,L2_X11_Y5,2630.945006,1.2192,118.945006,406.243444,2512.0,2918.243444,25,2.441768,5.546528,1772649241.169863
FP000076,L0_X14_Y6,L0_X8_Y5,23,L2_X10_Y5,2646.93992,15.994914,134.93992,406.243444,2512.0,2918.243444,25,2.441768,5.546528,1772649241.169863
FP000076,L0_X14_Y6,L0_X8_Y5,24,L3_X10_Y5,2648.15912,1.2192,136.15912,406.243444,2512.0,2918.243444,25,2.441768,5.546528,1772649241.169863
FP000076,L0_X14_Y6,L0_X8_Y5,25,L3_X9_Y5,2664.154025,15.994905,152.154025,406.243444,2512.0,2918.243444,25,2.441768,5.546528,1772649241.169863
FP000076,L0_X14_Y6,L0_X8_Y5,26,L2_X9_Y5,2665.373225,1.2192,153.373225,406.243444,2512.0,2918.243444,25,2.441768,5.546528,1772649241.169863
FP000076,L0_X14_Y6,L0_X8_Y5,27,L3_X9_Y5,2666.592425,1.2192,154.592425,406.243444,2512.0,2918.243444,25,2.441768,5.546528,1772649241.169863
FP000076,L0_X14_Y6,L0_X8_Y5,28,L3_X8_Y5,2682.587322,15.994897,170.587322,406.243444,2512.0,2918.243444,25,2.441768,5.546528,1772649241.169863
FP000076,L0_X14_Y6,L0_X8_Y5,29,L2_X8_Y5,2683.806522,1.2192,171.806522,406.243444,2512.0,2918.243444,25,2.441768,5.546528,1772649241.169863
FP000076,L0_X14_Y6,L0_X8_Y5,30,L1_X8_Y5,2685.025722,1.2192,173.025722,406.243444,2512.0,2918.243444,25,2.441768,5.546528,1772649241.169863
FP000076,L0_X14_Y6,L0_X8_Y5,31,L0_X8_Y5,2686.244922,1.2192,174.244922,406.243444,2512.0,2918.243444,25,2.441768,5.546528,1772649241.169863
FP000076,L0_X14_Y6,L0_X8_Y5,32,L0_X8_Y5,2746.244922,60.0,234.244922,406.243444,2512.0,2918.243444,25,2.441768,5.546528,1772649241.169863
FP000076,L0_X14_Y6,L0_X8_Y5,33,L1_X8_Y5,2768.464122,22.2192,256.464122,406.243444,2512.0,2918.243444,25,2.441768,5.546528,1772649241.169863
FP000076,L0_X14_Y6,L0_X8_Y5,34,L2_X8_Y5,2769.683322,1.2192,257.683322,406.243444,2512.0,2918.243444,25,2.441768,5.546528,1772649241.169863
FP000076,L0_X14_Y6,L0_X8_Y5,35,L1_X8_Y5,2770.902522,1.2192,258.902522,406.243444,2512.0,2918.243444,25,2.441768,5.546528,1772649241.169863
FP000076,L0_X14_Y6,L0_X8_Y5,36,L2_X8_Y5,2772.121722,1.2192,260.121722,406.243444,2512.0,2918.243444,25,2.441768,5.546528,1772649241.169863
FP000076,L0_X14_Y6,L0_X8_Y5,37,L1_X8_Y5,2773.340922,1.2192,261.340922,406.243444,2512.0,2918.243444,25,2.441768,5.546528,1772649241.169863
FP000076,L0_X14_Y6,L0_X8_Y5,38,L2_X8_Y5,2774.560122,1.2192,262.560122,406.243444,2512.0,2918.243444,25,2.441768,5.546528,1772649241.169863
FP000076,L0_X14_Y6,L0_X8_Y5,39,L1_X8_Y5,2775.779322,1.2192,263.779322,406.243444,2512.0,2918.243444,25,2.441768,5.546528,1772649241.169863
FP000076,L0_X14_Y6,L0_X8_Y5,40,L2_X8_Y5,2776.998522,1.2192,264.998522,406.243444,2512.0,2918.243444,25,2.441768,5.546528,1772649241.169863
FP000076,L0_X14_Y6,L0_X8_Y5,41,L1_X8_Y5,2778.217722,1.2192,266.217722,406.243444,2512.0,2918.243444,25,2.441768,5.546528,1772649241.169863
FP000076,L0_X14_Y6,L0_X8_Y5,42,L2_X8_Y5,2779.436922,1.2192,267.436922,406.243444,2512.0,2918.243444,25,2.441768,5.546528,1772649241.169863
FP000076,L0_X14_Y6,L0_X8_Y5,43,L1_X8_Y5,2780.656122,1.2192,268.656122,406.243444,2512.0,2918.243444,25,2.441768,5.546528,1772649241.169863
FP000076,L0_X14_Y6,L0_X8_Y5,44,L2_X8_Y5,2781.875322,1.2192,269.875322,406.243444,2512.0,2918.243444,25,2.441768,5.546528,1772649241.169863
FP000076,L0_X14_Y6,L0_X8_Y5,45,L1_X8_Y5,2783.094522,1.2192,271.094522,406.243444,2512.0,2918.243444,25,2.441768,5.546528,1772649241.169863
FP000076,L0_X14_Y6,L0_X8_Y5,46,L2_X8_Y5,2784.313722,1.2192,272.313722,406.243444,2512.0,2918.243444,25,2.441768,5.546528,1772649241.169863
FP000076,L0_X14_Y6,L0_X8_Y5,47,L1_X8_Y5,2785.532922,1.2192,273.532922,406.243444,2512.0,2918.243444,25,2.441768,5.546528,1772649241.169863
FP000076,L0_X14_Y6,L0_X8_Y5,48,L2_X8_Y5,2786.752122,1.2192,274.752122,406.243444,2512.0,2918.243444,25,2.441768,5.546528,1772649241.169863
FP000076,L0_X14_Y6,L0_X8_Y5,49,L1_X8_Y5,2787.971322,1.2192,275.971322,406.243444,2512.0,2918.243444,25,2.441768,5.546528,1772649241.169863
FP000076,L0_X14_Y6,L0_X8_Y5,50,L2_X8_Y5,2789.190522,1.2192,277.190522,406.243444,2512.0,2918.243444,25,2.441768,5.546528,1772649241.169863
FP000076,L0_X14_Y6,L0_X8_Y5,51,L1_X8_Y5,2790.409722,1.2192,278.409722,406.243444,2512.0,2918.243444,25,2.441768,5.546528,1772649241.169863
FP000076,L0_X14_Y6,L0_X8_Y5,52,L2_X8_Y5,2791.628922,1.2192,279.628922,406.243444,2512.0,2918.243444,25,2.441768,5.546528,1772649241.169863
FP000076,L0_X14_Y6,L0_X8_Y5,53,L1_X8_Y5,2792.848122,1.2192,280.848122,406.243444,2512.0,2918.243444,25,2.441768,5.546528,1772649241.169863
FP000076,L0_X14_Y6,L0_X8_Y5,54,L2_X8_Y5,2794.067322,1.2192,282.067322,406.243444,2512.0,2918.243444,25,2.441768,5.546528,1772649241.169863
FP000076,L0_X14_Y6,L0_X8_Y5,55,L1_X8_Y5,2795.286522,1.2192,283.286522,406.243444,2512.0,2918.243444,25,2.441768,5.546528,1772649241.169863
FP000076,L0_X14_Y6,L0_X8_Y5,56,L2_X8_Y5,2796.505722,1.2192,284.505722,406.243444,2512.0,2918.243444,25,2.441768,5.546528,1772649241.169863
FP000076,L0_X14_Y6,L0_X8_Y5,57,L1_X8_Y5,2797.724922,1.2192,285.724922,406.243444,2512.0,2918.243444,25,2.441768,5.546528,1772649241.169863
FP000076,L0_X14_Y6,L0_X8_Y5,58,L2_X8_Y5,2798.944122,1.2192,286.944122,406.243444,2512.0,2918.243444,25,2.441768,5.546528,1772649241.169863
FP000076,L0_X14_Y6,L0_X8_Y5,59,L1_X8_Y5,2800.163322,1.2192,288.163322,406.243444,2512.0,2918.243444,25,2.441768,5.546528,1772649241.169863
FP000076,L0_X14_Y6,L0_X8_Y5,60,L2_X8_Y5,2801.382522,1.2192,289.382522,406.243444,2512.0,2918.243444,25,2.441768,5.546528,1772649241.169863
FP000076,L0_X14_Y6,L0_X8_Y5,61,L3_X8_Y5,2802.601722,1.2192,290.601722,406.243444,2512.0,2918.243444,25,2.441768,5.546528,1772649241.169863
FP000076,L0_X14_Y6,L0_X8_Y5,62,L3_X9_Y5,2818.596619,15.994897,306.596619,406.243444,2512.0,2918.243444,25,2.441768,5.546528,1772649241.169863
FP000076,L0_X14_Y6,L0_X8_Y5,63,L3_X10_Y5,2834.591524,15.994905,322.591524,406.243444,2512.0,2918.243444,25,2.441768,5.546528,1772649241.169863
FP000076,L0_X14_Y6,L0_X8_Y5,64,L3_X11_Y5,2850.586438,15.994914,338.586438,406.243444,2512.0,2918.243444,25,2.441768,5.546528,1772649241.169863
FP000076,L0_X14_Y6,L0_X8_Y5,65,L3_X12_Y5,2866.58136,15.994923,354.58136,406.243444,2512.0,2918.243444,25,2.441768,5.546528,1772649241.169863
FP000076,L0_X14_Y6,L0_X8_Y5,66,L3_X13_Y5,2882.576291,15.994931,370.576291,406.243444,2512.0,2918.243444,25,2.441768,5.546528,1772649241.169863
FP000076,L0_X14_Y6,L0_X8_Y5,67,L3_X14_Y5,2898.571231,15.99494,386.571231,406.243444,2512.0,2918.243444,25,2.441768,5.546528,1772649241.169863
FP000076,L0_X14_Y6,L0_X8_Y5,68,L3_X14_Y6,2914.585844,16.014613,402.585844,406.243444,2512.0,2918.243444,25,2.441768,5.546528,1772649241.169863
FP000076,L0_X14_Y6,L0_X8_Y5,69,L2_X14_Y6,2915.805044,1.2192,403.805044,406.243444,2512.0,2918.243444,25,2.441768,5.546528,1772649241.169863
FP000076,L0_X14_Y6,L0_X8_Y5,70,L1_X14_Y6,2917.024244,1.2192,405.024244,406.243444,2512.0,2918.243444,25,2.441768,5.546528,1772649241.169863
FP000076,L0_X14_Y6,L0_X8_Y5,71,L0_X14_Y6,2918.243444,1.2192,406.243444,406.243444,2512.0,2918.243444,25,2.441768,5.546528,1772649241.169863
FP000077,L0_X0_Y2,L0_X2_Y5,0,L0_X0_Y2,2557.0,0.0,0.0,250.875888,2557.0,2807.875888,25,0.022249,2.565406,1772649241.287247
FP000077,L0_X0_Y2,L0_X2_Y5,1,L1_X0_Y2,2558.2192,1.2192,1.2192,250.875888,2557.0,2807.875888,25,0.022249,2.565406,1772649241.287247
FP000077,L0_X0_Y2,L0_X2_Y5,2,L2_X0_Y2,2559.4384,1.2192,2.4384,250.875888,2557.0,2807.875888,25,0.022249,2.565406,1772649241.287247
FP000077,L0_X0_Y2,L0_X2_Y5,3,L2_X0_Y3,2575.463467,16.025067,18.463467,250.875888,2557.0,2807.875888,25,0.022249,2.565406,1772649241.287247
FP000077,L0_X0_Y2,L0_X2_Y5,4,L2_X1_Y3,2591.458303,15.994836,34.458303,250.875888,2557.0,2807.875888,25,0.022249,2.565406,1772649241.287247
FP000077,L0_X0_Y2,L0_X2_Y5,5,L2_X2_Y3,2607.453148,15.994845,50.453148,250.875888,2557.0,2807.875888,25,0.022249,2.565406,1772649241.287247
FP000077,L0_X0_Y2,L0_X2_Y5,6,L2_X2_Y4,2623.476719,16.023571,66.476719,250.875888,2557.0,2807.875888,25,0.022249,2.565406,1772649241.287247
FP000077,L0_X0_Y2,L0_X2_Y5,7,L1_X2_Y4,2624.695919,1.2192,67.695919,250.875888,2557.0,2807.875888,25,0.022249,2.565406,1772649241.287247
FP000077,L0_X0_Y2,L0_X2_Y5,8,L1_X2_Y5,2640.719485,16.023566,83.719485,250.875888,2557.0,2807.875888,25,0.022249,2.565406,1772649241.287247
FP000077,L0_X0_Y2,L0_X2_Y5,9,L0_X2_Y5,2641.938685,1.2192,84.938685,250.875888,2557.0,2807.875888,25,0.022249,2.565406,1772649241.287247
FP000077,L0_X0_Y2,L0_X2_Y5,10,L0_X2_Y5,2701.938685,60.0,144.938685,250.875888,2557.0,2807.875888,25,0.022249,2.565406,1772649241.287247
FP000077,L0_X0_Y2,L0_X2_Y5,11,L1_X2_Y5,2724.157885,22.2192,167.157885,250.875888,2557.0,2807.875888,25,0.022249,2.565406,1772649241.287247
FP000077,L0_X0_Y2,L0_X2_Y5,12,L2_X2_Y5,2725.377085,1.2192,168.377085,250.875888,2557.0,2807.875888,25,0.022249,2.565406,1772649241.287247
FP000077,L0_X0_Y2,L0_X2_Y5,13,L2_X2_Y4,2741.400651,16.023566,184.400651,250.875888,2557.0,2807.875888,25,0.022249,2.565406,1772649241.287247
FP000077,L0_X0_Y2,L0_X2_Y5,14,L2_X2_Y3,2757.424222,16.023571,200.424222,250.875888,2557.0,2807.875888,25,0.022249,2.565406,1772649241.287247
FP000077,L0_X0_Y2,L0_X2_Y5,15,L2_X2_Y2,2773.447799,16.023576,216.447799,250.875888,2557.0,2807.875888,25,0.022249,2.565406,1772649241.287247
FP000077,L0_X0_Y2,L0_X2_Y5,16,L2_X1_Y2,2789.442647,15.994849,232.442647,250.875888,2557.0,2807.875888,25,0.022249,2.565406,1772649241.287247
FP000077,L0_X0_Y2,L0_X2_Y5,17,L2_X0_Y2,2805.437488,15.99484,248.437488,250.875888,2557.0,2807.875888,25,0.022249,2.565406,1772649241.287247
FP000077,L0_X0_Y2,L0_X2_Y5,18,L1_X0_Y2,2806.656688,1.2192,249.656688,250.875888,2557.0,2807.875888,25,0.022249,2.565406,1772649241.287247
FP000077,L0_X0_Y2,L0_X2_Y5,19,L0_X0_Y2,2807.875888,1.2192,250.875888,250.875888,2557.0,2807.875888,25,0.022249,2.565406,1772649241.287247
FP000078,L0_X0_Y2,L0_X2_Y1,0,L0_X0_Y2,2609.0,0.0,0.0,287.05534,2577.0,2864.05534,25,1.712908,0.055537,1772649243.035407
FP000078,L0_X0_Y2,L0_X2_Y1,1,L1_X0_Y2,2610.2192,1.2192,33.2192,287.05534,2577.0,2864.05534,25,1.712908,0.055537,1772649243.035407
FP000078,L0_X0_Y2,L0_X2_Y1,2,L2_X0_Y2,2611.4384,1.2192,34.4384,287.05534,2577.0,2864.05534,25,1.712908,0.055537,1772649243.035407
FP000078,L0_X0_Y2,L0_X2_Y1,3,L2_X1_Y2,2627.43324,15.99484,50.43324,287.05534,2577.0,2864.05534,25,1.712908,0.055537,1772649243.035407
FP000078,L0_X0_Y2,L0_X2_Y1,4,L2_X2_Y2,2643.428089,15.994849,66.428089,287.05534,2577.0,2864.05534,25,1.712908,0.055537,1772649243.035407
FP000078,L0_X0_Y2,L0_X2_Y1,5,L2_X2_Y1,2659.45167,16.023581,82.45167,287.05534,2577.0,2864.05534,25,1.712908,0.055537,1772649243.035407
FP000078,L0_X0_Y2,L0_X2_Y1,6,L1_X2_Y1,2660.67087,1.2192,83.67087,287.05534,2577.0,2864.05534,25,1.712908,0.055537,1772649243.035407
FP000078,L0_X0_Y2,L0_X2_Y1,7,L0_X2_Y1,2661.89007,1.2192,84.89007,287.05534,2577.0,2864.05534,25,1.712908,0.055537,1772649243.035407
FP000078,L0_X0_Y2,L0_X2_Y1,8,L0_X2_Y1,2721.89007,60.0,144.89007,287.05534,2577.0,2864.05534,25,1.712908,0.055537,1772649243.035407
FP000078,L0_X0_Y2,L0_X2_Y1,9,L1_X2_Y1,2744.10927,22.2192,167.10927,287.05534,2577.0,2864.05534,25,1.712908,0.055537,1772649243.035407
FP000078,L0_X0_Y2,L0_X2_Y1,10,L2_X2_Y1,2745.32847,1.2192,168.32847,287.05534,2577.0,2864.05534,25,1.712908,0.055537,1772649243.035407
FP000078,L0_X0_Y2,L0_X2_Y1,11,L1_X2_Y1,2746.54767,1.2192,169.54767,287.05534,2577.0,2864.05534,25,1.712908,0.055537,1772649243.035407
FP000078,L0_X0_Y2,L0_X2_Y1,12,L2_X2_Y1,2747.76687,1.2192,170.76687,287.05534,2577.0,2864.05534,25,1.712908,0.055537,1772649243.035407
FP000078,L0_X0_Y2,L0_X2_Y1,13,L3_X2_Y1,2748.98607,1.2192,171.98607,287.05534,2577.0,2864.05534,25,1.712908,0.055537,1772649243.035407
FP000078,L0_X0_Y2,L0_X2_Y1,14,L2_X2_Y1,2750.20527,1.2192,173.20527,287.05534,2577.0,2864.05534,25,1.712908,0.055537,1772649243.035407
FP000078,L0_X0_Y2,L0_X2_Y1,15,L1_X2_Y1,2751.42447,1.2192,174.42447,287.05534,2577.0,2864.05534,25,1.712908,0.055537,1772649243.035407
FP000078,L0_X0_Y2,L0_X2_Y1,16,L0_X2_Y1,2752.64367,1.2192,175.64367,287.05534,2577.0,2864.05534,25,1.712908,0.055537,1772649243.035407
FP000078,L0_X0_Y2,L0_X2_Y1,17,L1_X2_Y1,2753.86287,1.2192,176.86287,287.05534,2577.0,2864.05534,25,1.712908,0.055537,1772649243.035407
FP000078,L0_X0_Y2,L0_X2_Y1,18,L2_X2_Y1,2755.08207,1.2192,178.08207,287.05534,2577.0,2864.05534,25,1.712908,0.055537,1772649243.035407
FP000078,L0_X0_Y2,L0_X2_Y1,19,L3_X2_Y1,2756.30127,1.2192,179.30127,287.05534,2577.0,2864.05534,25,1.712908,0.055537,1772649243.035407
FP000078,L0_X0_Y2,L0_X2_Y1,20,L4_X2_Y1,2757.52047,1.2192,180.52047,287.05534,2577.0,2864.05534,25,1.712908,0.055537,1772649243.035407
FP000078,L0_X0_Y2,L0_X2_Y1,21,L3_X2_Y1,2758.73967,1.2192,181.73967,287.05534,2577.0,2864.05534,25,1.712908,0.055537,1772649243.035407
FP000078,L0_X0_Y2,L0_X2_Y1,22,L2_X2_Y1,2759.95887,1.2192,182.95887,287.05534,2577.0,2864.05534,25,1.712908,0.055537,1772649243.035407
FP000078,L0_X0_Y2,L0_X2_Y1,23,L1_X2_Y1,2761.17807,1.2192,184.17807,287.05534,2577.0,2864.05534,25,1.712908,0.055537,1772649243.035407
FP000078,L0_X0_Y2,L0_X2_Y1,24,L2_X2_Y1,2762.39727,1.2192,185.39727,287.05534,2577.0,2864.05534,25,1.712908,0.055537,1772649243.035407
FP000078,L0_X0_Y2,L0_X2_Y1,25,L3_X2_Y1,2763.61647,1.2192,186.61647,287.05534,2577.0,2864.05534,25,1.712908,0.055537,1772649243.035407
FP000078,L0_X0_Y2,L0_X2_Y1,26,L2_X2_Y1,2764.83567,1.2192,187.83567,287.05534,2577.0,2864.05534,25,1.712908,0.055537,1772649243.035407
FP000078,L0_X0_Y2,L0_X2_Y1,27,L1_X2_Y1,2766.05487,1.2192,189.05487,287.05534,2577.0,2864.05534,25,1.712908,0.055537,1772649243.035407
FP000078,L0_X0_Y2,L0_X2_Y1,28,L2_X2_Y1,2767.27407,1.2192,190.27407,287.05534,2577.0,2864.05534,25,1.712908,0.055537,1772649243.035407
FP000078,L0_X0_Y2,L0_X2_Y1,29,L3_X2_Y1,2768.49327,1.2192,191.49327,287.05534,2577.0,2864.05534,25,1.712908,0.055537,1772649243.035407
FP000078,L0_X0_Y2,L0_X2_Y1,30,L2_X2_Y1,2769.71247,1.2192,192.71247,287.05534,2577.0,2864.05534,25,1.712908,0.055537,1772649243.035407
FP000078,L0_X0_Y2,L0_X2_Y1,31,L3_X2_Y1,2770.93167,1.2192,193.93167,287.05534,2577.0,2864.05534,25,1.712908,0.055537,1772649243.035407
FP000078,L0_X0_Y2,L0_X2_Y1,32,L4_X2_Y1,2772.15087,1.2192,195.15087,287.05534,2577.0,2864.05534,25,1.712908,0.055537,1772649243.035407
FP000078,L0_X0_Y2,L0_X2_Y1,33,L3_X2_Y1,2773.37007,1.2192,196.37007,287.05534,2577.0,2864.05534,25,1.712908,0.055537,1772649243.035407
FP000078,L0_X0_Y2,L0_X2_Y1,34,L2_X2_Y1,2774.58927,1.2192,197.58927,287.05534,2577.0,2864.05534,25,1.712908,0.055537,1772649243.035407
FP000078,L0_X0_Y2,L0_X2_Y1,35,L1_X2_Y1,2775.80847,1.2192,198.80847,287.05534,2577.0,2864.05534,25,1.712908,0.055537,1772649243.035407
FP000078,L0_X0_Y2,L0_X2_Y1,36,L2_X2_Y1,2777.02767,1.2192,200.02767,287.05534,2577.0,2864.05534,25,1.712908,0.055537,1772649243.035407
FP000078,L0_X0_Y2,L0_X2_Y1,37,L1_X2_Y1,2778.24687,1.2192,201.24687,287.05534,2577.0,2864.05534,25,1.712908,0.055537,1772649243.035407
FP000078,L0_X0_Y2,L0_X2_Y1,38,L0_X2_Y1,2779.46607,1.2192,202.46607,287.05534,2577.0,2864.05534,25,1.712908,0.055537,1772649243.035407
FP000078,L0_X0_Y2,L0_X2_Y1,39,L1_X2_Y1,2780.68527,1.2192,203.68527,287.05534,2577.0,2864.05534,25,1.712908,0.055537,1772649243.035407
FP000078,L0_X0_Y2,L0_X2_Y1,40,L2_X2_Y1,2781.90447,1.2192,204.90447,287.05534,2577.0,2864.05534,25,1.712908,0.055537,1772649243.035407
FP000078,L0_X0_Y2,L0_X2_Y1,41,L1_X2_Y1,2783.12367,1.2192,206.12367,287.05534,2577.0,2864.05534,25,1.712908,0.055537,1772649243.035407
FP000078,L0_X0_Y2,L0_X2_Y1,42,L2_X2_Y1,2784.34287,1.2192,207.34287,287.05534,2577.0,2864.05534,25,1.712908,0.055537,1772649243.035407
FP000078,L0_X0_Y2,L0_X2_Y1,43,L1_X2_Y1,2785.56207,1.2192,208.56207,287.05534,2577.0,2864.05534,25,1.712908,0.055537,1772649243.035407
FP000078,L0_X0_Y2,L0_X2_Y1,44,L2_X2_Y1,2786.78127,1.2192,209.78127,287.05534,2577.0,2864.05534,25,1.712908,0.055537,1772649243.035407
FP000078,L0_X0_Y2,L0_X2_Y1,45,L3_X2_Y1,2788.00047,1.2192,211.00047,287.05534,2577.0,2864.05534,25,1.712908,0.055537,1772649243.035407
FP000078,L0_X0_Y2,L0_X2_Y1,46,L2_X2_Y1,2789.21967,1.2192,212.21967,287.05534,2577.0,2864.05534,25,1.712908,0.055537,1772649243.035407
FP000078,L0_X0_Y2,L0_X2_Y1,47,L3_X2_Y1,2790.43887,1.2192,213.43887,287.05534,2577.0,2864.05534,25,1.712908,0.055537,1772649243.035407
FP000078,L0_X0_Y2,L0_X2_Y1,48,L3_X2_Y2,2806.462451,16.023581,229.462451,287.05534,2577.0,2864.05534,25,1.712908,0.055537,1772649243.035407
FP000078,L0_X0_Y2,L0_X2_Y1,49,L4_X2_Y2,2807.681651,1.2192,230.681651,287.05534,2577.0,2864.05534,25,1.712908,0.055537,1772649243.035407
FP000078,L0_X0_Y2,L0_X2_Y1,50,L3_X2_Y2,2808.900851,1.2192,231.900851,287.05534,2577.0,2864.05534,25,1.712908,0.055537,1772649243.035407
FP000078,L0_X0_Y2,L0_X2_Y1,51,L4_X2_Y2,2810.120051,1.2192,233.120051,287.05534,2577.0,2864.05534,25,1.712908,0.055537,1772649243.035407
FP000078,L0_X0_Y2,L0_X2_Y1,52,L3_X2_Y2,2811.339251,1.2192,234.339251,287.05534,2577.0,2864.05534,25,1.712908,0.055537,1772649243.035407
FP000078,L0_X0_Y2,L0_X2_Y1,53,L4_X2_Y2,2812.558451,1.2192,235.558451,287.05534,2577.0,2864.05534,25,1.712908,0.055537,1772649243.035407
FP000078,L0_X0_Y2,L0_X2_Y1,54,L4_X1_Y2,2828.5533,15.994849,251.5533,287.05534,2577.0,2864.05534,25,1.712908,0.055537,1772649243.035407
FP000078,L0_X0_Y2,L0_X2_Y1,55,L3_X1_Y2,2829.7725,1.2192,252.7725,287.05534,2577.0,2864.05534,25,1.712908,0.055537,1772649243.035407
FP000078,L0_X0_Y2,L0_X2_Y1,56,L4_X1_Y2,2830.9917,1.2192,253.9917,287.05534,2577.0,2864.05534,25,1.712908,0.055537,1772649243.035407
FP000078,L0_X0_Y2,L0_X2_Y1,57,L3_X1_Y2,2832.2109,1.2192,255.2109,287.05534,2577.0,2864.05534,25,1.712908,0.055537,1772649243.035407
FP000078,L0_X0_Y2,L0_X2_Y1,58,L4_X1_Y2,2833.4301,1.2192,256.4301,287.05534,2577.0,2864.05534,25,1.712908,0.055537,1772649243.035407
FP000078,L0_X0_Y2,L0_X2_Y1,59,L3_X1_Y2,2834.6493,1.2192,257.6493,287.05534,2577.0,2864.05534,25,1.712908,0.055537,1772649243.035407
FP000078,L0_X0_Y2,L0_X2_Y1,60,L4_X1_Y2,2835.8685,1.2192,258.8685,287.05534,2577.0,2864.05534,25,1.712908,0.055537,1772649243.035407
FP000078,L0_X0_Y2,L0_X2_Y1,61,L3_X1_Y2,2837.0877,1.2192,260.0877,287.05534,2577.0,2864.05534,25,1.712908,0.055537,1772649243.035407
FP000078,L0_X0_Y2,L0_X2_Y1,62,L4_X1_Y2,2838.3069,1.2192,261.3069,287.05534,2577.0,2864.05534,25,1.712908,0.055537,1772649243.035407
FP000078,L0_X0_Y2,L0_X2_Y1,63,L3_X1_Y2,2839.5261,1.2192,262.5261,287.05534,2577.0,2864.05534,25,1.712908,0.055537,1772649243.035407
FP000078,L0_X0_Y2,L0_X2_Y1,64,L4_X1_Y2,2840.7453,1.2192,263.7453,287.05534,2577.0,2864.05534,25,1.712908,0.055537,1772649243.035407
FP000078,L0_X0_Y2,L0_X2_Y1,65,L4_X0_Y2,2856.74014,15.99484,279.74014,287.05534,2577.0,2864.05534,25,1.712908,0.055537,1772649243.035407
FP000078,L0_X0_Y2,L0_X2_Y1,66,L3_X0_Y2,2857.95934,1.2192,280.95934,287.05534,2577.0,2864.05534,25,1.712908,0.055537,1772649243.035407
FP000078,L0_X0_Y2,L0_X2_Y1,67,L4_X0_Y2,2859.17854,1.2192,282.17854,287.05534,2577.0,2864.05534,25,1.712908,0.055537,1772649243.035407
FP000078,L0_X0_Y2,L0_X2_Y1,68,L3_X0_Y2,2860.39774,1.2192,283.39774,287.05534,2577.0,2864.05534,25,1.712908,0.055537,1772649243.035407
FP000078,L0_X0_Y2,L0_X2_Y1,69,L2_X0_Y2,2861.61694,1.2192,284.61694,287.05534,2577.0,2864.05534,25,1.712908,0.055537,1772649243.035407
FP000078,L0_X0_Y2,L0_X2_Y1,70,L1_X0_Y2,2862.83614,1.2192,285.83614,287.05534,2577.0,2864.05534,25,1.712908,0.055537,1772649243.035407
FP000078,L0_X0_Y2,L0_X2_Y1,71,L0_X0_Y2,2864.05534,1.2192,287.05534,287.05534,2577.0,2864.05534,25,1.712908,0.055537,1772649243.035407
FP000079,L0_X0_Y2,L0_X10_Y6,0,L0_X0_Y2,2633.0,0.0,0.0,538.798679,2633.0,3171.798679,25,0.150811,1.797222,1772649243.270541
FP000079,L0_X0_Y2,L0_X10_Y6,1,L1_X0_Y2,2634.2192,1.2192,1.2192,538.798679,2633.0,3171.798679,25,0.150811,1.797222,1772649243.270541
FP000079,L0_X0_Y2,L0_X10_Y6,2,L2_X0_Y2,2635.4384,1.2192,2.4384,538.798679,2633.0,3171.798679,25,0.150811,1.797222,1772649243.270541
FP000079,L0_X0_Y2,L0_X10_Y6,3,L2_X1_Y2,2651.43324,15.99484,18.43324,538.798679,2633.0,3171.798679,25,0.150811,1.797222,1772649243.270541
FP000079,L0_X0_Y2,L0_X10_Y6,4,L2_X1_Y3,2667.457562,16.024322,34.457562,538.798679,2633.0,3171.798679,25,0.150811,1.797222,1772649243.270541
FP000079,L0_X0_Y2,L0_X10_Y6,5,L2_X2_Y3,2683.452406,15.994845,50.452406,538.798679,2633.0,3171.798679,25,0.150811,1.797222,1772649243.270541
FP000079,L0_X0_Y2,L0_X10_Y6,6,L2_X3_Y3,2699.44726,15.994853,66.44726,538.798679,2633.0,3171.798679,25,0.150811,1.797222,1772649243.270541
FP000079,L0_X0_Y2,L0_X10_Y6,7,L2_X4_Y3,2715.442122,15.994862,82.442122,538.798679,2633.0,3171.798679,25,0.150811,1.797222,1772649243.270541
FP000079,L0_X0_Y2,L0_X10_Y6,8,L2_X5_Y3,2731.436992,15.994871,98.436992,538.798679,2633.0,3171.798679,25,0.150811,1.797222,1772649243.270541
FP000079,L0_X0_Y2,L0_X10_Y6,9,L2_X6_Y3,2747.431871,15.994879,114.431871,538.798679,2633.0,3171.798679,25,0.150811,1.797222,1772649243.270541
FP000079,L0_X0_Y2,L0_X10_Y6,10,L2_X7_Y3,2763.426759,15.994888,130.426759,538.798679,2633.0,3171.798679,25,0.150811,1.797222,1772649243.270541
FP000079,L0_X0_Y2,L0_X10_Y6,11,L2_X8_Y3,2779.421655,15.994896,146.421655,538.798679,2633.0,3171.798679,25,0.150811,1.797222,1772649243.270541
FP000079,L0_X0_Y2,L0_X10_Y6,12,L2_X9_Y3,2795.41656,15.994905,162.41656,538.798679,2633.0,3171.798679,25,0.150811,1.797222,1772649243.270541
FP000079,L0_X0_Y2,L0_X10_Y6,13,L2_X10_Y3,2811.411474,15.994914,178.411474,538.798679,2633.0,3171.798679,25,0.150811,1.797222,1772649243.270541
FP000079,L0_X0_Y2,L0_X10_Y6,14,L2_X10_Y4,2827.429079,16.017605,194.429079,538.798679,2633.0,3171.798679,25,0.150811,1.797222,1772649243.270541
FP000079,L0_X0_Y2,L0_X10_Y6,15,L2_X10_Y5,2843.44668,16.017601,210.44668,538.798679,2633.0,3171.798679,25,0.150811,1.797222,1772649243.270541
FP000079,L0_X0_Y2,L0_X10_Y6,16,L2_X10_Y6,2859.464277,16.017597,226.464277,538.798679,2633.0,3171.798679,25,0.150811,1.797222,1772649243.270541
FP000079,L0_X0_Y2,L0_X10_Y6,17,L1_X10_Y6,2860.683477,1.2192,227.683477,538.798679,2633.0,3171.798679,25,0.150811,1.797222,1772649243.270541
FP000079,L0_X0_Y2,L0_X10_Y6,18,L0_X10_Y6,2861.902677,1.2192,228.902677,538.798679,2633.0,3171.798679,25,0.150811,1.797222,1772649243.270541
FP000079,L0_X0_Y2,L0_X10_Y6,19,L0_X10_Y6,2921.902677,60.0,288.902677,538.798679,2633.0,3171.798679,25,0.150811,1.797222,1772649243.270541
FP000079,L0_X0_Y2,L0_X10_Y6,20,L1_X10_Y6,2944.121877,22.2192,311.121877,538.798679,2633.0,3171.798679,25,0.150811,1.797222,1772649243.270541
FP000079,L0_X0_Y2,L0_X10_Y6,21,L2_X10_Y6,2945.341077,1.2192,312.341077,538.798679,2633.0,3171.798679,25,0.150811,1.797222,1772649243.270541
FP000079,L0_X0_Y2,L0_X10_Y6,22,L2_X10_Y5,2961.358673,16.017597,328.358673,538.798679,2633.0,3171.798679,25,0.150811,1.797222,1772649243.270541
FP000079,L0_X0_Y2,L0_X10_Y6,23,L2_X10_Y4,2977.376274,16.017601,344.376274,538.798679,2633.0,3171.798679,25,0.150811,1.797222,1772649243.270541
FP000079,L0_X0_Y2,L0_X10_Y6,24,L2_X10_Y3,2993.39388,16.017605,360.39388,538.798679,2633.0,3171.798679,25,0.150811,1.797222,1772649243.270541
FP000079,L0_X0_Y2,L0_X10_Y6,25,L2_X10_Y2,3009.411489,16.01761,376.411489,538.798679,2633.0,3171.798679,25,0.150811,1.797222,1772649243.270541
FP000079,L0_X0_Y2,L0_X10_Y6,26,L2_X9_Y2,3025.406407,15.994918,392.406407,538.798679,2633.0,3171.798679,25,0.150811,1.797222,1772649243.270541
FP000079,L0_X0_Y2,L0_X10_Y6,27,L2_X8_Y2,3041.401316,15.994909,408.401316,538.798679,2633.0,3171.798679,25,0.150811,1.797222,1772649243.270541
FP000079,L0_X0_Y2,L0_X10_Y6,28,L2_X7_Y2,3057.396217,15.994901,424.396217,538.798679,2633.0,3171.798679,25,0.150811,1.797222,1772649243.270541
FP000079,L0_X0_Y2,L0_X10_Y6,29,L2_X6_Y2,3073.391109,15.994892,440.391109,538.798679,2633.0,3171.798679,25,0.150811,1.797222,1772649243.270541
FP000079,L0_X0_Y2,L0_X10_Y6,30,L2_X5_Y2,3089.385992,15.994883,456.385992,538.798679,2633.0,3171.798679,25,0.150811,1.797222,1772649243.270541
FP000079,L0_X0_Y2,L0_X10_Y6,31,L2_X4_Y2,3105.380867,15.994875,472.380867,538.798679,2633.0,3171.798679,25,0.150811,1.797222,1772649243.270541
FP000079,L0_X0_Y2,L0_X10_Y6,32,L2_X3_Y2,3121.375733,15.994866,488.375733,538.798679,2633.0,3171.798679,25,0.150811,1.797222,1772649243.270541
FP000079,L0_X0_Y2,L0_X10_Y6,33,L2_X2_Y2,3137.37059,15.994857,504.37059,538.798679,2633.0,3171.798679,25,0.150811,1.797222,1772649243.270541
FP000079,L0_X0_Y2,L0_X10_Y6,34,L2_X1_Y2,3153.365439,15.994849,520.365439,538.798679,2633.0,3171.798679,25,0.150811,1.797222,1772649243.270541
FP000079,L0_X0_Y2,L0_X10_Y6,35,L2_X0_Y2,3169.360279,15.99484,536.360279,538.798679,2633.0,3171.798679,25,0.150811,1.797222,1772649243.270541
FP000079,L0_X0_Y2,L0_X10_Y6,36,L1_X0_Y2,3170.579479,1.2192,537.579479,538.798679,2633.0,3171.798679,25,0.150811,1.797222,1772649243.270541
FP000079,L0_X0_Y2,L0_X10_Y6,37,L0_X0_Y2,3171.798679,1.2192,538.798679,538.798679,2633.0,3171.798679,25,0.150811,1.797222,1772649243.270541
FP000080,L0_X14_Y6,L0_X9_Y0,0,L0_X14_Y6,2871.0,0.0,0.0,445.322847,2871.0,3316.322847,25,0.299995,0.189314,1772649243.610057
FP000080,L0_X14_Y6,L0_X9_Y0,1,L1_X14_Y6,2872.2192,1.2192,1.2192,445.322847,2871.0,3316.322847,25,0.299995,0.189314,1772649243.610057
FP000080,L0_X14_Y6,L0_X9_Y0,2,L2_X14_Y6,2873.4384,1.2192,2.4384,445.322847,2871.0,3316.322847,25,0.299995,0.189314,1772649243.610057
FP000080,L0_X14_Y6,L0_X9_Y0,3,L2_X14_Y5,2889.453013,16.014613,18.453013,445.322847,2871.0,3316.322847,25,0.299995,0.189314,1772649243.610057
FP000080,L0_X14_Y6,L0_X9_Y0,4,L2_X14_Y4,2905.467629,16.014617,34.467629,445.322847,2871.0,3316.322847,25,0.299995,0.189314,1772649243.610057
FP000080,L0_X14_Y6,L0_X9_Y0,5,L3_X14_Y4,2906.686829,1.2192,35.686829,445.322847,2871.0,3316.322847,25,0.299995,0.189314,1772649243.610057
FP000080,L0_X14_Y6,L0_X9_Y0,6,L3_X14_Y3,2922.70145,16.014621,51.70145,445.322847,2871.0,3316.322847,25,0.299995,0.189314,1772649243.610057
FP000080,L0_X14_Y6,L0_X9_Y0,7,L3_X14_Y2,2938.716075,16.014625,67.716075,445.322847,2871.0,3316.322847,25,0.299995,0.189314,1772649243.610057
FP000080,L0_X14_Y6,L0_X9_Y0,8,L3_X14_Y1,2954.730704,16.014629,83.730704,445.322847,2871.0,3316.322847,25,0.299995,0.189314,1772649243.610057
FP000080,L0_X14_Y6,L0_X9_Y0,9,L3_X14_Y0,2970.745338,16.014633,99.745338,445.322847,2871.0,3316.322847,25,0.299995,0.189314,1772649243.610057
FP000080,L0_X14_Y6,L0_X9_Y0,10,L3_X13_Y0,2986.740298,15.994961,115.740298,445.322847,2871.0,3316.322847,25,0.299995,0.189314,1772649243.610057
FP000080,L0_X14_Y6,L0_X9_Y0,11,L3_X12_Y0,3002.73525,15.994952,131.73525,445.322847,2871.0,3316.322847,25,0.299995,0.189314,1772649243.610057
FP000080,L0_X14_Y6,L0_X9_Y0,12,L3_X11_Y0,3018.730194,15.994943,147.730194,445.322847,2871.0,3316.322847,25,0.299995,0.189314,1772649243.610057
FP000080,L0_X14_Y6,L0_X9_Y0,13,L3_X10_Y0,3034.725129,15.994935,163.725129,445.322847,2871.0,3316.322847,25,0.299995,0.189314,1772649243.610057
FP000080,L0_X14_Y6,L0_X9_Y0,14,L3_X9_Y0,3050.720055,15.994926,179.720055,445.322847,2871.0,3316.322847,25,0.299995,0.189314,1772649243.610057
FP000080,L0_X14_Y6,L0_X9_Y0,15,L2_X9_Y0,3051.939255,1.2192,180.939255,445.322847,2871.0,3316.322847,25,0.299995,0.189314,1772649243.610057
FP000080,L0_X14_Y6,L0_X9_Y0,16,L1_X9_Y0,3053.158455,1.2192,182.158455,445.322847,2871.0,3316.322847,25,0.299995,0.189314,1772649243.610057
FP000080,L0_X14_Y6,L0_X9_Y0,17,L0_X9_Y0,3054.377655,1.2192,183.377655,445.322847,2871.0,3316.322847,25,0.299995,0.189314,1772649243.610057
FP000080,L0_X14_Y6,L0_X9_Y0,18,L0_X9_Y0,3114.377655,60.0,243.377655,445.322847,2871.0,3316.322847,25,0.299995,0.189314,1772649243.610057
FP000080,L0_X14_Y6,L0_X9_Y0,19,L1_X9_Y0,3136.596855,22.2192,265.596855,445.322847,2871.0,3316.322847,25,0.299995,0.189314,1772649243.610057
FP000080,L0_X14_Y6,L0_X9_Y0,20,L2_X9_Y0,3137.816055,1.2192,266.816055,445.322847,2871.0,3316.322847,25,0.299995,0.189314,1772649243.610057
FP000080,L0_X14_Y6,L0_X9_Y0,21,L2_X10_Y0,3153.810981,15.994926,282.810981,445.322847,2871.0,3316.322847,25,0.299995,0.189314,1772649243.610057
FP000080,L0_X14_Y6,L0_X9_Y0,22,L2_X10_Y1,3169.8286,16.017618,298.8286,445.322847,2871.0,3316.322847,25,0.299995,0.189314,1772649243.610057
FP000080,L0_X14_Y6,L0_X9_Y0,23,L2_X10_Y2,3185.846214,16.017614,314.846214,445.322847,2871.0,3316.322847,25,0.299995,0.189314,1772649243.610057
FP000080,L0_X14_Y6,L0_X9_Y0,24,L2_X11_Y2,3201.84114,15.994926,330.84114,445.322847,2871.0,3316.322847,25,0.299995,0.189314,1772649243.610057
FP000080,L0_X14_Y6,L0_X9_Y0,25,L2_X12_Y2,3217.836075,15.994935,346.836075,445.322847,2871.0,3316.322847,25,0.299995,0.189314,1772649243.610057
FP000080,L0_X14_Y6,L0_X9_Y0,26,L2_X13_Y2,3233.831019,15.994944,362.831019,445.322847,2871.0,3316.322847,25,0.299995,0.189314,1772649243.610057
FP000080,L0_X14_Y6,L0_X9_Y0,27,L2_X14_Y2,3249.825971,15.994952,378.825971,445.322847,2871.0,3316.322847,25,0.299995,0.189314,1772649243.610057
FP000080,L0_X14_Y6,L0_X9_Y0,28,L2_X14_Y3,3265.840596,16.014625,394.840596,445.322847,2871.0,3316.322847,25,0.299995,0.189314,1772649243.610057
FP000080,L0_X14_Y6,L0_X9_Y0,29,L2_X14_Y4,3281.855217,16.014621,410.855217,445.322847,2871.0,3316.322847,25,0.299995,0.189314,1772649243.610057
FP000080,L0_X14_Y6,L0_X9_Y0,30,L2_X14_Y5,3297.869834,16.014617,426.869834,445.322847,2871.0,3316.322847,25,0.299995,0.189314,1772649243.610057
FP000080,L0_X14_Y6,L0_X9_Y0,31,L2_X14_Y6,3313.884447,16.014613,442.884447,445.322847,2871.0,3316.322847,25,0.299995,0.189314,1772649243.610057
FP000080,L0_X14_Y6,L0_X9_Y0,32,L1_X14_Y6,3315.103647,1.2192,444.103647,445.322847,2871.0,3316.322847,25,0.299995,0.189314,1772649243.610057
FP000080,L0_X14_Y6,L0_X9_Y0,33,L0_X14_Y6,3316.322847,1.2192,445.322847,445.322847,2871.0,3316.322847,25,0.299995,0.189314,1772649243.610057
FP000081,L0_X14_Y6,L0_X5_Y4,0,L0_X14_Y6,2892.0,0.0,0.0,446.158829,2891.0,3337.158829,25,0.245924,0.338626,1772649243.894757
FP000081,L0_X14_Y6,L0_X5_Y4,1,L1_X14_Y6,2893.2192,1.2192,2.2192,446.158829,2891.0,3337.158829,25,0.245924,0.338626,1772649243.894757
FP000081,L0_X14_Y6,L0_X5_Y4,2,L2_X14_Y6,2894.4384,1.2192,3.4384,446.158829,2891.0,3337.158829,25,0.245924,0.338626,1772649243.894757
FP000081,L0_X14_Y6,L0_X5_Y4,3,L2_X14_Y5,2910.453013,16.014613,19.453013,446.158829,2891.0,3337.158829,25,0.245924,0.338626,1772649243.894757
FP000081,L0_X14_Y6,L0_X5_Y4,4,L1_X14_Y5,2911.672213,1.2192,20.672213,446.158829,2891.0,3337.158829,25,0.245924,0.338626,1772649243.894757
FP000081,L0_X14_Y6,L0_X5_Y4,5,L1_X14_Y4,2927.686829,16.014617,36.686829,446.158829,2891.0,3337.158829,25,0.245924,0.338626,1772649243.894757
FP000081,L0_X14_Y6,L0_X5_Y4,6,L1_X13_Y4,2943.681773,15.994944,52.681773,446.158829,2891.0,3337.158829,25,0.245924,0.338626,1772649243.894757
FP000081,L0_X14_Y6,L0_X5_Y4,7,L1_X12_Y4,2959.676709,15.994935,68.676709,446.158829,2891.0,3337.158829,25,0.245924,0.338626,1772649243.894757
FP000081,L0_X14_Y6,L0_X5_Y4,8,L1_X11_Y4,2975.671635,15.994927,84.671635,446.158829,2891.0,3337.158829,25,0.245924,0.338626,1772649243.894757
FP000081,L0_X14_Y6,L0_X5_Y4,9,L1_X10_Y4,2991.666554,15.994918,100.666554,446.158829,2891.0,3337.158829,25,0.245924,0.338626,1772649243.894757
FP000081,L0_X14_Y6,L0_X5_Y4,10,L1_X9_Y4,3007.661463,15.994909,116.661463,446.158829,2891.0,3337.158829,25,0.245924,0.338626,1772649243.894757
FP000081,L0_X14_Y6,L0_X5_Y4,11,L1_X8_Y4,3023.656364,15.994901,132.656364,446.158829,2891.0,3337.158829,25,0.245924,0.338626,1772649243.894757
FP000081,L0_X14_Y6,L0_X5_Y4,12,L1_X7_Y4,3039.651256,15.994892,148.651256,446.158829,2891.0,3337.158829,25,0.245924,0.338626,1772649243.894757
FP000081,L0_X14_Y6,L0_X5_Y4,13,L1_X6_Y4,3055.64614,15.994884,164.64614,446.158829,2891.0,3337.158829,25,0.245924,0.338626,1772649243.894757
FP000081,L0_X14_Y6,L0_X5_Y4,14,L1_X5_Y4,3071.641015,15.994875,180.641015,446.158829,2891.0,3337.158829,25,0.245924,0.338626,1772649243.894757
FP000081,L0_X14_Y6,L0_X5_Y4,15,L0_X5_Y4,3072.860215,1.2192,181.860215,446.158829,2891.0,3337.158829,25,0.245924,0.338626,1772649243.894757
FP000081,L0_X14_Y6,L0_X5_Y4,16,L0_X5_Y4,3132.860215,60.0,241.860215,446.158829,2891.0,3337.158829,25,0.245924,0.338626,1772649243.894757
FP000081,L0_X14_Y6,L0_X5_Y4,17,L1_X5_Y4,3155.079415,22.2192,264.079415,446.158829,2891.0,3337.158829,25,0.245924,0.338626,1772649243.894757
FP000081,L0_X14_Y6,L0_X5_Y4,18,L1_X6_Y4,3171.07429,15.994875,280.07429,446.158829,2891.0,3337.158829,25,0.245924,0.338626,1772649243.894757
FP000081,L0_X14_Y6,L0_X5_Y4,19,L1_X7_Y4,3187.069173,15.994884,296.069173,446.158829,2891.0,3337.158829,25,0.245924,0.338626,1772649243.894757
FP000081,L0_X14_Y6,L0_X5_Y4,20,L1_X8_Y4,3203.064065,15.994892,312.064065,446.158829,2891.0,3337.158829,25,0.245924,0.338626,1772649243.894757
FP000081,L0_X14_Y6,L0_X5_Y4,21,L1_X9_Y4,3219.058966,15.994901,328.058966,446.158829,2891.0,3337.158829,25,0.245924,0.338626,1772649243.894757
FP000081,L0_X14_Y6,L0_X5_Y4,22,L1_X10_Y4,3235.053876,15.994909,344.053876,446.158829,2891.0,3337.158829,25,0.245924,0.338626,1772649243.894757
FP000081,L0_X14_Y6,L0_X5_Y4,23,L1_X11_Y4,3251.048794,15.994918,360.048794,446.158829,2891.0,3337.158829,25,0.245924,0.338626,1772649243.894757
FP000081,L0_X14_Y6,L0_X5_Y4,24,L1_X12_Y4,3267.04372,15.994927,376.04372,446.158829,2891.0,3337.158829,25,0.245924,0.338626,1772649243.894757
FP000081,L0_X14_Y6,L0_X5_Y4,25,L2_X12_Y4,3268.26292,1.2192,377.26292,446.158829,2891.0,3337.158829,25,0.245924,0.338626,1772649243.894757
FP000081,L0_X14_Y6,L0_X5_Y4,26,L3_X12_Y4,3269.48212,1.2192,378.48212,446.158829,2891.0,3337.158829,25,0.245924,0.338626,1772649243.894757
FP000081,L0_X14_Y6,L0_X5_Y4,27,L2_X12_Y4,3270.70132,1.2192,379.70132,446.158829,2891.0,3337.158829,25,0.245924,0.338626,1772649243.894757
FP000081,L0_X14_Y6,L0_X5_Y4,28,L2_X13_Y4,3286.696256,15.994935,395.696256,446.158829,2891.0,3337.158829,25,0.245924,0.338626,1772649243.894757
FP000081,L0_X14_Y6,L0_X5_Y4,29,L2_X14_Y4,3302.6912,15.994944,411.6912,446.158829,2891.0,3337.158829,25,0.245924,0.338626,1772649243.894757
FP000081,L0_X14_Y6,L0_X5_Y4,30,L2_X14_Y5,3318.705816,16.014617,427.705816,446.158829,2891.0,3337.158829,25,0.245924,0.338626,1772649243.894757
FP000081,L0_X14_Y6,L0_X5_Y4,31,L2_X14_Y6,3334.720429,16.014613,443.720429,446.158829,2891.0,3337.158829,25,0.245924,0.338626,1772649243.894757
FP000081,L0_X14_Y6,L0_X5_Y4,32,L1_X14_Y6,3335.939629,1.2192,444.939629,446.158829,2891.0,3337.158829,25,0.245924,0.338626,1772649243.894757
FP000081,L0_X14_Y6,L0_X5_Y4,33,L0_X14_Y6,3337.158829,1.2192,446.158829,446.158829,2891.0,3337.158829,25,0.245924,0.338626,1772649243.894757
FP000084,L0_X14_Y6,L0_X1_Y3,0,L0_X14_Y6,2981.0,0.0,0.0,633.708607,2950.0,3583.708607,25,0.183815,0.002514,1772649244.133158
FP000084,L0_X14_Y6,L0_X1_Y3,1,L1_X14_Y6,2982.2192,1.2192,32.2192,633.708607,2950.0,3583.708607,25,0.183815,0.002514,1772649244.133158
FP000084,L0_X14_Y6,L0_X1_Y3,2,L2_X14_Y6,2983.4384,1.2192,33.4384,633.708607,2950.0,3583.708607,25,0.183815,0.002514,1772649244.133158
FP000084,L0_X14_Y6,L0_X1_Y3,3,L2_X14_Y5,2999.453013,16.014613,49.453013,633.708607,2950.0,3583.708607,25,0.183815,0.002514,1772649244.133158
FP000084,L0_X14_Y6,L0_X1_Y3,4,L2_X14_Y4,3015.467629,16.014617,65.467629,633.708607,2950.0,3583.708607,25,0.183815,0.002514,1772649244.133158
FP000084,L0_X14_Y6,L0_X1_Y3,5,L2_X14_Y3,3031.48225,16.014621,81.48225,633.708607,2950.0,3583.708607,25,0.183815,0.002514,1772649244.133158
FP000084,L0_X14_Y6,L0_X1_Y3,6,L2_X13_Y3,3047.477198,15.994948,97.477198,633.708607,2950.0,3583.708607,25,0.183815,0.002514,1772649244.133158
FP000084,L0_X14_Y6,L0_X1_Y3,7,L2_X12_Y3,3063.472138,15.99494,113.472138,633.708607,2950.0,3583.708607,25,0.183815,0.002514,1772649244.133158
FP000084,L0_X14_Y6,L0_X1_Y3,8,L2_X11_Y3,3079.467069,15.994931,129.467069,633.708607,2950.0,3583.708607,25,0.183815,0.002514,1772649244.133158
FP000084,L0_X14_Y6,L0_X1_Y3,9,L2_X10_Y3,3095.461991,15.994922,145.461991,633.708607,2950.0,3583.708607,25,0.183815,0.002514,1772649244.133158
FP000084,L0_X14_Y6,L0_X1_Y3,10,L2_X9_Y3,3111.456905,15.994914,161.456905,633.708607,2950.0,3583.708607,25,0.183815,0.002514,1772649244.133158
FP000084,L0_X14_Y6,L0_X1_Y3,11,L2_X8_Y3,3127.45181,15.994905,177.45181,633.708607,2950.0,3583.708607,25,0.183815,0.002514,1772649244.133158
FP000084,L0_X14_Y6,L0_X1_Y3,12,L2_X7_Y3,3143.446706,15.994896,193.446706,633.708607,2950.0,3583.708607,25,0.183815,0.002514,1772649244.133158
FP000084,L0_X14_Y6,L0_X1_Y3,13,L2_X6_Y3,3159.441594,15.994888,209.441594,633.708607,2950.0,3583.708607,25,0.183815,0.002514,1772649244.133158
FP000084,L0_X14_Y6,L0_X1_Y3,14,L2_X5_Y3,3175.436473,15.994879,225.436473,633.708607,2950.0,3583.708607,25,0.183815,0.002514,1772649244.133158
FP000084,L0_X14_Y6,L0_X1_Y3,15,L2_X4_Y3,3191.431344,15.994871,241.431344,633.708607,2950.0,3583.708607,25,0.183815,0.002514,1772649244.133158
FP000084,L0_X14_Y6,L0_X1_Y3,16,L2_X3_Y3,3207.426206,15.994862,257.426206,633.708607,2950.0,3583.708607,25,0.183815,0.002514,1772649244.133158
FP000084,L0_X14_Y6,L0_X1_Y3,17,L2_X2_Y3,3223.421059,15.994853,273.421059,633.708607,2950.0,3583.708607,25,0.183815,0.002514,1772649244.133158
FP000084,L0_X14_Y6,L0_X1_Y3,18,L2_X1_Y3,3239.415903,15.994845,289.415903,633.708607,2950.0,3583.708607,25,0.183815,0.002514,1772649244.133158
FP000084,L0_X14_Y6,L0_X1_Y3,19,L1_X1_Y3,3240.635103,1.2192,290.635103,633.708607,2950.0,3583.708607,25,0.183815,0.002514,1772649244.133158
FP000084,L0_X14_Y6,L0_X1_Y3,20,L0_X1_Y3,3241.854303,1.2192,291.854303,633.708607,2950.0,3583.708607,25,0.183815,0.002514,1772649244.133158
FP000084,L0_X14_Y6,L0_X1_Y3,21,L0_X1_Y3,3301.854303,60.0,351.854303,633.708607,2950.0,3583.708607,25,0.183815,0.002514,1772649244.133158
FP000084,L0_X14_Y6,L0_X1_Y3,22,L1_X1_Y3,3324.073503,22.2192,374.073503,633.708607,2950.0,3583.708607,25,0.183815,0.002514,1772649244.133158
FP000084,L0_X14_Y6,L0_X1_Y3,23,L2_X1_Y3,3325.292703,1.2192,375.292703,633.708607,2950.0,3583.708607,25,0.183815,0.002514,1772649244.133158
FP000084,L0_X14_Y6,L0_X1_Y3,24,L2_X2_Y3,3341.287548,15.994845,391.287548,633.708607,2950.0,3583.708607,25,0.183815,0.002514,1772649244.133158
FP000084,L0_X14_Y6,L0_X1_Y3,25,L2_X3_Y3,3357.282401,15.994853,407.282401,633.708607,2950.0,3583.708607,25,0.183815,0.002514,1772649244.133158
FP000084,L0_X14_Y6,L0_X1_Y3,26,L2_X4_Y3,3373.277263,15.994862,423.277263,633.708607,2950.0,3583.708607,25,0.183815,0.002514,1772649244.133158
FP000084,L0_X14_Y6,L0_X1_Y3,27,L2_X5_Y3,3389.272134,15.994871,439.272134,633.708607,2950.0,3583.708607,25,0.183815,0.002514,1772649244.133158
FP000084,L0_X14_Y6,L0_X1_Y3,28,L2_X6_Y3,3405.267013,15.994879,455.267013,633.708607,2950.0,3583.708607,25,0.183815,0.002514,1772649244.133158
FP000084,L0_X14_Y6,L0_X1_Y3,29,L2_X7_Y3,3421.261901,15.994888,471.261901,633.708607,2950.0,3583.708607,25,0.183815,0.002514,1772649244.133158
FP000084,L0_X14_Y6,L0_X1_Y3,30,L2_X8_Y3,3437.256797,15.994896,487.256797,633.708607,2950.0,3583.708607,25,0.183815,0.002514,1772649244.133158
FP000084,L0_X14_Y6,L0_X1_Y3,31,L2_X9_Y3,3453.251702,15.994905,503.251702,633.708607,2950.0,3583.708607,25,0.183815,0.002514,1772649244.133158
FP000084,L0_X14_Y6,L0_X1_Y3,32,L2_X10_Y3,3469.246616,15.994914,519.246616,633.708607,2950.0,3583.708607,25,0.183815,0.002514,1772649244.133158
FP000084,L0_X14_Y6,L0_X1_Y3,33,L2_X11_Y3,3485.241538,15.994922,535.241538,633.708607,2950.0,3583.708607,25,0.183815,0.002514,1772649244.133158
FP000084,L0_X14_Y6,L0_X1_Y3,34,L2_X12_Y3,3501.236469,15.994931,551.236469,633.708607,2950.0,3583.708607,25,0.183815,0.002514,1772649244.133158
FP000084,L0_X14_Y6,L0_X1_Y3,35,L2_X13_Y3,3517.231408,15.99494,567.231408,633.708607,2950.0,3583.708607,25,0.183815,0.002514,1772649244.133158
FP000084,L0_X14_Y6,L0_X1_Y3,36,L2_X14_Y3,3533.226357,15.994948,583.226357,633.708607,2950.0,3583.708607,25,0.183815,0.002514,1772649244.133158
FP000084,L0_X14_Y6,L0_X1_Y3,37,L2_X14_Y4,3549.240977,16.014621,599.240977,633.708607,2950.0,3583.708607,25,0.183815,0.002514,1772649244.133158
FP000084,L0_X14_Y6,L0_X1_Y3,38,L2_X14_Y5,3565.255594,16.014617,615.255594,633.708607,2950.0,3583.708607,25,0.183815,0.002514,1772649244.133158
FP000084,L0_X14_Y6,L0_X1_Y3,39,L2_X14_Y6,3581.270207,16.014613,631.270207,633.708607,2950.0,3583.708607,25,0.183815,0.002514,1772649244.133158
FP000084,L0_X14_Y6,L0_X1_Y3,40,L1_X14_Y6,3582.489407,1.2192,632.489407,633.708607,2950.0,3583.708607,25,0.183815,0.002514,1772649244.133158
FP000084,L0_X14_Y6,L0_X1_Y3,41,L0_X14_Y6,3583.708607,1.2192,633.708607,633.708607,2950.0,3583.708607,25,0.183815,0.002514,1772649244.133158
FP000085,L0_X0_Y2,L0_X5_Y4,0,L0_X0_Y2,2982.0,0.0,0.0,343.787522,2953.0,3296.787522,25,0.063208,0.235104,1772649244.249647
FP000085,L0_X0_Y2,L0_X5_Y4,1,L1_X0_Y2,2983.2192,1.2192,30.2192,343.787522,2953.0,3296.787522,25,0.063208,0.235104,1772649244.249647
FP000085,L0_X0_Y2,L0_X5_Y4,2,L2_X0_Y2,2984.4384,1.2192,31.4384,343.787522,2953.0,3296.787522,25,0.063208,0.235104,1772649244.249647
FP000085,L0_X0_Y2,L0_X5_Y4,3,L2_X1_Y2,3000.43324,15.99484,47.43324,343.787522,2953.0,3296.787522,25,0.063208,0.235104,1772649244.249647
FP000085,L0_X0_Y2,L0_X5_Y4,4,L2_X2_Y2,3016.428089,15.994849,63.428089,343.787522,2953.0,3296.787522,25,0.063208,0.235104,1772649244.249647
FP000085,L0_X0_Y2,L0_X5_Y4,5,L2_X3_Y2,3032.422946,15.994857,79.422946,343.787522,2953.0,3296.787522,25,0.063208,0.235104,1772649244.249647
FP000085,L0_X0_Y2,L0_X5_Y4,6,L2_X4_Y2,3048.417812,15.994866,95.417812,343.787522,2953.0,3296.787522,25,0.063208,0.235104,1772649244.249647
FP000085,L0_X0_Y2,L0_X5_Y4,7,L2_X5_Y2,3064.412687,15.994875,111.412687,343.787522,2953.0,3296.787522,25,0.063208,0.235104,1772649244.249647
FP000085,L0_X0_Y2,L0_X5_Y4,8,L2_X5_Y3,3080.434026,16.021339,127.434026,343.787522,2953.0,3296.787522,25,0.063208,0.235104,1772649244.249647
FP000085,L0_X0_Y2,L0_X5_Y4,9,L2_X5_Y4,3096.455361,16.021334,143.455361,343.787522,2953.0,3296.787522,25,0.063208,0.235104,1772649244.249647
FP000085,L0_X0_Y2,L0_X5_Y4,10,L1_X5_Y4,3097.674561,1.2192,144.674561,343.787522,2953.0,3296.787522,25,0.063208,0.235104,1772649244.249647
FP000085,L0_X0_Y2,L0_X5_Y4,11,L0_X5_Y4,3098.893761,1.2192,145.893761,343.787522,2953.0,3296.787522,25,0.063208,0.235104,1772649244.249647
FP000085,L0_X0_Y2,L0_X5_Y4,12,L0_X5_Y4,3158.893761,60.0,205.893761,343.787522,2953.0,3296.787522,25,0.063208,0.235104,1772649244.249647
FP000085,L0_X0_Y2,L0_X5_Y4,13,L1_X5_Y4,3181.112961,22.2192,228.112961,343.787522,2953.0,3296.787522,25,0.063208,0.235104,1772649244.249647
FP000085,L0_X0_Y2,L0_X5_Y4,14,L1_X5_Y3,3197.134295,16.021334,244.134295,343.787522,2953.0,3296.787522,25,0.063208,0.235104,1772649244.249647
FP000085,L0_X0_Y2,L0_X5_Y4,15,L2_X5_Y3,3198.353495,1.2192,245.353495,343.787522,2953.0,3296.787522,25,0.063208,0.235104,1772649244.249647
FP000085,L0_X0_Y2,L0_X5_Y4,16,L2_X5_Y2,3214.374834,16.021339,261.374834,343.787522,2953.0,3296.787522,25,0.063208,0.235104,1772649244.249647
FP000085,L0_X0_Y2,L0_X5_Y4,17,L2_X4_Y2,3230.369709,15.994875,277.369709,343.787522,2953.0,3296.787522,25,0.063208,0.235104,1772649244.249647
FP000085,L0_X0_Y2,L0_X5_Y4,18,L2_X3_Y2,3246.364575,15.994866,293.364575,343.787522,2953.0,3296.787522,25,0.063208,0.235104,1772649244.249647
FP000085,L0_X0_Y2,L0_X5_Y4,19,L2_X2_Y2,3262.359433,15.994857,309.359433,343.787522,2953.0,3296.787522,25,0.063208,0.235104,1772649244.249647
FP000085,L0_X0_Y2,L0_X5_Y4,20,L2_X1_Y2,3278.354281,15.994849,325.354281,343.787522,2953.0,3296.787522,25,0.063208,0.235104,1772649244.249647
FP000085,L0_X0_Y2,L0_X5_Y4,21,L2_X0_Y2,3294.349122,15.99484,341.349122,343.787522,2953.0,3296.787522,25,0.063208,0.235104,1772649244.249647
FP000085,L0_X0_Y2,L0_X5_Y4,22,L1_X0_Y2,3295.568322,1.2192,342.568322,343.787522,2953.0,3296.787522,25,0.063208,0.235104,1772649244.249647
FP000085,L0_X0_Y2,L0_X5_Y4,23,L0_X0_Y2,3296.787522,1.2192,343.787522,343.787522,2953.0,3296.787522,25,0.063208,0.235104,1772649244.249647
FP000086,L0_X14_Y6,L0_X13_Y5,0,L0_X14_Y6,3002.0,0.0,0.0,181.772705,2975.0,3156.772705,25,0.013703,0.097317,1772649244.297458
FP000086,L0_X14_Y6,L0_X13_Y5,1,L1_X14_Y6,3003.2192,1.2192,28.2192,181.772705,2975.0,3156.772705,25,0.013703,0.097317,1772649244.297458
FP000086,L0_X14_Y6,L0_X13_Y5,2,L2_X14_Y6,3004.4384,1.2192,29.4384,181.772705,2975.0,3156.772705,25,0.013703,0.097317,1772649244.297458
FP000086,L0_X14_Y6,L0_X13_Y5,3,L2_X14_Y5,3020.453013,16.014613,45.453013,181.772705,2975.0,3156.772705,25,0.013703,0.097317,1772649244.297458
FP000086,L0_X14_Y6,L0_X13_Y5,4,L2_X13_Y5,3036.447952,15.99494,61.447952,181.772705,2975.0,3156.772705,25,0.013703,0.097317,1772649244.297458
FP000086,L0_X14_Y6,L0_X13_Y5,5,L1_X13_Y5,3037.667152,1.2192,62.667152,181.772705,2975.0,3156.772705,25,0.013703,0.097317,1772649244.297458
FP000086,L0_X14_Y6,L0_X13_Y5,6,L0_X13_Y5,3038.886352,1.2192,63.886352,181.772705,2975.0,3156.772705,25,0.013703,0.097317,1772649244.297458
FP000086,L0_X14_Y6,L0_X13_Y5,7,L0_X13_Y5,3098.886352,60.0,123.886352,181.772705,2975.0,3156.772705,25,0.013703,0.097317,1772649244.297458
FP000086,L0_X14_Y6,L0_X13_Y5,8,L1_X13_Y5,3121.105552,22.2192,146.105552,181.772705,2975.0,3156.772705,25,0.013703,0.097317,1772649244.297458
FP000086,L0_X14_Y6,L0_X13_Y5,9,L2_X13_Y5,3122.324752,1.2192,147.324752,181.772705,2975.0,3156.772705,25,0.013703,0.097317,1772649244.297458
FP000086,L0_X14_Y6,L0_X13_Y5,10,L2_X14_Y5,3138.319692,15.99494,163.319692,181.772705,2975.0,3156.772705,25,0.013703,0.097317,1772649244.297458
FP000086,L0_X14_Y6,L0_X13_Y5,11,L2_X14_Y6,3154.334305,16.014613,179.334305,181.772705,2975.0,3156.772705,25,0.013703,0.097317,1772649244.297458
FP000086,L0_X14_Y6,L0_X13_Y5,12,L1_X14_Y6,3155.553505,1.2192,180.553505,181.772705,2975.0,3156.772705,25,0.013703,0.097317,1772649244.297458
FP000086,L0_X14_Y6,L0_X13_Y5,13,L0_X14_Y6,3156.772705,1.2192,181.772705,181.772705,2975.0,3156.772705,25,0.013703,0.097317,1772649244.297458
FP000087,L0_X0_Y2,L0_X6_Y6,0,L0_X0_Y2,3048.0,0.0,0.0,410.859598,3048.0,3458.859598,25,0.103341,0.036261,1772649244.425356
FP000087,L0_X0_Y2,L0_X6_Y6,1,L1_X0_Y2,3049.2192,1.2192,1.2192,410.859598,3048.0,3458.859598,25,0.103341,0.036261,1772649244.425356
FP000087,L0_X0_Y2,L0_X6_Y6,2,L2_X0_Y2,3050.4384,1.2192,2.4384,410.859598,3048.0,3458.859598,25,0.103341,0.036261,1772649244.425356
FP000087,L0_X0_Y2,L0_X6_Y6,3,L2_X1_Y2,3066.43324,15.99484,18.43324,410.859598,3048.0,3458.859598,25,0.103341,0.036261,1772649244.425356
FP000087,L0_X0_Y2,L0_X6_Y6,4,L2_X2_Y2,3082.428089,15.994849,34.428089,410.859598,3048.0,3458.859598,25,0.103341,0.036261,1772649244.425356
FP000087,L0_X0_Y2,L0_X6_Y6,5,L2_X3_Y2,3098.422946,15.994857,50.422946,410.859598,3048.0,3458.859598,25,0.103341,0.036261,1772649244.425356
FP000087,L0_X0_Y2,L0_X6_Y6,6,L2_X3_Y3,3114.445777,16.022831,66.445777,410.859598,3048.0,3458.859598,25,0.103341,0.036261,1772649244.425356
FP000087,L0_X0_Y2,L0_X6_Y6,7,L2_X4_Y3,3130.440639,15.994862,82.440639,410.859598,3048.0,3458.859598,25,0.103341,0.036261,1772649244.425356
FP000087,L0_X0_Y2,L0_X6_Y6,8,L2_X5_Y3,3146.435509,15.994871,98.435509,410.859598,3048.0,3458.859598,25,0.103341,0.036261,1772649244.425356
FP000087,L0_X0_Y2,L0_X6_Y6,9,L2_X5_Y4,3162.456844,16.021334,114.456844,410.859598,3048.0,3458.859598,25,0.103341,0.036261,1772649244.425356
FP000087,L0_X0_Y2,L0_X6_Y6,10,L2_X6_Y4,3178.451719,15.994875,130.451719,410.859598,3048.0,3458.859598,25,0.103341,0.036261,1772649244.425356
FP000087,L0_X0_Y2,L0_X6_Y6,11,L2_X6_Y5,3194.472303,16.020584,146.472303,410.859598,3048.0,3458.859598,25,0.103341,0.036261,1772649244.425356
FP000087,L0_X0_Y2,L0_X6_Y6,12,L2_X6_Y6,3210.492882,16.020579,162.492882,410.859598,3048.0,3458.859598,25,0.103341,0.036261,1772649244.425356
FP000087,L0_X0_Y2,L0_X6_Y6,13,L1_X6_Y6,3211.712082,1.2192,163.712082,410.859598,3048.0,3458.859598,25,0.103341,0.036261,1772649244.425356
FP000087,L0_X0_Y2,L0_X6_Y6,14,L0_X6_Y6,3212.931282,1.2192,164.931282,410.859598,3048.0,3458.859598,25,0.103341,0.036261,1772649244.425356
FP000087,L0_X0_Y2,L0_X6_Y6,15,L0_X6_Y6,3272.931282,60.0,224.931282,410.859598,3048.0,3458.859598,25,0.103341,0.036261,1772649244.425356
FP000087,L0_X0_Y2,L0_X6_Y6,16,L1_X6_Y6,3295.150482,22.2192,247.150482,410.859598,3048.0,3458.859598,25,0.103341,0.036261,1772649244.425356
FP000087,L0_X0_Y2,L0_X6_Y6,17,L2_X6_Y6,3296.369682,1.2192,248.369682,410.859598,3048.0,3458.859598,25,0.103341,0.036261,1772649244.425356
FP000087,L0_X0_Y2,L0_X6_Y6,18,L2_X6_Y5,3312.390262,16.020579,264.390262,410.859598,3048.0,3458.859598,25,0.103341,0.036261,1772649244.425356
FP000087,L0_X0_Y2,L0_X6_Y6,19,L2_X6_Y4,3328.410846,16.020584,280.410846,410.859598,3048.0,3458.859598,25,0.103341,0.036261,1772649244.425356
FP000087,L0_X0_Y2,L0_X6_Y6,20,L2_X6_Y3,3344.431435,16.020589,296.431435,410.859598,3048.0,3458.859598,25,0.103341,0.036261,1772649244.425356
FP000087,L0_X0_Y2,L0_X6_Y6,21,L2_X6_Y2,3360.452028,16.020593,312.452028,410.859598,3048.0,3458.859598,25,0.103341,0.036261,1772649244.425356
FP000087,L0_X0_Y2,L0_X6_Y6,22,L2_X5_Y2,3376.446911,15.994883,328.446911,410.859598,3048.0,3458.859598,25,0.103341,0.036261,1772649244.425356
FP000087,L0_X0_Y2,L0_X6_Y6,23,L2_X4_Y2,3392.441786,15.994875,344.441786,410.859598,3048.0,3458.859598,25,0.103341,0.036261,1772649244.425356
FP000087,L0_X0_Y2,L0_X6_Y6,24,L2_X3_Y2,3408.436652,15.994866,360.436652,410.859598,3048.0,3458.859598,25,0.103341,0.036261,1772649244.425356
FP000087,L0_X0_Y2,L0_X6_Y6,25,L2_X2_Y2,3424.43151,15.994857,376.43151,410.859598,3048.0,3458.859598,25,0.103341,0.036261,1772649244.425356
FP000087,L0_X0_Y2,L0_X6_Y6,26,L2_X1_Y2,3440.426358,15.994849,392.426358,410.859598,3048.0,3458.859598,25,0.103341,0.036261,1772649244.425356
FP000087,L0_X0_Y2,L0_X6_Y6,27,L2_X0_Y2,3456.421198,15.99484,408.421198,410.859598,3048.0,3458.859598,25,0.103341,0.036261,1772649244.425356
FP000087,L0_X0_Y2,L0_X6_Y6,28,L1_X0_Y2,3457.640398,1.2192,409.640398,410.859598,3048.0,3458.859598,25,0.103341,0.036261,1772649244.425356
FP000087,L0_X0_Y2,L0_X6_Y6,29,L0_X0_Y2,3458.859598,1.2192,410.859598,410.859598,3048.0,3458.859598,25,0.103341,0.036261,1772649244.425356
FP000088,L0_X14_Y6,L0_X6_Y4,0,L0_X14_Y6,3089.0,0.0,0.0,410.730679,3089.0,3499.730679,25,0.115304,0.136463,1772649244.57278
FP000088,L0_X14_Y6,L0_X6_Y4,1,L1_X14_Y6,3090.2192,1.2192,1.2192,410.730679,3089.0,3499.730679,25,0.115304,0.136463,1772649244.57278
FP000088,L0_X14_Y6,L0_X6_Y4,2,L2_X14_Y6,3091.4384,1.2192,2.4384,410.730679,3089.0,3499.730679,25,0.115304,0.136463,1772649244.57278
FP000088,L0_X14_Y6,L0_X6_Y4,3,L2_X14_Y5,3107.453013,16.014613,18.453013,410.730679,3089.0,3499.730679,25,0.115304,0.136463,1772649244.57278
FP000088,L0_X14_Y6,L0_X6_Y4,4,L2_X14_Y4,3123.467629,16.014617,34.467629,410.730679,3089.0,3499.730679,25,0.115304,0.136463,1772649244.57278
FP000088,L0_X14_Y6,L0_X6_Y4,5,L2_X13_Y4,3139.462573,15.994944,50.462573,410.730679,3089.0,3499.730679,25,0.115304,0.136463,1772649244.57278
FP000088,L0_X14_Y6,L0_X6_Y4,6,L2_X12_Y4,3155.457509,15.994935,66.457509,410.730679,3089.0,3499.730679,25,0.115304,0.136463,1772649244.57278
FP000088,L0_X14_Y6,L0_X6_Y4,7,L2_X11_Y4,3171.452435,15.994927,82.452435,410.730679,3089.0,3499.730679,25,0.115304,0.136463,1772649244.57278
FP000088,L0_X14_Y6,L0_X6_Y4,8,L2_X10_Y4,3187.447354,15.994918,98.447354,410.730679,3089.0,3499.730679,25,0.115304,0.136463,1772649244.57278
FP000088,L0_X14_Y6,L0_X6_Y4,9,L2_X9_Y4,3203.442263,15.994909,114.442263,410.730679,3089.0,3499.730679,25,0.115304,0.136463,1772649244.57278
FP000088,L0_X14_Y6,L0_X6_Y4,10,L2_X8_Y4,3219.437164,15.994901,130.437164,410.730679,3089.0,3499.730679,25,0.115304,0.136463,1772649244.57278
FP000088,L0_X14_Y6,L0_X6_Y4,11,L2_X7_Y4,3235.432056,15.994892,146.432056,410.730679,3089.0,3499.730679,25,0.115304,0.136463,1772649244.57278
FP000088,L0_X14_Y6,L0_X6_Y4,12,L2_X6_Y4,3251.42694,15.994884,162.42694,410.730679,3089.0,3499.730679,25,0.115304,0.136463,1772649244.57278
FP000088,L0_X14_Y6,L0_X6_Y4,13,L1_X6_Y4,3252.64614,1.2192,163.64614,410.730679,3089.0,3499.730679,25,0.115304,0.136463,1772649244.57278
FP000088,L0_X14_Y6,L0_X6_Y4,14,L0_X6_Y4,3253.86534,1.2192,164.86534,410.730679,3089.0,3499.730679,25,0.115304,0.136463,1772649244.57278
FP000088,L0_X14_Y6,L0_X6_Y4,15,L0_X6_Y4,3313.86534,60.0,224.86534,410.730679,3089.0,3499.730679,25,0.115304,0.136463,1772649244.57278
FP000088,L0_X14_Y6,L0_X6_Y4,16,L1_X6_Y4,3336.08454,22.2192,247.08454,410.730679,3089.0,3499.730679,25,0.115304,0.136463,1772649244.57278
FP000088,L0_X14_Y6,L0_X6_Y4,17,L1_X7_Y4,3352.079423,15.994884,263.079423,410.730679,3089.0,3499.730679,25,0.115304,0.136463,1772649244.57278
FP000088,L0_X14_Y6,L0_X6_Y4,18,L1_X8_Y4,3368.074315,15.994892,279.074315,410.730679,3089.0,3499.730679,25,0.115304,0.136463,1772649244.57278
FP000088,L0_X14_Y6,L0_X6_Y4,19,L1_X9_Y4,3384.069216,15.994901,295.069216,410.730679,3089.0,3499.730679,25,0.115304,0.136463,1772649244.57278
FP000088,L0_X14_Y6,L0_X6_Y4,20,L1_X10_Y4,3400.064126,15.994909,311.064126,410.730679,3089.0,3499.730679,25,0.115304,0.136463,1772649244.57278
FP000088,L0_X14_Y6,L0_X6_Y4,21,L1_X11_Y4,3416.059044,15.994918,327.059044,410.730679,3089.0,3499.730679,25,0.115304,0.136463,1772649244.57278
FP000088,L0_X14_Y6,L0_X6_Y4,22,L1_X12_Y4,3432.053971,15.994927,343.053971,410.730679,3089.0,3499.730679,25,0.115304,0.136463,1772649244.57278
FP000088,L0_X14_Y6,L0_X6_Y4,23,L1_X13_Y4,3448.048906,15.994935,359.048906,410.730679,3089.0,3499.730679,25,0.115304,0.136463,1772649244.57278
FP000088,L0_X14_Y6,L0_X6_Y4,24,L2_X13_Y4,3449.268106,1.2192,360.268106,410.730679,3089.0,3499.730679,25,0.115304,0.136463,1772649244.57278
FP000088,L0_X14_Y6,L0_X6_Y4,25,L2_X14_Y4,3465.26305,15.994944,376.26305,410.730679,3089.0,3499.730679,25,0.115304,0.136463,1772649244.57278
FP000088,L0_X14_Y6,L0_X6_Y4,26,L2_X14_Y5,3481.277667,16.014617,392.277667,410.730679,3089.0,3499.730679,25,0.115304,0.136463,1772649244.57278
FP000088,L0_X14_Y6,L0_X6_Y4,27,L2_X14_Y6,3497.292279,16.014613,408.292279,410.730679,3089.0,3499.730679,25,0.115304,0.136463,1772649244.57278
FP000088,L0_X14_Y6,L0_X6_Y4,28,L1_X14_Y6,3498.511479,1.2192,409.511479,410.730679,3089.0,3499.730679,25,0.115304,0.136463,1772649244.57278
FP000088,L0_X14_Y6,L0_X6_Y4,29,L0_X14_Y6,3499.730679,1.2192,410.730679,410.730679,3089.0,3499.730679,25,0.115304,0.136463,1772649244.57278
FP000089,L0_X0_Y2,L0_X10_Y6,0,L0_X0_Y2,3091.0,0.0,0.0,541.233372,3091.0,3632.233372,25,0.408339,0.15308,1772649245.020904
FP000089,L0_X0_Y2,L0_X10_Y6,1,L1_X0_Y2,3092.2192,1.2192,1.2192,541.233372,3091.0,3632.233372,25,0.408339,0.15308,1772649245.020904
FP000089,L0_X0_Y2,L0_X10_Y6,2,L2_X0_Y2,3093.4384,1.2192,2.4384,541.233372,3091.0,3632.233372,25,0.408339,0.15308,1772649245.020904
FP000089,L0_X0_Y2,L0_X10_Y6,3,L2_X1_Y2,3109.43324,15.99484,18.43324,541.233372,3091.0,3632.233372,25,0.408339,0.15308,1772649245.020904
FP000089,L0_X0_Y2,L0_X10_Y6,4,L3_X1_Y2,3110.65244,1.2192,19.65244,541.233372,3091.0,3632.233372,25,0.408339,0.15308,1772649245.020904
FP000089,L0_X0_Y2,L0_X10_Y6,5,L3_X2_Y2,3126.647289,15.994849,35.647289,541.233372,3091.0,3632.233372,25,0.408339,0.15308,1772649245.020904
FP000089,L0_X0_Y2,L0_X10_Y6,6,L3_X3_Y2,3142.642146,15.994857,51.642146,541.233372,3091.0,3632.233372,25,0.408339,0.15308,1772649245.020904
FP000089,L0_X0_Y2,L0_X10_Y6,7,L3_X4_Y2,3158.637012,15.994866,67.637012,541.233372,3091.0,3632.233372,25,0.408339,0.15308,1772649245.020904
FP000089,L0_X0_Y2,L0_X10_Y6,8,L3_X5_Y2,3174.631887,15.994875,83.631887,541.233372,3091.0,3632.233372,25,0.408339,0.15308,1772649245.020904
FP000089,L0_X0_Y2,L0_X10_Y6,9,L3_X6_Y2,3190.626771,15.994883,99.626771,541.233372,3091.0,3632.233372,25,0.408339,0.15308,1772649245.020904
FP000089,L0_X0_Y2,L0_X10_Y6,10,L3_X7_Y2,3206.621662,15.994892,115.621662,541.233372,3091.0,3632.233372,25,0.408339,0.15308,1772649245.020904
FP000089,L0_X0_Y2,L0_X10_Y6,11,L3_X8_Y2,3222.616563,15.994901,131.616563,541.233372,3091.0,3632.233372,25,0.408339,0.15308,1772649245.020904
FP000089,L0_X0_Y2,L0_X10_Y6,12,L2_X8_Y2,3223.835763,1.2192,132.835763,541.233372,3091.0,3632.233372,25,0.408339,0.15308,1772649245.020904
FP000089,L0_X0_Y2,L0_X10_Y6,13,L2_X9_Y2,3239.830672,15.994909,148.830672,541.233372,3091.0,3632.233372,25,0.408339,0.15308,1772649245.020904
FP000089,L0_X0_Y2,L0_X10_Y6,14,L2_X10_Y2,3255.82559,15.994918,164.82559,541.233372,3091.0,3632.233372,25,0.408339,0.15308,1772649245.020904
FP000089,L0_X0_Y2,L0_X10_Y6,15,L2_X10_Y3,3271.8432,16.01761,180.8432,541.233372,3091.0,3632.233372,25,0.408339,0.15308,1772649245.020904
FP000089,L0_X0_Y2,L0_X10_Y6,16,L2_X10_Y4,3287.860805,16.017605,196.860805,541.233372,3091.0,3632.233372,25,0.408339,0.15308,1772649245.020904
FP000089,L0_X0_Y2,L0_X10_Y6,17,L2_X10_Y5,3303.878406,16.017601,212.878406,541.233372,3091.0,3632.233372,25,0.408339,0.15308,1772649245.020904
FP000089,L0_X0_Y2,L0_X10_Y6,18,L2_X10_Y6,3319.896003,16.017597,228.896003,541.233372,3091.0,3632.233372,25,0.408339,0.15308,1772649245.020904
FP000089,L0_X0_Y2,L0_X10_Y6,19,L1_X10_Y6,3321.115203,1.2192,230.115203,541.233372,3091.0,3632.233372,25,0.408339,0.15308,1772649245.020904
FP000089,L0_X0_Y2,L0_X10_Y6,20,L0_X10_Y6,3322.334403,1.2192,231.334403,541.233372,3091.0,3632.233372,25,0.408339,0.15308,1772649245.020904
FP000089,L0_X0_Y2,L0_X10_Y6,21,L0_X10_Y6,3382.334403,60.0,291.334403,541.233372,3091.0,3632.233372,25,0.408339,0.15308,1772649245.020904
FP000089,L0_X0_Y2,L0_X10_Y6,22,L1_X10_Y6,3404.553603,22.2192,313.553603,541.233372,3091.0,3632.233372,25,0.408339,0.15308,1772649245.020904
FP000089,L0_X0_Y2,L0_X10_Y6,23,L2_X10_Y6,3405.772803,1.2192,314.772803,541.233372,3091.0,3632.233372,25,0.408339,0.15308,1772649245.020904
FP000089,L0_X0_Y2,L0_X10_Y6,24,L2_X10_Y5,3421.790399,16.017597,330.790399,541.233372,3091.0,3632.233372,25,0.408339,0.15308,1772649245.020904
FP000089,L0_X0_Y2,L0_X10_Y6,25,L2_X10_Y4,3437.808,16.017601,346.808,541.233372,3091.0,3632.233372,25,0.408339,0.15308,1772649245.020904
FP000089,L0_X0_Y2,L0_X10_Y6,26,L2_X9_Y4,3453.80291,15.994909,362.80291,541.233372,3091.0,3632.233372,25,0.408339,0.15308,1772649245.020904
FP000089,L0_X0_Y2,L0_X10_Y6,27,L2_X8_Y4,3469.79781,15.994901,378.79781,541.233372,3091.0,3632.233372,25,0.408339,0.15308,1772649245.020904
FP000089,L0_X0_Y2,L0_X10_Y6,28,L2_X8_Y3,3485.816908,16.019097,394.816908,541.233372,3091.0,3632.233372,25,0.408339,0.15308,1772649245.020904
FP000089,L0_X0_Y2,L0_X10_Y6,29,L2_X8_Y2,3501.836009,16.019102,410.836009,541.233372,3091.0,3632.233372,25,0.408339,0.15308,1772649245.020904
FP000089,L0_X0_Y2,L0_X10_Y6,30,L2_X7_Y2,3517.83091,15.994901,426.83091,541.233372,3091.0,3632.233372,25,0.408339,0.15308,1772649245.020904
FP000089,L0_X0_Y2,L0_X10_Y6,31,L2_X6_Y2,3533.825802,15.994892,442.825802,541.233372,3091.0,3632.233372,25,0.408339,0.15308,1772649245.020904
FP000089,L0_X0_Y2,L0_X10_Y6,32,L2_X5_Y2,3549.820685,15.994883,458.820685,541.233372,3091.0,3632.233372,25,0.408339,0.15308,1772649245.020904
FP000089,L0_X0_Y2,L0_X10_Y6,33,L2_X4_Y2,3565.81556,15.994875,474.81556,541.233372,3091.0,3632.233372,25,0.408339,0.15308,1772649245.020904
FP000089,L0_X0_Y2,L0_X10_Y6,34,L2_X3_Y2,3581.810426,15.994866,490.810426,541.233372,3091.0,3632.233372,25,0.408339,0.15308,1772649245.020904
FP000089,L0_X0_Y2,L0_X10_Y6,35,L2_X2_Y2,3597.805283,15.994857,506.805283,541.233372,3091.0,3632.233372,25,0.408339,0.15308,1772649245.020904
FP000089,L0_X0_Y2,L0_X10_Y6,36,L2_X1_Y2,3613.800132,15.994849,522.800132,541.233372,3091.0,3632.233372,25,0.408339,0.15308,1772649245.020904
FP000089,L0_X0_Y2,L0_X10_Y6,37,L2_X0_Y2,3629.794972,15.99484,538.794972,541.233372,3091.0,3632.233372,25,0.408339,0.15308,1772649245.020904
FP000089,L0_X0_Y2,L0_X10_Y6,38,L1_X0_Y2,3631.014172,1.2192,540.014172,541.233372,3091.0,3632.233372,25,0.408339,0.15308,1772649245.020904
FP000089,L0_X0_Y2,L0_X10_Y6,39,L0_X0_Y2,3632.233372,1.2192,541.233372,541.233372,3091.0,3632.233372,25,0.408339,0.15308,1772649245.020904
FP000090,L0_X14_Y6,L0_X9_Y4,0,L0_X14_Y6,3110.0,0.0,0.0,342.391726,3097.0,3439.391726,25,2.115215,0.448705,1772649247.178492
FP000090,L0_X14_Y6,L0_X9_Y4,1,L1_X14_Y6,3111.2192,1.2192,14.2192,342.391726,3097.0,3439.391726,25,2.115215,0.448705,1772649247.178492
FP000090,L0_X14_Y6,L0_X9_Y4,2,L2_X14_Y6,3112.4384,1.2192,15.4384,342.391726,3097.0,3439.391726,25,2.115215,0.448705,1772649247.178492
FP000090,L0_X14_Y6,L0_X9_Y4,3,L3_X14_Y6,3113.6576,1.2192,16.6576,342.391726,3097.0,3439.391726,25,2.115215,0.448705,1772649247.178492
FP000090,L0_X14_Y6,L0_X9_Y4,4,L3_X14_Y5,3129.672213,16.014613,32.672213,342.391726,3097.0,3439.391726,25,2.115215,0.448705,1772649247.178492
FP000090,L0_X14_Y6,L0_X9_Y4,5,L3_X14_Y4,3145.686829,16.014617,48.686829,342.391726,3097.0,3439.391726,25,2.115215,0.448705,1772649247.178492
FP000090,L0_X14_Y6,L0_X9_Y4,6,L4_X14_Y4,3146.906029,1.2192,49.906029,342.391726,3097.0,3439.391726,25,2.115215,0.448705,1772649247.178492
FP000090,L0_X14_Y6,L0_X9_Y4,7,L3_X14_Y4,3148.125229,1.2192,51.125229,342.391726,3097.0,3439.391726,25,2.115215,0.448705,1772649247.178492
FP000090,L0_X14_Y6,L0_X9_Y4,8,L3_X13_Y4,3164.120173,15.994944,67.120173,342.391726,3097.0,3439.391726,25,2.115215,0.448705,1772649247.178492
FP000090,L0_X14_Y6,L0_X9_Y4,9,L2_X13_Y4,3165.339373,1.2192,68.339373,342.391726,3097.0,3439.391726,25,2.115215,0.448705,1772649247.178492
FP000090,L0_X14_Y6,L0_X9_Y4,10,L1_X13_Y4,3166.558573,1.2192,69.558573,342.391726,3097.0,3439.391726,25,2.115215,0.448705,1772649247.178492
FP000090,L0_X14_Y6,L0_X9_Y4,11,L0_X13_Y4,3167.777773,1.2192,70.777773,342.391726,3097.0,3439.391726,25,2.115215,0.448705,1772649247.178492
FP000090,L0_X14_Y6,L0_X9_Y4,12,L1_X13_Y4,3168.996973,1.2192,71.996973,342.391726,3097.0,3439.391726,25,2.115215,0.448705,1772649247.178492
FP000090,L0_X14_Y6,L0_X9_Y4,13,L0_X13_Y4,3170.216173,1.2192,73.216173,342.391726,3097.0,3439.391726,25,2.115215,0.448705,1772649247.178492
FP000090,L0_X14_Y6,L0_X9_Y4,14,L1_X13_Y4,3171.435373,1.2192,74.435373,342.391726,3097.0,3439.391726,25,2.115215,0.448705,1772649247.178492
FP000090,L0_X14_Y6,L0_X9_Y4,15,L2_X13_Y4,3172.654573,1.2192,75.654573,342.391726,3097.0,3439.391726,25,2.115215,0.448705,1772649247.178492
FP000090,L0_X14_Y6,L0_X9_Y4,16,L2_X12_Y4,3188.649509,15.994935,91.649509,342.391726,3097.0,3439.391726,25,2.115215,0.448705,1772649247.178492
FP000090,L0_X14_Y6,L0_X9_Y4,17,L3_X12_Y4,3189.868709,1.2192,92.868709,342.391726,3097.0,3439.391726,25,2.115215,0.448705,1772649247.178492
FP000090,L0_X14_Y6,L0_X9_Y4,18,L3_X11_Y4,3205.863635,15.994927,108.863635,342.391726,3097.0,3439.391726,25,2.115215,0.448705,1772649247.178492
FP000090,L0_X14_Y6,L0_X9_Y4,19,L2_X11_Y4,3207.082835,1.2192,110.082835,342.391726,3097.0,3439.391726,25,2.115215,0.448705,1772649247.178492
FP000090,L0_X14_Y6,L0_X9_Y4,20,L2_X10_Y4,3223.077754,15.994918,126.077754,342.391726,3097.0,3439.391726,25,2.115215,0.448705,1772649247.178492
FP000090,L0_X14_Y6,L0_X9_Y4,21,L2_X9_Y4,3239.072663,15.994909,142.072663,342.391726,3097.0,3439.391726,25,2.115215,0.448705,1772649247.178492
FP000090,L0_X14_Y6,L0_X9_Y4,22,L1_X9_Y4,3240.291863,1.2192,143.291863,342.391726,3097.0,3439.391726,25,2.115215,0.448705,1772649247.178492
FP000090,L0_X14_Y6,L0_X9_Y4,23,L0_X9_Y4,3241.511063,1.2192,144.511063,342.391726,3097.0,3439.391726,25,2.115215,0.448705,1772649247.178492
FP000090,L0_X14_Y6,L0_X9_Y4,24,L0_X9_Y4,3301.511063,60.0,204.511063,342.391726,3097.0,3439.391726,25,2.115215,0.448705,1772649247.178492
FP000090,L0_X14_Y6,L0_X9_Y4,25,L1_X9_Y4,3323.730263,22.2192,226.730263,342.391726,3097.0,3439.391726,25,2.115215,0.448705,1772649247.178492
FP000090,L0_X14_Y6,L0_X9_Y4,26,L1_X10_Y4,3339.725172,15.994909,242.725172,342.391726,3097.0,3439.391726,25,2.115215,0.448705,1772649247.178492
FP000090,L0_X14_Y6,L0_X9_Y4,27,L1_X11_Y4,3355.720091,15.994918,258.720091,342.391726,3097.0,3439.391726,25,2.115215,0.448705,1772649247.178492
FP000090,L0_X14_Y6,L0_X9_Y4,28,L1_X12_Y4,3371.715017,15.994927,274.715017,342.391726,3097.0,3439.391726,25,2.115215,0.448705,1772649247.178492
FP000090,L0_X14_Y6,L0_X9_Y4,29,L1_X13_Y4,3387.709953,15.994935,290.709953,342.391726,3097.0,3439.391726,25,2.115215,0.448705,1772649247.178492
FP000090,L0_X14_Y6,L0_X9_Y4,30,L1_X14_Y4,3403.704897,15.994944,306.704897,342.391726,3097.0,3439.391726,25,2.115215,0.448705,1772649247.178492
FP000090,L0_X14_Y6,L0_X9_Y4,31,L2_X14_Y4,3404.924097,1.2192,307.924097,342.391726,3097.0,3439.391726,25,2.115215,0.448705,1772649247.178492
FP000090,L0_X14_Y6,L0_X9_Y4,32,L2_X14_Y5,3420.938713,16.014617,323.938713,342.391726,3097.0,3439.391726,25,2.115215,0.448705,1772649247.178492
FP000090,L0_X14_Y6,L0_X9_Y4,33,L2_X14_Y6,3436.953326,16.014613,339.953326,342.391726,3097.0,3439.391726,25,2.115215,0.448705,1772649247.178492
FP000090,L0_X14_Y6,L0_X9_Y4,34,L1_X14_Y6,3438.172526,1.2192,341.172526,342.391726,3097.0,3439.391726,25,2.115215,0.448705,1772649247.178492
FP000090,L0_X14_Y6,L0_X9_Y4,35,L0_X14_Y6,3439.391726,1.2192,342.391726,342.391726,3097.0,3439.391726,25,2.115215,0.448705,1772649247.178492
FP000092,L0_X14_Y6,L0_X1_Y3,0,L0_X14_Y6,3177.0,0.0,0.0,615.147007,3167.0,3782.147007,25,1.098535,3.034222,1772649251.415928
FP000092,L0_X14_Y6,L0_X1_Y3,1,L1_X14_Y6,3178.2192,1.2192,11.2192,615.147007,3167.0,3782.147007,25,1.098535,3.034222,1772649251.415928
FP000092,L0_X14_Y6,L0_X1_Y3,2,L2_X14_Y6,3179.4384,1.2192,12.4384,615.147007,3167.0,3782.147007,25,1.098535,3.034222,1772649251.415928
FP000092,L0_X14_Y6,L0_X1_Y3,3,L2_X14_Y5,3195.453013,16.014613,28.453013,615.147007,3167.0,3782.147007,25,1.098535,3.034222,1772649251.415928
FP000092,L0_X14_Y6,L0_X1_Y3,4,L2_X14_Y4,3211.467629,16.014617,44.467629,615.147007,3167.0,3782.147007,25,1.098535,3.034222,1772649251.415928
FP000092,L0_X14_Y6,L0_X1_Y3,5,L2_X14_Y3,3227.48225,16.014621,60.48225,615.147007,3167.0,3782.147007,25,1.098535,3.034222,1772649251.415928
FP000092,L0_X14_Y6,L0_X1_Y3,6,L2_X13_Y3,3243.477198,15.994948,76.477198,615.147007,3167.0,3782.147007,25,1.098535,3.034222,1772649251.415928
FP000092,L0_X14_Y6,L0_X1_Y3,7,L2_X12_Y3,3259.472138,15.99494,92.472138,615.147007,3167.0,3782.147007,25,1.098535,3.034222,1772649251.415928
FP000092,L0_X14_Y6,L0_X1_Y3,8,L2_X11_Y3,3275.467069,15.994931,108.467069,615.147007,3167.0,3782.147007,25,1.098535,3.034222,1772649251.415928
FP000092,L0_X14_Y6,L0_X1_Y3,9,L3_X11_Y3,3276.686269,1.2192,109.686269,615.147007,3167.0,3782.147007,25,1.098535,3.034222,1772649251.415928
FP000092,L0_X14_Y6,L0_X1_Y3,10,L3_X10_Y3,3292.681191,15.994922,125.681191,615.147007,3167.0,3782.147007,25,1.098535,3.034222,1772649251.415928
FP000092,L0_X14_Y6,L0_X1_Y3,11,L3_X9_Y3,3308.676105,15.994914,141.676105,615.147007,3167.0,3782.147007,25,1.098535,3.034222,1772649251.415928
FP000092,L0_X14_Y6,L0_X1_Y3,12,L3_X8_Y3,3324.67101,15.994905,157.67101,615.147007,3167.0,3782.147007,25,1.098535,3.034222,1772649251.415928
FP000092,L0_X14_Y6,L0_X1_Y3,13,L3_X7_Y3,3340.665906,15.994896,173.665906,615.147007,3167.0,3782.147007,25,1.098535,3.034222,1772649251.415928
FP000092,L0_X14_Y6,L0_X1_Y3,14,L3_X6_Y3,3356.660794,15.994888,189.660794,615.147007,3167.0,3782.147007,25,1.098535,3.034222,1772649251.415928
FP000092,L0_X14_Y6,L0_X1_Y3,15,L3_X5_Y3,3372.655673,15.994879,205.655673,615.147007,3167.0,3782.147007,25,1.098535,3.034222,1772649251.415928
FP000092,L0_X14_Y6,L0_X1_Y3,16,L3_X4_Y3,3388.650544,15.994871,221.650544,615.147007,3167.0,3782.147007,25,1.098535,3.034222,1772649251.415928
FP000092,L0_X14_Y6,L0_X1_Y3,17,L3_X3_Y3,3404.645406,15.994862,237.645406,615.147007,3167.0,3782.147007,25,1.098535,3.034222,1772649251.415928
FP000092,L0_X14_Y6,L0_X1_Y3,18,L3_X2_Y3,3420.640259,15.994853,253.640259,615.147007,3167.0,3782.147007,25,1.098535,3.034222,1772649251.415928
FP000092,L0_X14_Y6,L0_X1_Y3,19,L3_X1_Y3,3436.635103,15.994845,269.635103,615.147007,3167.0,3782.147007,25,1.098535,3.034222,1772649251.415928
FP000092,L0_X14_Y6,L0_X1_Y3,20,L2_X1_Y3,3437.854303,1.2192,270.854303,615.147007,3167.0,3782.147007,25,1.098535,3.034222,1772649251.415928
FP000092,L0_X14_Y6,L0_X1_Y3,21,L1_X1_Y3,3439.073503,1.2192,272.073503,615.147007,3167.0,3782.147007,25,1.098535,3.034222,1772649251.415928
FP000092,L0_X14_Y6,L0_X1_Y3,22,L0_X1_Y3,3440.292703,1.2192,273.292703,615.147007,3167.0,3782.147007,25,1.098535,3.034222,1772649251.415928
FP000092,L0_X14_Y6,L0_X1_Y3,23,L0_X1_Y3,3500.292703,60.0,333.292703,615.147007,3167.0,3782.147007,25,1.098535,3.034222,1772649251.415928
FP000092,L0_X14_Y6,L0_X1_Y3,24,L1_X1_Y3,3522.511903,22.2192,355.511903,615.147007,3167.0,3782.147007,25,1.098535,3.034222,1772649251.415928
FP000092,L0_X14_Y6,L0_X1_Y3,25,L2_X1_Y3,3523.731103,1.2192,356.731103,615.147007,3167.0,3782.147007,25,1.098535,3.034222,1772649251.415928
FP000092,L0_X14_Y6,L0_X1_Y3,26,L2_X2_Y3,3539.725948,15.994845,372.725948,615.147007,3167.0,3782.147007,25,1.098535,3.034222,1772649251.415928
FP000092,L0_X14_Y6,L0_X1_Y3,27,L2_X3_Y3,3555.720801,15.994853,388.720801,615.147007,3167.0,3782.147007,25,1.098535,3.034222,1772649251.415928
FP000092,L0_X14_Y6,L0_X1_Y3,28,L2_X4_Y3,3571.715663,15.994862,404.715663,615.147007,3167.0,3782.147007,25,1.098535,3.034222,1772649251.415928
FP000092,L0_X14_Y6,L0_X1_Y3,29,L2_X5_Y3,3587.710534,15.994871,420.710534,615.147007,3167.0,3782.147007,25,1.098535,3.034222,1772649251.415928
FP000092,L0_X14_Y6,L0_X1_Y3,30,L2_X6_Y3,3603.705413,15.994879,436.705413,615.147007,3167.0,3782.147007,25,1.098535,3.034222,1772649251.415928
FP000092,L0_X14_Y6,L0_X1_Y3,31,L2_X7_Y3,3619.700301,15.994888,452.700301,615.147007,3167.0,3782.147007,25,1.098535,3.034222,1772649251.415928
FP000092,L0_X14_Y6,L0_X1_Y3,32,L2_X8_Y3,3635.695197,15.994896,468.695197,615.147007,3167.0,3782.147007,25,1.098535,3.034222,1772649251.415928
FP000092,L0_X14_Y6,L0_X1_Y3,33,L2_X9_Y3,3651.690102,15.994905,484.690102,615.147007,3167.0,3782.147007,25,1.098535,3.034222,1772649251.415928
FP000092,L0_X14_Y6,L0_X1_Y3,34,L2_X10_Y3,3667.685016,15.994914,500.685016,615.147007,3167.0,3782.147007,25,1.098535,3.034222,1772649251.415928
FP000092,L0_X14_Y6,L0_X1_Y3,35,L2_X11_Y3,3683.679938,15.994922,516.679938,615.147007,3167.0,3782.147007,25,1.098535,3.034222,1772649251.415928
FP000092,L0_X14_Y6,L0_X1_Y3,36,L2_X12_Y3,3699.674869,15.994931,532.674869,615.147007,3167.0,3782.147007,25,1.098535,3.034222,1772649251.415928
FP000092,L0_X14_Y6,L0_X1_Y3,37,L2_X13_Y3,3715.669808,15.99494,548.669808,615.147007,3167.0,3782.147007,25,1.098535,3.034222,1772649251.415928
FP000092,L0_X14_Y6,L0_X1_Y3,38,L2_X14_Y3,3731.664757,15.994948,564.664757,615.147007,3167.0,3782.147007,25,1.098535,3.034222,1772649251.415928
FP000092,L0_X14_Y6,L0_X1_Y3,39,L2_X14_Y4,3747.679377,16.014621,580.679377,615.147007,3167.0,3782.147007,25,1.098535,3.034222,1772649251.415928
FP000092,L0_X14_Y6,L0_X1_Y3,40,L2_X14_Y5,3763.693994,16.014617,596.693994,615.147007,3167.0,3782.147007,25,1.098535,3.034222,1772649251.415928
FP000092,L0_X14_Y6,L0_X1_Y3,41,L2_X14_Y6,3779.708607,16.014613,612.708607,615.147007,3167.0,3782.147007,25,1.098535,3.034222,1772649251.415928
FP000092,L0_X14_Y6,L0_X1_Y3,42,L1_X14_Y6,3780.927807,1.2192,613.927807,615.147007,3167.0,3782.147007,25,1.098535,3.034222,1772649251.415928
FP000092,L0_X14_Y6,L0_X1_Y3,43,L0_X14_Y6,3782.147007,1.2192,615.147007,615.147007,3167.0,3782.147007,25,1.098535,3.034222,1772649251.415928
FP000093,L0_X0_Y2,L0_X10_Y3,0,L0_X0_Y2,3201.0,0.0,0.0,452.446674,3201.0,3653.446674,25,0.974297,4.97912,1772649256.241079
FP000093,L0_X0_Y2,L0_X10_Y3,1,L1_X0_Y2,3202.2192,1.2192,1.2192,452.446674,3201.0,3653.446674,25,0.974297,4.97912,1772649256.241079
FP000093,L0_X0_Y2,L0_X10_Y3,2,L2_X0_Y2,3203.4384,1.2192,2.4384,452.446674,3201.0,3653.446674,25,0.974297,4.97912,1772649256.241079
FP000093,L0_X0_Y2,L0_X10_Y3,3,L2_X1_Y2,3219.43324,15.99484,18.43324,452.446674,3201.0,3653.446674,25,0.974297,4.97912,1772649256.241079
FP000093,L0_X0_Y2,L0_X10_Y3,4,L2_X2_Y2,3235.428089,15.994849,34.428089,452.446674,3201.0,3653.446674,25,0.974297,4.97912,1772649256.241079
FP000093,L0_X0_Y2,L0_X10_Y3,5,L2_X2_Y3,3251.451665,16.023576,50.451665,452.446674,3201.0,3653.446674,25,0.974297,4.97912,1772649256.241079
FP000093,L0_X0_Y2,L0_X10_Y3,6,L2_X3_Y3,3267.446518,15.994853,66.446518,452.446674,3201.0,3653.446674,25,0.974297,4.97912,1772649256.241079
FP000093,L0_X0_Y2,L0_X10_Y3,7,L2_X4_Y3,3283.44138,15.994862,82.44138,452.446674,3201.0,3653.446674,25,0.974297,4.97912,1772649256.241079
FP000093,L0_X0_Y2,L0_X10_Y3,8,L2_X5_Y3,3299.436251,15.994871,98.436251,452.446674,3201.0,3653.446674,25,0.974297,4.97912,1772649256.241079
FP000093,L0_X0_Y2,L0_X10_Y3,9,L2_X6_Y3,3315.43113,15.994879,114.43113,452.446674,3201.0,3653.446674,25,0.974297,4.97912,1772649256.241079
FP000093,L0_X0_Y2,L0_X10_Y3,10,L2_X7_Y3,3331.426018,15.994888,130.426018,452.446674,3201.0,3653.446674,25,0.974297,4.97912,1772649256.241079
FP000093,L0_X0_Y2,L0_X10_Y3,11,L2_X8_Y3,3347.420914,15.994896,146.420914,452.446674,3201.0,3653.446674,25,0.974297,4.97912,1772649256.241079
FP000093,L0_X0_Y2,L0_X10_Y3,12,L1_X8_Y3,3348.640114,1.2192,147.640114,452.446674,3201.0,3653.446674,25,0.974297,4.97912,1772649256.241079
FP000093,L0_X0_Y2,L0_X10_Y3,13,L1_X9_Y3,3364.635019,15.994905,163.635019,452.446674,3201.0,3653.446674,25,0.974297,4.97912,1772649256.241079
FP000093,L0_X0_Y2,L0_X10_Y3,14,L1_X10_Y3,3380.629933,15.994914,179.629933,452.446674,3201.0,3653.446674,25,0.974297,4.97912,1772649256.241079
FP000093,L0_X0_Y2,L0_X10_Y3,15,L0_X10_Y3,3381.849133,1.2192,180.849133,452.446674,3201.0,3653.446674,25,0.974297,4.97912,1772649256.241079
FP000093,L0_X0_Y2,L0_X10_Y3,16,L0_X10_Y3,3441.849133,60.0,240.849133,452.446674,3201.0,3653.446674,25,0.974297,4.97912,1772649256.241079
FP000093,L0_X0_Y2,L0_X10_Y3,17,L1_X10_Y3,3464.068333,22.2192,263.068333,452.446674,3201.0,3653.446674,25,0.974297,4.97912,1772649256.241079
FP000093,L0_X0_Y2,L0_X10_Y3,18,L1_X9_Y3,3480.063246,15.994914,279.063246,452.446674,3201.0,3653.446674,25,0.974297,4.97912,1772649256.241079
FP000093,L0_X0_Y2,L0_X10_Y3,19,L2_X9_Y3,3481.282446,1.2192,280.282446,452.446674,3201.0,3653.446674,25,0.974297,4.97912,1772649256.241079
FP000093,L0_X0_Y2,L0_X10_Y3,20,L3_X9_Y3,3482.501646,1.2192,281.501646,452.446674,3201.0,3653.446674,25,0.974297,4.97912,1772649256.241079
FP000093,L0_X0_Y2,L0_X10_Y3,21,L3_X9_Y2,3498.520002,16.018356,297.520002,452.446674,3201.0,3653.446674,25,0.974297,4.97912,1772649256.241079
FP000093,L0_X0_Y2,L0_X10_Y3,22,L3_X8_Y2,3514.514911,15.994909,313.514911,452.446674,3201.0,3653.446674,25,0.974297,4.97912,1772649256.241079
FP000093,L0_X0_Y2,L0_X10_Y3,23,L3_X7_Y2,3530.509812,15.994901,329.509812,452.446674,3201.0,3653.446674,25,0.974297,4.97912,1772649256.241079
FP000093,L0_X0_Y2,L0_X10_Y3,24,L3_X6_Y2,3546.504704,15.994892,345.504704,452.446674,3201.0,3653.446674,25,0.974297,4.97912,1772649256.241079
FP000093,L0_X0_Y2,L0_X10_Y3,25,L3_X5_Y2,3562.499587,15.994883,361.499587,452.446674,3201.0,3653.446674,25,0.974297,4.97912,1772649256.241079
FP000093,L0_X0_Y2,L0_X10_Y3,26,L3_X4_Y2,3578.494462,15.994875,377.494462,452.446674,3201.0,3653.446674,25,0.974297,4.97912,1772649256.241079
FP000093,L0_X0_Y2,L0_X10_Y3,27,L3_X3_Y2,3594.489328,15.994866,393.489328,452.446674,3201.0,3653.446674,25,0.974297,4.97912,1772649256.241079
FP000093,L0_X0_Y2,L0_X10_Y3,28,L3_X2_Y2,3610.484185,15.994857,409.484185,452.446674,3201.0,3653.446674,25,0.974297,4.97912,1772649256.241079
FP000093,L0_X0_Y2,L0_X10_Y3,29,L3_X1_Y2,3626.479034,15.994849,425.479034,452.446674,3201.0,3653.446674,25,0.974297,4.97912,1772649256.241079
FP000093,L0_X0_Y2,L0_X10_Y3,30,L3_X0_Y2,3642.473874,15.99484,441.473874,452.446674,3201.0,3653.446674,25,0.974297,4.97912,1772649256.241079
FP000093,L0_X0_Y2,L0_X10_Y3,31,L4_X0_Y2,3643.693074,1.2192,442.693074,452.446674,3201.0,3653.446674,25,0.974297,4.97912,1772649256.241079
FP000093,L0_X0_Y2,L0_X10_Y3,32,L3_X0_Y2,3644.912274,1.2192,443.912274,452.446674,3201.0,3653.446674,25,0.974297,4.97912,1772649256.241079
FP000093,L0_X0_Y2,L0_X10_Y3,33,L4_X0_Y2,3646.131474,1.2192,445.131474,452.446674,3201.0,3653.446674,25,0.974297,4.97912,1772649256.241079
FP000093,L0_X0_Y2,L0_X10_Y3,34,L3_X0_Y2,3647.350674,1.2192,446.350674,452.446674,3201.0,3653.446674,25,0.974297,4.97912,1772649256.241079
FP000093,L0_X0_Y2,L0_X10_Y3,35,L4_X0_Y2,3648.569874,1.2192,447.569874,452.446674,3201.0,3653.446674,25,0.974297,4.97912,1772649256.241079
FP000093,L0_X0_Y2,L0_X10_Y3,36,L3_X0_Y2,3649.789074,1.2192,448.789074,452.446674,3201.0,3653.446674,25,0.974297,4.97912,1772649256.241079
FP000093,L0_X0_Y2,L0_X10_Y3,37,L2_X0_Y2,3651.008274,1.2192,450.008274,452.446674,3201.0,3653.446674,25,0.974297,4.97912,1772649256.241079
FP000093,L0_X0_Y2,L0_X10_Y3,38,L1_X0_Y2,3652.227474,1.2192,451.227474,452.446674,3201.0,3653.446674,25,0.974297,4.97912,1772649256.241079
FP000093,L0_X0_Y2,L0_X10_Y3,39,L0_X0_Y2,3653.446674,1.2192,452.446674,452.446674,3201.0,3653.446674,25,0.974297,4.97912,1772649256.241079
FP000094,L0_X14_Y6,L0_X11_Y5,0,L0_X14_Y6,3223.0,0.0,0.0,238.261838,3223.0,3461.261838,25,0.247711,1.018897,1772649256.533592
FP000094,L0_X14_Y6,L0_X11_Y5,1,L1_X14_Y6,3224.2192,1.2192,1.2192,238.261838,3223.0,3461.261838,25,0.247711,1.018897,1772649256.533592
FP000094,L0_X14_Y6,L0_X11_Y5,2,L2_X14_Y6,3225.4384,1.2192,2.4384,238.261838,3223.0,3461.261838,25,0.247711,1.018897,1772649256.533592
FP000094,L0_X14_Y6,L0_X11_Y5,3,L2_X13_Y6,3241.433336,15.994936,18.433336,238.261838,3223.0,3461.261838,25,0.247711,1.018897,1772649256.533592
FP000094,L0_X14_Y6,L0_X11_Y5,4,L2_X12_Y6,3257.428263,15.994927,34.428263,238.261838,3223.0,3461.261838,25,0.247711,1.018897,1772649256.533592
FP000094,L0_X14_Y6,L0_X11_Y5,5,L2_X11_Y6,3273.423181,15.994918,50.423181,238.261838,3223.0,3461.261838,25,0.247711,1.018897,1772649256.533592
FP000094,L0_X14_Y6,L0_X11_Y5,6,L2_X11_Y5,3289.440032,16.016851,66.440032,238.261838,3223.0,3461.261838,25,0.247711,1.018897,1772649256.533592
FP000094,L0_X14_Y6,L0_X11_Y5,7,L1_X11_Y5,3290.659232,1.2192,67.659232,238.261838,3223.0,3461.261838,25,0.247711,1.018897,1772649256.533592
FP000094,L0_X14_Y6,L0_X11_Y5,8,L0_X11_Y5,3291.878432,1.2192,68.878432,238.261838,3223.0,3461.261838,25,0.247711,1.018897,1772649256.533592
FP000094,L0_X14_Y6,L0_X11_Y5,9,L0_X11_Y5,3351.878432,60.0,128.878432,238.261838,3223.0,3461.261838,25,0.247711,1.018897,1772649256.533592
FP000094,L0_X14_Y6,L0_X11_Y5,10,L1_X11_Y5,3374.097632,22.2192,151.097632,238.261838,3223.0,3461.261838,25,0.247711,1.018897,1772649256.533592
FP000094,L0_X14_Y6,L0_X11_Y5,11,L2_X11_Y5,3375.316832,1.2192,152.316832,238.261838,3223.0,3461.261838,25,0.247711,1.018897,1772649256.533592
FP000094,L0_X14_Y6,L0_X11_Y5,12,L3_X11_Y5,3376.536032,1.2192,153.536032,238.261838,3223.0,3461.261838,25,0.247711,1.018897,1772649256.533592
FP000094,L0_X14_Y6,L0_X11_Y5,13,L3_X12_Y5,3392.530954,15.994923,169.530954,238.261838,3223.0,3461.261838,25,0.247711,1.018897,1772649256.533592
FP000094,L0_X14_Y6,L0_X11_Y5,14,L3_X13_Y5,3408.525885,15.994931,185.525885,238.261838,3223.0,3461.261838,25,0.247711,1.018897,1772649256.533592
FP000094,L0_X14_Y6,L0_X11_Y5,15,L3_X14_Y5,3424.520825,15.99494,201.520825,238.261838,3223.0,3461.261838,25,0.247711,1.018897,1772649256.533592
FP000094,L0_X14_Y6,L0_X11_Y5,16,L4_X14_Y5,3425.740025,1.2192,202.740025,238.261838,3223.0,3461.261838,25,0.247711,1.018897,1772649256.533592
FP000094,L0_X14_Y6,L0_X11_Y5,17,L3_X14_Y5,3426.959225,1.2192,203.959225,238.261838,3223.0,3461.261838,25,0.247711,1.018897,1772649256.533592
FP000094,L0_X14_Y6,L0_X11_Y5,18,L4_X14_Y5,3428.178425,1.2192,205.178425,238.261838,3223.0,3461.261838,25,0.247711,1.018897,1772649256.533592
FP000094,L0_X14_Y6,L0_X11_Y5,19,L3_X14_Y5,3429.397625,1.2192,206.397625,238.261838,3223.0,3461.261838,25,0.247711,1.018897,1772649256.533592
FP000094,L0_X14_Y6,L0_X11_Y5,20,L4_X14_Y5,3430.616825,1.2192,207.616825,238.261838,3223.0,3461.261838,25,0.247711,1.018897,1772649256.533592
FP000094,L0_X14_Y6,L0_X11_Y5,21,L3_X14_Y5,3431.836025,1.2192,208.836025,238.261838,3223.0,3461.261838,25,0.247711,1.018897,1772649256.533592
FP000094,L0_X14_Y6,L0_X11_Y5,22,L4_X14_Y5,3433.055225,1.2192,210.055225,238.261838,3223.0,3461.261838,25,0.247711,1.018897,1772649256.533592
FP000094,L0_X14_Y6,L0_X11_Y5,23,L3_X14_Y5,3434.274425,1.2192,211.274425,238.261838,3223.0,3461.261838,25,0.247711,1.018897,1772649256.533592
FP000094,L0_X14_Y6,L0_X11_Y5,24,L3_X14_Y6,3450.289038,16.014613,227.289038,238.261838,3223.0,3461.261838,25,0.247711,1.018897,1772649256.533592
FP000094,L0_X14_Y6,L0_X11_Y5,25,L4_X14_Y6,3451.508238,1.2192,228.508238,238.261838,3223.0,3461.261838,25,0.247711,1.018897,1772649256.533592
FP000094,L0_X14_Y6,L0_X11_Y5,26,L3_X14_Y6,3452.727438,1.2192,229.727438,238.261838,3223.0,3461.261838,25,0.247711,1.018897,1772649256.533592
FP000094,L0_X14_Y6,L0_X11_Y5,27,L4_X14_Y6,3453.946638,1.2192,230.946638,238.261838,3223.0,3461.261838,25,0.247711,1.018897,1772649256.533592
FP000094,L0_X14_Y6,L0_X11_Y5,28,L3_X14_Y6,3455.165838,1.2192,232.165838,238.261838,3223.0,3461.261838,25,0.247711,1.018897,1772649256.533592
FP000094,L0_X14_Y6,L0_X11_Y5,29,L4_X14_Y6,3456.385038,1.2192,233.385038,238.261838,3223.0,3461.261838,25,0.247711,1.018897,1772649256.533592
FP000094,L0_X14_Y6,L0_X11_Y5,30,L3_X14_Y6,3457.604238,1.2192,234.604238,238.261838,3223.0,3461.261838,25,0.247711,1.018897,1772649256.533592
FP000094,L0_X14_Y6,L0_X11_Y5,31,L2_X14_Y6,3458.823438,1.2192,235.823438,238.261838,3223.0,3461.261838,25,0.247711,1.018897,1772649256.533592
FP000094,L0_X14_Y6,L0_X11_Y5,32,L1_X14_Y6,3460.042638,1.2192,237.042638,238.261838,3223.0,3461.261838,25,0.247711,1.018897,1772649256.533592
FP000094,L0_X14_Y6,L0_X11_Y5,33,L0_X14_Y6,3461.261838,1.2192,238.261838,238.261838,3223.0,3461.261838,25,0.247711,1.018897,1772649256.533592
FP000095,L0_X0_Y2,L0_X11_Y4,0,L0_X0_Y2,3262.0,0.0,0.0,506.716636,3262.0,3768.716636,25,0.144247,0.295985,1772649256.726122
FP000095,L0_X0_Y2,L0_X11_Y4,1,L1_X0_Y2,3263.2192,1.2192,1.2192,506.716636,3262.0,3768.716636,25,0.144247,0.295985,1772649256.726122
FP000095,L0_X0_Y2,L0_X11_Y4,2,L2_X0_Y2,3264.4384,1.2192,2.4384,506.716636,3262.0,3768.716636,25,0.144247,0.295985,1772649256.726122
FP000095,L0_X0_Y2,L0_X11_Y4,3,L2_X0_Y3,3280.463467,16.025067,18.463467,506.716636,3262.0,3768.716636,25,0.144247,0.295985,1772649256.726122
FP000095,L0_X0_Y2,L0_X11_Y4,4,L2_X1_Y3,3296.458303,15.994836,34.458303,506.716636,3262.0,3768.716636,25,0.144247,0.295985,1772649256.726122
FP000095,L0_X0_Y2,L0_X11_Y4,5,L2_X2_Y3,3312.453148,15.994845,50.453148,506.716636,3262.0,3768.716636,25,0.144247,0.295985,1772649256.726122
FP000095,L0_X0_Y2,L0_X11_Y4,6,L2_X3_Y3,3328.448001,15.994853,66.448001,506.716636,3262.0,3768.716636,25,0.144247,0.295985,1772649256.726122
FP000095,L0_X0_Y2,L0_X11_Y4,7,L2_X4_Y3,3344.442863,15.994862,82.442863,506.716636,3262.0,3768.716636,25,0.144247,0.295985,1772649256.726122
FP000095,L0_X0_Y2,L0_X11_Y4,8,L2_X5_Y3,3360.437733,15.994871,98.437733,506.716636,3262.0,3768.716636,25,0.144247,0.295985,1772649256.726122
FP000095,L0_X0_Y2,L0_X11_Y4,9,L2_X6_Y3,3376.432612,15.994879,114.432612,506.716636,3262.0,3768.716636,25,0.144247,0.295985,1772649256.726122
FP000095,L0_X0_Y2,L0_X11_Y4,10,L2_X7_Y3,3392.4275,15.994888,130.4275,506.716636,3262.0,3768.716636,25,0.144247,0.295985,1772649256.726122
FP000095,L0_X0_Y2,L0_X11_Y4,11,L2_X8_Y3,3408.422397,15.994896,146.422397,506.716636,3262.0,3768.716636,25,0.144247,0.295985,1772649256.726122
FP000095,L0_X0_Y2,L0_X11_Y4,12,L2_X9_Y3,3424.417302,15.994905,162.417302,506.716636,3262.0,3768.716636,25,0.144247,0.295985,1772649256.726122
FP000095,L0_X0_Y2,L0_X11_Y4,13,L2_X10_Y3,3440.412215,15.994914,178.412215,506.716636,3262.0,3768.716636,25,0.144247,0.295985,1772649256.726122
FP000095,L0_X0_Y2,L0_X11_Y4,14,L2_X11_Y3,3456.407138,15.994922,194.407138,506.716636,3262.0,3768.716636,25,0.144247,0.295985,1772649256.726122
FP000095,L0_X0_Y2,L0_X11_Y4,15,L1_X11_Y3,3457.626338,1.2192,195.626338,506.716636,3262.0,3768.716636,25,0.144247,0.295985,1772649256.726122
FP000095,L0_X0_Y2,L0_X11_Y4,16,L1_X11_Y4,3473.643197,16.016859,211.643197,506.716636,3262.0,3768.716636,25,0.144247,0.295985,1772649256.726122
FP000095,L0_X0_Y2,L0_X11_Y4,17,L0_X11_Y4,3474.862397,1.2192,212.862397,506.716636,3262.0,3768.716636,25,0.144247,0.295985,1772649256.726122
FP000095,L0_X0_Y2,L0_X11_Y4,18,L0_X11_Y4,3534.862397,60.0,272.862397,506.716636,3262.0,3768.716636,25,0.144247,0.295985,1772649256.726122
FP000095,L0_X0_Y2,L0_X11_Y4,19,L1_X11_Y4,3557.081597,22.2192,295.081597,506.716636,3262.0,3768.716636,25,0.144247,0.295985,1772649256.726122
FP000095,L0_X0_Y2,L0_X11_Y4,20,L1_X11_Y3,3573.098456,16.016859,311.098456,506.716636,3262.0,3768.716636,25,0.144247,0.295985,1772649256.726122
FP000095,L0_X0_Y2,L0_X11_Y4,21,L2_X11_Y3,3574.317656,1.2192,312.317656,506.716636,3262.0,3768.716636,25,0.144247,0.295985,1772649256.726122
FP000095,L0_X0_Y2,L0_X11_Y4,22,L2_X11_Y2,3590.33452,16.016864,328.33452,506.716636,3262.0,3768.716636,25,0.144247,0.295985,1772649256.726122
FP000095,L0_X0_Y2,L0_X11_Y4,23,L2_X10_Y2,3606.329446,15.994926,344.329446,506.716636,3262.0,3768.716636,25,0.144247,0.295985,1772649256.726122
FP000095,L0_X0_Y2,L0_X11_Y4,24,L2_X9_Y2,3622.324364,15.994918,360.324364,506.716636,3262.0,3768.716636,25,0.144247,0.295985,1772649256.726122
FP000095,L0_X0_Y2,L0_X11_Y4,25,L2_X8_Y2,3638.319273,15.994909,376.319273,506.716636,3262.0,3768.716636,25,0.144247,0.295985,1772649256.726122
FP000095,L0_X0_Y2,L0_X11_Y4,26,L2_X7_Y2,3654.314174,15.994901,392.314174,506.716636,3262.0,3768.716636,25,0.144247,0.295985,1772649256.726122
FP000095,L0_X0_Y2,L0_X11_Y4,27,L2_X6_Y2,3670.309066,15.994892,408.309066,506.716636,3262.0,3768.716636,25,0.144247,0.295985,1772649256.726122
FP000095,L0_X0_Y2,L0_X11_Y4,28,L2_X5_Y2,3686.303949,15.994883,424.303949,506.716636,3262.0,3768.716636,25,0.144247,0.295985,1772649256.726122
FP000095,L0_X0_Y2,L0_X11_Y4,29,L2_X4_Y2,3702.298824,15.994875,440.298824,506.716636,3262.0,3768.716636,25,0.144247,0.295985,1772649256.726122
FP000095,L0_X0_Y2,L0_X11_Y4,30,L2_X3_Y2,3718.29369,15.994866,456.29369,506.716636,3262.0,3768.716636,25,0.144247,0.295985,1772649256.726122
FP000095,L0_X0_Y2,L0_X11_Y4,31,L2_X2_Y2,3734.288547,15.994857,472.288547,506.716636,3262.0,3768.716636,25,0.144247,0.295985,1772649256.726122
FP000095,L0_X0_Y2,L0_X11_Y4,32,L2_X1_Y2,3750.283396,15.994849,488.283396,506.716636,3262.0,3768.716636,25,0.144247,0.295985,1772649256.726122
FP000095,L0_X0_Y2,L0_X11_Y4,33,L2_X0_Y2,3766.278236,15.99484,504.278236,506.716636,3262.0,3768.716636,25,0.144247,0.295985,1772649256.726122
FP000095,L0_X0_Y2,L0_X11_Y4,34,L1_X0_Y2,3767.497436,1.2192,505.497436,506.716636,3262.0,3768.716636,25,0.144247,0.295985,1772649256.726122
FP000095,L0_X0_Y2,L0_X11_Y4,35,L0_X0_Y2,3768.716636,1.2192,506.716636,506.716636,3262.0,3768.716636,25,0.144247,0.295985,1772649256.726122
FP000096,L0_X0_Y2,L0_X12_Y0,0,L0_X0_Y2,3317.0,0.0,0.0,597.572199,3263.0,3860.572199,25,0.19655,0.183757,1772649256.963184
FP000096,L0_X0_Y2,L0_X12_Y0,1,L1_X0_Y2,3318.2192,1.2192,55.2192,597.572199,3263.0,3860.572199,25,0.19655,0.183757,1772649256.963184
FP000096,L0_X0_Y2,L0_X12_Y0,2,L2_X0_Y2,3319.4384,1.2192,56.4384,597.572199,3263.0,3860.572199,25,0.19655,0.183757,1772649256.963184
FP000096,L0_X0_Y2,L0_X12_Y0,3,L2_X1_Y2,3335.43324,15.99484,72.43324,597.572199,3263.0,3860.572199,25,0.19655,0.183757,1772649256.963184
FP000096,L0_X0_Y2,L0_X12_Y0,4,L2_X2_Y2,3351.428089,15.994849,88.428089,597.572199,3263.0,3860.572199,25,0.19655,0.183757,1772649256.963184
FP000096,L0_X0_Y2,L0_X12_Y0,5,L2_X3_Y2,3367.422946,15.994857,104.422946,597.572199,3263.0,3860.572199,25,0.19655,0.183757,1772649256.963184
FP000096,L0_X0_Y2,L0_X12_Y0,6,L3_X3_Y2,3368.642146,1.2192,105.642146,597.572199,3263.0,3860.572199,25,0.19655,0.183757,1772649256.963184
FP000096,L0_X0_Y2,L0_X12_Y0,7,L3_X4_Y2,3384.637012,15.994866,121.637012,597.572199,3263.0,3860.572199,25,0.19655,0.183757,1772649256.963184
FP000096,L0_X0_Y2,L0_X12_Y0,8,L3_X5_Y2,3400.631887,15.994875,137.631887,597.572199,3263.0,3860.572199,25,0.19655,0.183757,1772649256.963184
FP000096,L0_X0_Y2,L0_X12_Y0,9,L3_X6_Y2,3416.626771,15.994883,153.626771,597.572199,3263.0,3860.572199,25,0.19655,0.183757,1772649256.963184
FP000096,L0_X0_Y2,L0_X12_Y0,10,L3_X7_Y2,3432.621662,15.994892,169.621662,597.572199,3263.0,3860.572199,25,0.19655,0.183757,1772649256.963184
FP000096,L0_X0_Y2,L0_X12_Y0,11,L3_X8_Y2,3448.616563,15.994901,185.616563,597.572199,3263.0,3860.572199,25,0.19655,0.183757,1772649256.963184
FP000096,L0_X0_Y2,L0_X12_Y0,12,L3_X9_Y2,3464.611472,15.994909,201.611472,597.572199,3263.0,3860.572199,25,0.19655,0.183757,1772649256.963184
FP000096,L0_X0_Y2,L0_X12_Y0,13,L3_X10_Y2,3480.60639,15.994918,217.60639,597.572199,3263.0,3860.572199,25,0.19655,0.183757,1772649256.963184
FP000096,L0_X0_Y2,L0_X12_Y0,14,L3_X11_Y2,3496.601317,15.994926,233.601317,597.572199,3263.0,3860.572199,25,0.19655,0.183757,1772649256.963184
FP000096,L0_X0_Y2,L0_X12_Y0,15,L3_X12_Y2,3512.596252,15.994935,249.596252,597.572199,3263.0,3860.572199,25,0.19655,0.183757,1772649256.963184
FP000096,L0_X0_Y2,L0_X12_Y0,16,L3_X12_Y1,3528.612373,16.016122,265.612373,597.572199,3263.0,3860.572199,25,0.19655,0.183757,1772649256.963184
FP000096,L0_X0_Y2,L0_X12_Y0,17,L3_X12_Y0,3544.628499,16.016126,281.628499,597.572199,3263.0,3860.572199,25,0.19655,0.183757,1772649256.963184
FP000096,L0_X0_Y2,L0_X12_Y0,18,L2_X12_Y0,3545.847699,1.2192,282.847699,597.572199,3263.0,3860.572199,25,0.19655,0.183757,1772649256.963184
FP000096,L0_X0_Y2,L0_X12_Y0,19,L1_X12_Y0,3547.066899,1.2192,284.066899,597.572199,3263.0,3860.572199,25,0.19655,0.183757,1772649256.963184
FP000096,L0_X0_Y2,L0_X12_Y0,20,L0_X12_Y0,3548.286099,1.2192,285.286099,597.572199,3263.0,3860.572199,25,0.19655,0.183757,1772649256.963184
FP000096,L0_X0_Y2,L0_X12_Y0,21,L0_X12_Y0,3608.286099,60.0,345.286099,597.572199,3263.0,3860.572199,25,0.19655,0.183757,1772649256.963184
FP000096,L0_X0_Y2,L0_X12_Y0,22,L1_X12_Y0,3630.505299,22.2192,367.505299,597.572199,3263.0,3860.572199,25,0.19655,0.183757,1772649256.963184
FP000096,L0_X0_Y2,L0_X12_Y0,23,L2_X12_Y0,3631.724499,1.2192,368.724499,597.572199,3263.0,3860.572199,25,0.19655,0.183757,1772649256.963184
FP000096,L0_X0_Y2,L0_X12_Y0,24,L3_X12_Y0,3632.943699,1.2192,369.943699,597.572199,3263.0,3860.572199,25,0.19655,0.183757,1772649256.963184
FP000096,L0_X0_Y2,L0_X12_Y0,25,L3_X12_Y1,3648.959825,16.016126,385.959825,597.572199,3263.0,3860.572199,25,0.19655,0.183757,1772649256.963184
FP000096,L0_X0_Y2,L0_X12_Y0,26,L3_X12_Y2,3664.975947,16.016122,401.975947,597.572199,3263.0,3860.572199,25,0.19655,0.183757,1772649256.963184
FP000096,L0_X0_Y2,L0_X12_Y0,27,L3_X11_Y2,3680.970882,15.994935,417.970882,597.572199,3263.0,3860.572199,25,0.19655,0.183757,1772649256.963184
FP000096,L0_X0_Y2,L0_X12_Y0,28,L3_X10_Y2,3696.965808,15.994926,433.965808,597.572199,3263.0,3860.572199,25,0.19655,0.183757,1772649256.963184
FP000096,L0_X0_Y2,L0_X12_Y0,29,L3_X9_Y2,3712.960726,15.994918,449.960726,597.572199,3263.0,3860.572199,25,0.19655,0.183757,1772649256.963184
FP000096,L0_X0_Y2,L0_X12_Y0,30,L3_X8_Y2,3728.955636,15.994909,465.955636,597.572199,3263.0,3860.572199,25,0.19655,0.183757,1772649256.963184
FP000096,L0_X0_Y2,L0_X12_Y0,31,L2_X8_Y2,3730.174836,1.2192,467.174836,597.572199,3263.0,3860.572199,25,0.19655,0.183757,1772649256.963184
FP000096,L0_X0_Y2,L0_X12_Y0,32,L2_X7_Y2,3746.169736,15.994901,483.169736,597.572199,3263.0,3860.572199,25,0.19655,0.183757,1772649256.963184
FP000096,L0_X0_Y2,L0_X12_Y0,33,L2_X6_Y2,3762.164628,15.994892,499.164628,597.572199,3263.0,3860.572199,25,0.19655,0.183757,1772649256.963184
FP000096,L0_X0_Y2,L0_X12_Y0,34,L2_X5_Y2,3778.159511,15.994883,515.159511,597.572199,3263.0,3860.572199,25,0.19655,0.183757,1772649256.963184
FP000096,L0_X0_Y2,L0_X12_Y0,35,L2_X4_Y2,3794.154386,15.994875,531.154386,597.572199,3263.0,3860.572199,25,0.19655,0.183757,1772649256.963184
FP000096,L0_X0_Y2,L0_X12_Y0,36,L2_X3_Y2,3810.149252,15.994866,547.149252,597.572199,3263.0,3860.572199,25,0.19655,0.183757,1772649256.963184
FP000096,L0_X0_Y2,L0_X12_Y0,37,L2_X2_Y2,3826.14411,15.994857,563.14411,597.572199,3263.0,3860.572199,25,0.19655,0.183757,1772649256.963184
FP000096,L0_X0_Y2,L0_X12_Y0,38,L2_X1_Y2,3842.138958,15.994849,579.138958,597.572199,3263.0,3860.572199,25,0.19655,0.183757,1772649256.963184
FP000096,L0_X0_Y2,L0_X12_Y0,39,L2_X0_Y2,3858.133799,15.99484,595.133799,597.572199,3263.0,3860.572199,25,0.19655,0.183757,1772649256.963184
FP000096,L0_X0_Y2,L0_X12_Y0,40,L1_X0_Y2,3859.352999,1.2192,596.352999,597.572199,3263.0,3860.572199,25,0.19655,0.183757,1772649256.963184
FP000096,L0_X0_Y2,L0_X12_Y0,41,L0_X0_Y2,3860.572199,1.2192,597.572199,597.572199,3263.0,3860.572199,25,0.19655,0.183757,1772649256.963184
FP000097,L0_X0_Y2,L0_X10_Y3,0,L0_X0_Y2,3342.0,0.0,0.0,447.569132,3342.0,3789.569132,25,0.437235,0.239354,1772649257.44477
FP000097,L0_X0_Y2,L0_X10_Y3,1,L1_X0_Y2,3343.2192,1.2192,1.2192,447.569132,3342.0,3789.569132,25,0.437235,0.239354,1772649257.44477
FP000097,L0_X0_Y2,L0_X10_Y3,2,L2_X0_Y2,3344.4384,1.2192,2.4384,447.569132,3342.0,3789.569132,25,0.437235,0.239354,1772649257.44477
FP000097,L0_X0_Y2,L0_X10_Y3,3,L2_X1_Y2,3360.43324,15.99484,18.43324,447.569132,3342.0,3789.569132,25,0.437235,0.239354,1772649257.44477
FP000097,L0_X0_Y2,L0_X10_Y3,4,L2_X2_Y2,3376.428089,15.994849,34.428089,447.569132,3342.0,3789.569132,25,0.437235,0.239354,1772649257.44477
FP000097,L0_X0_Y2,L0_X10_Y3,5,L2_X2_Y3,3392.451665,16.023576,50.451665,447.569132,3342.0,3789.569132,25,0.437235,0.239354,1772649257.44477
FP000097,L0_X0_Y2,L0_X10_Y3,6,L2_X3_Y3,3408.446518,15.994853,66.446518,447.569132,3342.0,3789.569132,25,0.437235,0.239354,1772649257.44477
FP000097,L0_X0_Y2,L0_X10_Y3,7,L2_X4_Y3,3424.44138,15.994862,82.44138,447.569132,3342.0,3789.569132,25,0.437235,0.239354,1772649257.44477
FP000097,L0_X0_Y2,L0_X10_Y3,8,L2_X5_Y3,3440.436251,15.994871,98.436251,447.569132,3342.0,3789.569132,25,0.437235,0.239354,1772649257.44477
FP000097,L0_X0_Y2,L0_X10_Y3,9,L2_X6_Y3,3456.43113,15.994879,114.43113,447.569132,3342.0,3789.569132,25,0.437235,0.239354,1772649257.44477
FP000097,L0_X0_Y2,L0_X10_Y3,10,L2_X7_Y3,3472.426018,15.994888,130.426018,447.569132,3342.0,3789.569132,25,0.437235,0.239354,1772649257.44477
FP000097,L0_X0_Y2,L0_X10_Y3,11,L1_X7_Y3,3473.645218,1.2192,131.645218,447.569132,3342.0,3789.569132,25,0.437235,0.239354,1772649257.44477
FP000097,L0_X0_Y2,L0_X10_Y3,12,L1_X8_Y3,3489.640114,15.994896,147.640114,447.569132,3342.0,3789.569132,25,0.437235,0.239354,1772649257.44477
FP000097,L0_X0_Y2,L0_X10_Y3,13,L1_X9_Y3,3505.635019,15.994905,163.635019,447.569132,3342.0,3789.569132,25,0.437235,0.239354,1772649257.44477
FP000097,L0_X0_Y2,L0_X10_Y3,14,L1_X10_Y3,3521.629933,15.994914,179.629933,447.569132,3342.0,3789.569132,25,0.437235,0.239354,1772649257.44477
FP000097,L0_X0_Y2,L0_X10_Y3,15,L0_X10_Y3,3522.849133,1.2192,180.849133,447.569132,3342.0,3789.569132,25,0.437235,0.239354,1772649257.44477
FP000097,L0_X0_Y2,L0_X10_Y3,16,L0_X10_Y3,3582.849133,60.0,240.849133,447.569132,3342.0,3789.569132,25,0.437235,0.239354,1772649257.44477
FP000097,L0_X0_Y2,L0_X10_Y3,17,L1_X10_Y3,3605.068333,22.2192,263.068333,447.569132,3342.0,3789.569132,25,0.437235,0.239354,1772649257.44477
FP000097,L0_X0_Y2,L0_X10_Y3,18,L2_X10_Y3,3606.287533,1.2192,264.287533,447.569132,3342.0,3789.569132,25,0.437235,0.239354,1772649257.44477
FP000097,L0_X0_Y2,L0_X10_Y3,19,L3_X10_Y3,3607.506733,1.2192,265.506733,447.569132,3342.0,3789.569132,25,0.437235,0.239354,1772649257.44477
FP000097,L0_X0_Y2,L0_X10_Y3,20,L3_X10_Y2,3623.524342,16.01761,281.524342,447.569132,3342.0,3789.569132,25,0.437235,0.239354,1772649257.44477
FP000097,L0_X0_Y2,L0_X10_Y3,21,L3_X9_Y2,3639.51926,15.994918,297.51926,447.569132,3342.0,3789.569132,25,0.437235,0.239354,1772649257.44477
FP000097,L0_X0_Y2,L0_X10_Y3,22,L3_X8_Y2,3655.514169,15.994909,313.514169,447.569132,3342.0,3789.569132,25,0.437235,0.239354,1772649257.44477
FP000097,L0_X0_Y2,L0_X10_Y3,23,L3_X7_Y2,3671.50907,15.994901,329.50907,447.569132,3342.0,3789.569132,25,0.437235,0.239354,1772649257.44477
FP000097,L0_X0_Y2,L0_X10_Y3,24,L3_X6_Y2,3687.503962,15.994892,345.503962,447.569132,3342.0,3789.569132,25,0.437235,0.239354,1772649257.44477
FP000097,L0_X0_Y2,L0_X10_Y3,25,L3_X5_Y2,3703.498845,15.994883,361.498845,447.569132,3342.0,3789.569132,25,0.437235,0.239354,1772649257.44477
FP000097,L0_X0_Y2,L0_X10_Y3,26,L3_X4_Y2,3719.49372,15.994875,377.49372,447.569132,3342.0,3789.569132,25,0.437235,0.239354,1772649257.44477
FP000097,L0_X0_Y2,L0_X10_Y3,27,L3_X3_Y2,3735.488586,15.994866,393.488586,447.569132,3342.0,3789.569132,25,0.437235,0.239354,1772649257.44477
FP000097,L0_X0_Y2,L0_X10_Y3,28,L3_X2_Y2,3751.483443,15.994857,409.483443,447.569132,3342.0,3789.569132,25,0.437235,0.239354,1772649257.44477
FP000097,L0_X0_Y2,L0_X10_Y3,29,L3_X1_Y2,3767.478292,15.994849,425.478292,447.569132,3342.0,3789.569132,25,0.437235,0.239354,1772649257.44477
FP000097,L0_X0_Y2,L0_X10_Y3,30,L3_X0_Y2,3783.473132,15.99484,441.473132,447.569132,3342.0,3789.569132,25,0.437235,0.239354,1772649257.44477
FP000097,L0_X0_Y2,L0_X10_Y3,31,L4_X0_Y2,3784.692332,1.2192,442.692332,447.569132,3342.0,3789.569132,25,0.437235,0.239354,1772649257.44477
FP000097,L0_X0_Y2,L0_X10_Y3,32,L3_X0_Y2,3785.911532,1.2192,443.911532,447.569132,3342.0,3789.569132,25,0.437235,0.239354,1772649257.44477
FP000097,L0_X0_Y2,L0_X10_Y3,33,L2_X0_Y2,3787.130732,1.2192,445.130732,447.569132,3342.0,3789.569132,25,0.437235,0.239354,1772649257.44477
FP000097,L0_X0_Y2,L0_X10_Y3,34,L1_X0_Y2,3788.349932,1.2192,446.349932,447.569132,3342.0,3789.569132,25,0.437235,0.239354,1772649257.44477
FP000097,L0_X0_Y2,L0_X10_Y3,35,L0_X0_Y2,3789.569132,1.2192,447.569132,447.569132,3342.0,3789.569132,25,0.437235,0.239354,1772649257.44477
FP000098,L0_X14_Y6,L0_X2_Y3,0,L0_X14_Y6,3358.0,0.0,0.0,586.161769,3345.0,3931.161769,25,0.634087,0.48175,1772649258.123833
FP000098,L0_X14_Y6,L0_X2_Y3,1,L1_X14_Y6,3359.2192,1.2192,14.2192,586.161769,3345.0,3931.161769,25,0.634087,0.48175,1772649258.123833
FP000098,L0_X14_Y6,L0_X2_Y3,2,L2_X14_Y6,3360.4384,1.2192,15.4384,586.161769,3345.0,3931.161769,25,0.634087,0.48175,1772649258.123833
FP000098,L0_X14_Y6,L0_X2_Y3,3,L2_X14_Y5,3376.453013,16.014613,31.453013,586.161769,3345.0,3931.161769,25,0.634087,0.48175,1772649258.123833
FP000098,L0_X14_Y6,L0_X2_Y3,4,L3_X14_Y5,3377.672213,1.2192,32.672213,586.161769,3345.0,3931.161769,25,0.634087,0.48175,1772649258.123833
FP000098,L0_X14_Y6,L0_X2_Y3,5,L3_X14_Y4,3393.686829,16.014617,48.686829,586.161769,3345.0,3931.161769,25,0.634087,0.48175,1772649258.123833
FP000098,L0_X14_Y6,L0_X2_Y3,6,L3_X13_Y4,3409.681773,15.994944,64.681773,586.161769,3345.0,3931.161769,25,0.634087,0.48175,1772649258.123833
FP000098,L0_X14_Y6,L0_X2_Y3,7,L3_X12_Y4,3425.676709,15.994935,80.676709,586.161769,3345.0,3931.161769,25,0.634087,0.48175,1772649258.123833
FP000098,L0_X14_Y6,L0_X2_Y3,8,L3_X11_Y4,3441.671635,15.994927,96.671635,586.161769,3345.0,3931.161769,25,0.634087,0.48175,1772649258.123833
FP000098,L0_X14_Y6,L0_X2_Y3,9,L3_X10_Y4,3457.666554,15.994918,112.666554,586.161769,3345.0,3931.161769,25,0.634087,0.48175,1772649258.123833
FP000098,L0_X14_Y6,L0_X2_Y3,10,L3_X9_Y4,3473.661463,15.994909,128.661463,586.161769,3345.0,3931.161769,25,0.634087,0.48175,1772649258.123833
FP000098,L0_X14_Y6,L0_X2_Y3,11,L3_X8_Y4,3489.656364,15.994901,144.656364,586.161769,3345.0,3931.161769,25,0.634087,0.48175,1772649258.123833
FP000098,L0_X14_Y6,L0_X2_Y3,12,L3_X8_Y3,3505.675461,16.019097,160.675461,586.161769,3345.0,3931.161769,25,0.634087,0.48175,1772649258.123833
FP000098,L0_X14_Y6,L0_X2_Y3,13,L3_X7_Y3,3521.670357,15.994896,176.670357,586.161769,3345.0,3931.161769,25,0.634087,0.48175,1772649258.123833
FP000098,L0_X14_Y6,L0_X2_Y3,14,L3_X6_Y3,3537.665245,15.994888,192.665245,586.161769,3345.0,3931.161769,25,0.634087,0.48175,1772649258.123833
FP000098,L0_X14_Y6,L0_X2_Y3,15,L3_X5_Y3,3553.660124,15.994879,208.660124,586.161769,3345.0,3931.161769,25,0.634087,0.48175,1772649258.123833
FP000098,L0_X14_Y6,L0_X2_Y3,16,L3_X4_Y3,3569.654995,15.994871,224.654995,586.161769,3345.0,3931.161769,25,0.634087,0.48175,1772649258.123833
FP000098,L0_X14_Y6,L0_X2_Y3,17,L3_X3_Y3,3585.649857,15.994862,240.649857,586.161769,3345.0,3931.161769,25,0.634087,0.48175,1772649258.123833
FP000098,L0_X14_Y6,L0_X2_Y3,18,L3_X2_Y3,3601.64471,15.994853,256.64471,586.161769,3345.0,3931.161769,25,0.634087,0.48175,1772649258.123833
FP000098,L0_X14_Y6,L0_X2_Y3,19,L2_X2_Y3,3602.86391,1.2192,257.86391,586.161769,3345.0,3931.161769,25,0.634087,0.48175,1772649258.123833
FP000098,L0_X14_Y6,L0_X2_Y3,20,L1_X2_Y3,3604.08311,1.2192,259.08311,586.161769,3345.0,3931.161769,25,0.634087,0.48175,1772649258.123833
FP000098,L0_X14_Y6,L0_X2_Y3,21,L0_X2_Y3,3605.30231,1.2192,260.30231,586.161769,3345.0,3931.161769,25,0.634087,0.48175,1772649258.123833
FP000098,L0_X14_Y6,L0_X2_Y3,22,L0_X2_Y3,3665.30231,60.0,320.30231,586.161769,3345.0,3931.161769,25,0.634087,0.48175,1772649258.123833
FP000098,L0_X14_Y6,L0_X2_Y3,23,L1_X2_Y3,3687.52151,22.2192,342.52151,586.161769,3345.0,3931.161769,25,0.634087,0.48175,1772649258.123833
FP000098,L0_X14_Y6,L0_X2_Y3,24,L2_X2_Y3,3688.74071,1.2192,343.74071,586.161769,3345.0,3931.161769,25,0.634087,0.48175,1772649258.123833
FP000098,L0_X14_Y6,L0_X2_Y3,25,L2_X3_Y3,3704.735563,15.994853,359.735563,586.161769,3345.0,3931.161769,25,0.634087,0.48175,1772649258.123833
FP000098,L0_X14_Y6,L0_X2_Y3,26,L2_X4_Y3,3720.730425,15.994862,375.730425,586.161769,3345.0,3931.161769,25,0.634087,0.48175,1772649258.123833
FP000098,L0_X14_Y6,L0_X2_Y3,27,L2_X5_Y3,3736.725296,15.994871,391.725296,586.161769,3345.0,3931.161769,25,0.634087,0.48175,1772649258.123833
FP000098,L0_X14_Y6,L0_X2_Y3,28,L2_X6_Y3,3752.720175,15.994879,407.720175,586.161769,3345.0,3931.161769,25,0.634087,0.48175,1772649258.123833
FP000098,L0_X14_Y6,L0_X2_Y3,29,L2_X7_Y3,3768.715062,15.994888,423.715062,586.161769,3345.0,3931.161769,25,0.634087,0.48175,1772649258.123833
FP000098,L0_X14_Y6,L0_X2_Y3,30,L2_X8_Y3,3784.709959,15.994896,439.709959,586.161769,3345.0,3931.161769,25,0.634087,0.48175,1772649258.123833
FP000098,L0_X14_Y6,L0_X2_Y3,31,L2_X9_Y3,3800.704864,15.994905,455.704864,586.161769,3345.0,3931.161769,25,0.634087,0.48175,1772649258.123833
FP000098,L0_X14_Y6,L0_X2_Y3,32,L2_X10_Y3,3816.699778,15.994914,471.699778,586.161769,3345.0,3931.161769,25,0.634087,0.48175,1772649258.123833
FP000098,L0_X14_Y6,L0_X2_Y3,33,L2_X11_Y3,3832.6947,15.994922,487.6947,586.161769,3345.0,3931.161769,25,0.634087,0.48175,1772649258.123833
FP000098,L0_X14_Y6,L0_X2_Y3,34,L2_X12_Y3,3848.689631,15.994931,503.689631,586.161769,3345.0,3931.161769,25,0.634087,0.48175,1772649258.123833
FP000098,L0_X14_Y6,L0_X2_Y3,35,L2_X13_Y3,3864.68457,15.99494,519.68457,586.161769,3345.0,3931.161769,25,0.634087,0.48175,1772649258.123833
FP000098,L0_X14_Y6,L0_X2_Y3,36,L2_X14_Y3,3880.679518,15.994948,535.679518,586.161769,3345.0,3931.161769,25,0.634087,0.48175,1772649258.123833
FP000098,L0_X14_Y6,L0_X2_Y3,37,L2_X14_Y4,3896.694139,16.014621,551.694139,586.161769,3345.0,3931.161769,25,0.634087,0.48175,1772649258.123833
FP000098,L0_X14_Y6,L0_X2_Y3,38,L2_X14_Y5,3912.708756,16.014617,567.708756,586.161769,3345.0,3931.161769,25,0.634087,0.48175,1772649258.123833
FP000098,L0_X14_Y6,L0_X2_Y3,39,L2_X14_Y6,3928.723369,16.014613,583.723369,586.161769,3345.0,3931.161769,25,0.634087,0.48175,1772649258.123833
FP000098,L0_X14_Y6,L0_X2_Y3,40,L1_X14_Y6,3929.942569,1.2192,584.942569,586.161769,3345.0,3931.161769,25,0.634087,0.48175,1772649258.123833
FP000098,L0_X14_Y6,L0_X2_Y3,41,L0_X14_Y6,3931.161769,1.2192,586.161769,586.161769,3345.0,3931.161769,25,0.634087,0.48175,1772649258.123833
FP000099,L0_X14_Y6,L0_X5_Y3,0,L0_X14_Y6,3379.0,0.0,0.0,493.757165,3360.0,3853.757165,25,0.193829,0.682682,1772649258.366262
FP000099,L0_X14_Y6,L0_X5_Y3,1,L1_X14_Y6,3380.2192,1.2192,20.2192,493.757165,3360.0,3853.757165,25,0.193829,0.682682,1772649258.366262
FP000099,L0_X14_Y6,L0_X5_Y3,2,L2_X14_Y6,3381.4384,1.2192,21.4384,493.757165,3360.0,3853.757165,25,0.193829,0.682682,1772649258.366262
FP000099,L0_X14_Y6,L0_X5_Y3,3,L2_X13_Y6,3397.433336,15.994936,37.433336,493.757165,3360.0,3853.757165,25,0.193829,0.682682,1772649258.366262
FP000099,L0_X14_Y6,L0_X5_Y3,4,L2_X12_Y6,3413.428263,15.994927,53.428263,493.757165,3360.0,3853.757165,25,0.193829,0.682682,1772649258.366262
FP000099,L0_X14_Y6,L0_X5_Y3,5,L2_X11_Y6,3429.423181,15.994918,69.423181,493.757165,3360.0,3853.757165,25,0.193829,0.682682,1772649258.366262
FP000099,L0_X14_Y6,L0_X5_Y3,6,L2_X11_Y5,3445.440032,16.016851,85.440032,493.757165,3360.0,3853.757165,25,0.193829,0.682682,1772649258.366262
FP000099,L0_X14_Y6,L0_X5_Y3,7,L2_X11_Y4,3461.456887,16.016855,101.456887,493.757165,3360.0,3853.757165,25,0.193829,0.682682,1772649258.366262
FP000099,L0_X14_Y6,L0_X5_Y3,8,L2_X10_Y4,3477.451805,15.994918,117.451805,493.757165,3360.0,3853.757165,25,0.193829,0.682682,1772649258.366262
FP000099,L0_X14_Y6,L0_X5_Y3,9,L2_X10_Y3,3493.46941,16.017605,133.46941,493.757165,3360.0,3853.757165,25,0.193829,0.682682,1772649258.366262
FP000099,L0_X14_Y6,L0_X5_Y3,10,L2_X9_Y3,3509.464324,15.994914,149.464324,493.757165,3360.0,3853.757165,25,0.193829,0.682682,1772649258.366262
FP000099,L0_X14_Y6,L0_X5_Y3,11,L2_X8_Y3,3525.459229,15.994905,165.459229,493.757165,3360.0,3853.757165,25,0.193829,0.682682,1772649258.366262
FP000099,L0_X14_Y6,L0_X5_Y3,12,L2_X7_Y3,3541.454125,15.994896,181.454125,493.757165,3360.0,3853.757165,25,0.193829,0.682682,1772649258.366262
FP000099,L0_X14_Y6,L0_X5_Y3,13,L2_X6_Y3,3557.449013,15.994888,197.449013,493.757165,3360.0,3853.757165,25,0.193829,0.682682,1772649258.366262
FP000099,L0_X14_Y6,L0_X5_Y3,14,L1_X6_Y3,3558.668213,1.2192,198.668213,493.757165,3360.0,3853.757165,25,0.193829,0.682682,1772649258.366262
FP000099,L0_X14_Y6,L0_X5_Y3,15,L1_X5_Y3,3574.663092,15.994879,214.663092,493.757165,3360.0,3853.757165,25,0.193829,0.682682,1772649258.366262
FP000099,L0_X14_Y6,L0_X5_Y3,16,L0_X5_Y3,3575.882292,1.2192,215.882292,493.757165,3360.0,3853.757165,25,0.193829,0.682682,1772649258.366262
FP000099,L0_X14_Y6,L0_X5_Y3,17,L0_X5_Y3,3635.882292,60.0,275.882292,493.757165,3360.0,3853.757165,25,0.193829,0.682682,1772649258.366262
FP000099,L0_X14_Y6,L0_X5_Y3,18,L1_X5_Y3,3658.101492,22.2192,298.101492,493.757165,3360.0,3853.757165,25,0.193829,0.682682,1772649258.366262
FP000099,L0_X14_Y6,L0_X5_Y3,19,L1_X6_Y3,3674.096371,15.994879,314.096371,493.757165,3360.0,3853.757165,25,0.193829,0.682682,1772649258.366262
FP000099,L0_X14_Y6,L0_X5_Y3,20,L1_X7_Y3,3690.091259,15.994888,330.091259,493.757165,3360.0,3853.757165,25,0.193829,0.682682,1772649258.366262
FP000099,L0_X14_Y6,L0_X5_Y3,21,L1_X8_Y3,3706.086155,15.994896,346.086155,493.757165,3360.0,3853.757165,25,0.193829,0.682682,1772649258.366262
FP000099,L0_X14_Y6,L0_X5_Y3,22,L2_X8_Y3,3707.305355,1.2192,347.305355,493.757165,3360.0,3853.757165,25,0.193829,0.682682,1772649258.366262
FP000099,L0_X14_Y6,L0_X5_Y3,23,L2_X9_Y3,3723.30026,15.994905,363.30026,493.757165,3360.0,3853.757165,25,0.193829,0.682682,1772649258.366262
FP000099,L0_X14_Y6,L0_X5_Y3,24,L2_X10_Y3,3739.295174,15.994914,379.295174,493.757165,3360.0,3853.757165,25,0.193829,0.682682,1772649258.366262
FP000099,L0_X14_Y6,L0_X5_Y3,25,L2_X11_Y3,3755.290096,15.994922,395.290096,493.757165,3360.0,3853.757165,25,0.193829,0.682682,1772649258.366262
FP000099,L0_X14_Y6,L0_X5_Y3,26,L2_X12_Y3,3771.285027,15.994931,411.285027,493.757165,3360.0,3853.757165,25,0.193829,0.682682,1772649258.366262
FP000099,L0_X14_Y6,L0_X5_Y3,27,L2_X13_Y3,3787.279967,15.99494,427.279967,493.757165,3360.0,3853.757165,25,0.193829,0.682682,1772649258.366262
FP000099,L0_X14_Y6,L0_X5_Y3,28,L2_X14_Y3,3803.274915,15.994948,443.274915,493.757165,3360.0,3853.757165,25,0.193829,0.682682,1772649258.366262
FP000099,L0_X14_Y6,L0_X5_Y3,29,L2_X14_Y4,3819.289536,16.014621,459.289536,493.757165,3360.0,3853.757165,25,0.193829,0.682682,1772649258.366262
FP000099,L0_X14_Y6,L0_X5_Y3,30,L2_X14_Y5,3835.304152,16.014617,475.304152,493.757165,3360.0,3853.757165,25,0.193829,0.682682,1772649258.366262
FP000099,L0_X14_Y6,L0_X5_Y3,31,L2_X14_Y6,3851.318765,16.014613,491.318765,493.757165,3360.0,3853.757165,25,0.193829,0.682682,1772649258.366262
FP000099,L0_X14_Y6,L0_X5_Y3,32,L1_X14_Y6,3852.537965,1.2192,492.537965,493.757165,3360.0,3853.757165,25,0.193829,0.682682,1772649258.366262
FP000099,L0_X14_Y6,L0_X5_Y3,33,L0_X14_Y6,3853.757165,1.2192,493.757165,493.757165,3360.0,3853.757165,25,0.193829,0.682682,1772649258.366262
FP000100,L0_X14_Y6,L0_X4_Y6,0,L0_X14_Y6,3550.0,0.0,0.0,479.598787,3550.0,4029.598787,25,0.133609,0.238142,1772649258.546303
FP000100,L0_X14_Y6,L0_X4_Y6,1,L1_X14_Y6,3551.2192,1.2192,1.2192,479.598787,3550.0,4029.598787,25,0.133609,0.238142,1772649258.546303
FP000100,L0_X14_Y6,L0_X4_Y6,2,L2_X14_Y6,3552.4384,1.2192,2.4384,479.598787,3550.0,4029.598787,25,0.133609,0.238142,1772649258.546303
FP000100,L0_X14_Y6,L0_X4_Y6,3,L3_X14_Y6,3553.6576,1.2192,3.6576,479.598787,3550.0,4029.598787,25,0.133609,0.238142,1772649258.546303
FP000100,L0_X14_Y6,L0_X4_Y6,4,L3_X14_Y5,3569.672213,16.014613,19.672213,479.598787,3550.0,4029.598787,25,0.133609,0.238142,1772649258.546303
FP000100,L0_X14_Y6,L0_X4_Y6,5,L3_X13_Y5,3585.667152,15.99494,35.667152,479.598787,3550.0,4029.598787,25,0.133609,0.238142,1772649258.546303
FP000100,L0_X14_Y6,L0_X4_Y6,6,L3_X12_Y5,3601.662084,15.994931,51.662084,479.598787,3550.0,4029.598787,25,0.133609,0.238142,1772649258.546303
FP000100,L0_X14_Y6,L0_X4_Y6,7,L3_X11_Y5,3617.657006,15.994923,67.657006,479.598787,3550.0,4029.598787,25,0.133609,0.238142,1772649258.546303
FP000100,L0_X14_Y6,L0_X4_Y6,8,L3_X10_Y5,3633.65192,15.994914,83.65192,479.598787,3550.0,4029.598787,25,0.133609,0.238142,1772649258.546303
FP000100,L0_X14_Y6,L0_X4_Y6,9,L3_X9_Y5,3649.646825,15.994905,99.646825,479.598787,3550.0,4029.598787,25,0.133609,0.238142,1772649258.546303
FP000100,L0_X14_Y6,L0_X4_Y6,10,L3_X8_Y5,3665.641722,15.994897,115.641722,479.598787,3550.0,4029.598787,25,0.133609,0.238142,1772649258.546303
FP000100,L0_X14_Y6,L0_X4_Y6,11,L3_X7_Y5,3681.63661,15.994888,131.63661,479.598787,3550.0,4029.598787,25,0.133609,0.238142,1772649258.546303
FP000100,L0_X14_Y6,L0_X4_Y6,12,L3_X6_Y5,3697.631489,15.994879,147.631489,479.598787,3550.0,4029.598787,25,0.133609,0.238142,1772649258.546303
FP000100,L0_X14_Y6,L0_X4_Y6,13,L3_X6_Y6,3713.652069,16.020579,163.652069,479.598787,3550.0,4029.598787,25,0.133609,0.238142,1772649258.546303
FP000100,L0_X14_Y6,L0_X4_Y6,14,L3_X5_Y6,3729.646935,15.994867,179.646935,479.598787,3550.0,4029.598787,25,0.133609,0.238142,1772649258.546303
FP000100,L0_X14_Y6,L0_X4_Y6,15,L3_X4_Y6,3745.641793,15.994858,195.641793,479.598787,3550.0,4029.598787,25,0.133609,0.238142,1772649258.546303
FP000100,L0_X14_Y6,L0_X4_Y6,16,L2_X4_Y6,3746.860993,1.2192,196.860993,479.598787,3550.0,4029.598787,25,0.133609,0.238142,1772649258.546303
FP000100,L0_X14_Y6,L0_X4_Y6,17,L1_X4_Y6,3748.080193,1.2192,198.080193,479.598787,3550.0,4029.598787,25,0.133609,0.238142,1772649258.546303
FP000100,L0_X14_Y6,L0_X4_Y6,18,L0_X4_Y6,3749.299393,1.2192,199.299393,479.598787,3550.0,4029.598787,25,0.133609,0.238142,1772649258.546303
FP000100,L0_X14_Y6,L0_X4_Y6,19,L0_X4_Y6,3809.299393,60.0,259.299393,479.598787,3550.0,4029.598787,25,0.133609,0.238142,1772649258.546303
FP000100,L0_X14_Y6,L0_X4_Y6,20,L1_X4_Y6,3831.518593,22.2192,281.518593,479.598787,3550.0,4029.598787,25,0.133609,0.238142,1772649258.546303
FP000100,L0_X14_Y6,L0_X4_Y6,21,L2_X4_Y6,3832.737793,1.2192,282.737793,479.598787,3550.0,4029.598787,25,0.133609,0.238142,1772649258.546303
FP000100,L0_X14_Y6,L0_X4_Y6,22,L3_X4_Y6,3833.956993,1.2192,283.956993,479.598787,3550.0,4029.598787,25,0.133609,0.238142,1772649258.546303
FP000100,L0_X14_Y6,L0_X4_Y6,23,L3_X5_Y6,3849.951851,15.994858,299.951851,479.598787,3550.0,4029.598787,25,0.133609,0.238142,1772649258.546303
FP000100,L0_X14_Y6,L0_X4_Y6,24,L3_X6_Y6,3865.946718,15.994867,315.946718,479.598787,3550.0,4029.598787,25,0.133609,0.238142,1772649258.546303
FP000100,L0_X14_Y6,L0_X4_Y6,25,L3_X6_Y5,3881.967297,16.020579,331.967297,479.598787,3550.0,4029.598787,25,0.133609,0.238142,1772649258.546303
FP000100,L0_X14_Y6,L0_X4_Y6,26,L3_X7_Y5,3897.962177,15.994879,347.962177,479.598787,3550.0,4029.598787,25,0.133609,0.238142,1772649258.546303
FP000100,L0_X14_Y6,L0_X4_Y6,27,L3_X8_Y5,3913.957065,15.994888,363.957065,479.598787,3550.0,4029.598787,25,0.133609,0.238142,1772649258.546303
FP000100,L0_X14_Y6,L0_X4_Y6,28,L3_X9_Y5,3929.951961,15.994897,379.951961,479.598787,3550.0,4029.598787,25,0.133609,0.238142,1772649258.546303
FP000100,L0_X14_Y6,L0_X4_Y6,29,L3_X10_Y5,3945.946867,15.994905,395.946867,479.598787,3550.0,4029.598787,25,0.133609,0.238142,1772649258.546303
FP000100,L0_X14_Y6,L0_X4_Y6,30,L3_X11_Y5,3961.94178,15.994914,411.94178,479.598787,3550.0,4029.598787,25,0.133609,0.238142,1772649258.546303
FP000100,L0_X14_Y6,L0_X4_Y6,31,L3_X12_Y5,3977.936703,15.994923,427.936703,479.598787,3550.0,4029.598787,25,0.133609,0.238142,1772649258.546303
FP000100,L0_X14_Y6,L0_X4_Y6,32,L3_X13_Y5,3993.931634,15.994931,443.931634,479.598787,3550.0,4029.598787,25,0.133609,0.238142,1772649258.546303
FP000100,L0_X14_Y6,L0_X4_Y6,33,L3_X14_Y5,4009.926574,15.99494,459.926574,479.598787,3550.0,4029.598787,25,0.133609,0.238142,1772649258.546303
FP000100,L0_X14_Y6,L0_X4_Y6,34,L3_X14_Y6,4025.941187,16.014613,475.941187,479.598787,3550.0,4029.598787,25,0.133609,0.238142,1772649258.546303
FP000100,L0_X14_Y6,L0_X4_Y6,35,L2_X14_Y6,4027.160387,1.2192,477.160387,479.598787,3550.0,4029.598787,25,0.133609,0.238142,1772649258.546303
FP000100,L0_X14_Y6,L0_X4_Y6,36,L1_X14_Y6,4028.379587,1.2192,478.379587,479.598787,3550.0,4029.598787,25,0.133609,0.238142,1772649258.546303
FP000100,L0_X14_Y6,L0_X4_Y6,37,L0_X14_Y6,4029.598787,1.2192,479.598787,479.598787,3550.0,4029.598787,25,0.133609,0.238142,1772649258.546303
FP000101,L0_X0_Y2,L0_X3_Y5,0,L0_X0_Y2,3674.0,0.0,0.0,324.860388,3632.0,3956.860388,25,0.03752,0.176895,1772649261.151927
FP000101,L0_X0_Y2,L0_X3_Y5,1,L1_X0_Y2,3675.2192,1.2192,43.2192,324.860388,3632.0,3956.860388,25,0.03752,0.176895,1772649261.151927
FP000101,L0_X0_Y2,L0_X3_Y5,2,L2_X0_Y2,3676.4384,1.2192,44.4384,324.860388,3632.0,3956.860388,25,0.03752,0.176895,1772649261.151927
FP000101,L0_X0_Y2,L0_X3_Y5,3,L2_X1_Y2,3692.43324,15.99484,60.43324,324.860388,3632.0,3956.860388,25,0.03752,0.176895,1772649261.151927
FP000101,L0_X0_Y2,L0_X3_Y5,4,L2_X2_Y2,3708.428089,15.994849,76.428089,324.860388,3632.0,3956.860388,25,0.03752,0.176895,1772649261.151927
FP000101,L0_X0_Y2,L0_X3_Y5,5,L2_X2_Y3,3724.451665,16.023576,92.451665,324.860388,3632.0,3956.860388,25,0.03752,0.176895,1772649261.151927
FP000101,L0_X0_Y2,L0_X3_Y5,6,L2_X3_Y3,3740.446518,15.994853,108.446518,324.860388,3632.0,3956.860388,25,0.03752,0.176895,1772649261.151927
FP000101,L0_X0_Y2,L0_X3_Y5,7,L2_X3_Y4,3756.469344,16.022826,124.469344,324.860388,3632.0,3956.860388,25,0.03752,0.176895,1772649261.151927
FP000101,L0_X0_Y2,L0_X3_Y5,8,L2_X3_Y5,3772.492165,16.022821,140.492165,324.860388,3632.0,3956.860388,25,0.03752,0.176895,1772649261.151927
FP000101,L0_X0_Y2,L0_X3_Y5,9,L1_X3_Y5,3773.711365,1.2192,141.711365,324.860388,3632.0,3956.860388,25,0.03752,0.176895,1772649261.151927
FP000101,L0_X0_Y2,L0_X3_Y5,10,L0_X3_Y5,3774.930565,1.2192,142.930565,324.860388,3632.0,3956.860388,25,0.03752,0.176895,1772649261.151927
FP000101,L0_X0_Y2,L0_X3_Y5,11,L0_X3_Y5,3834.930565,60.0,202.930565,324.860388,3632.0,3956.860388,25,0.03752,0.176895,1772649261.151927
FP000101,L0_X0_Y2,L0_X3_Y5,12,L1_X3_Y5,3857.149765,22.2192,225.149765,324.860388,3632.0,3956.860388,25,0.03752,0.176895,1772649261.151927
FP000101,L0_X0_Y2,L0_X3_Y5,13,L2_X3_Y5,3858.368965,1.2192,226.368965,324.860388,3632.0,3956.860388,25,0.03752,0.176895,1772649261.151927
FP000101,L0_X0_Y2,L0_X3_Y5,14,L2_X3_Y4,3874.391786,16.022821,242.391786,324.860388,3632.0,3956.860388,25,0.03752,0.176895,1772649261.151927
FP000101,L0_X0_Y2,L0_X3_Y5,15,L2_X3_Y3,3890.414611,16.022826,258.414611,324.860388,3632.0,3956.860388,25,0.03752,0.176895,1772649261.151927
FP000101,L0_X0_Y2,L0_X3_Y5,16,L2_X3_Y2,3906.437442,16.022831,274.437442,324.860388,3632.0,3956.860388,25,0.03752,0.176895,1772649261.151927
FP000101,L0_X0_Y2,L0_X3_Y5,17,L2_X2_Y2,3922.432299,15.994857,290.432299,324.860388,3632.0,3956.860388,25,0.03752,0.176895,1772649261.151927
FP000101,L0_X0_Y2,L0_X3_Y5,18,L2_X1_Y2,3938.427148,15.994849,306.427148,324.860388,3632.0,3956.860388,25,0.03752,0.176895,1772649261.151927
FP000101,L0_X0_Y2,L0_X3_Y5,19,L2_X0_Y2,3954.421988,15.99484,322.421988,324.860388,3632.0,3956.860388,25,0.03752,0.176895,1772649261.151927
FP000101,L0_X0_Y2,L0_X3_Y5,20,L1_X0_Y2,3955.641188,1.2192,323.641188,324.860388,3632.0,3956.860388,25,0.03752,0.176895,1772649261.151927
FP000101,L0_X0_Y2,L0_X3_Y5,21,L0_X0_Y2,3956.860388,1.2192,324.860388,324.860388,3632.0,3956.860388,25,0.03752,0.176895,1772649261.151927
FP000102,L0_X0_Y2,L0_X10_Y3,0,L0_X0_Y2,3695.0,0.0,0.0,482.693074,3655.0,4137.693074,25,0.097033,0.064057,1772649261.978458
FP000102,L0_X0_Y2,L0_X10_Y3,1,L1_X0_Y2,3696.2192,1.2192,41.2192,482.693074,3655.0,4137.693074,25,0.097033,0.064057,1772649261.978458
FP000102,L0_X0_Y2,L0_X10_Y3,2,L2_X0_Y2,3697.4384,1.2192,42.4384,482.693074,3655.0,4137.693074,25,0.097033,0.064057,1772649261.978458
FP000102,L0_X0_Y2,L0_X10_Y3,3,L2_X1_Y2,3713.43324,15.99484,58.43324,482.693074,3655.0,4137.693074,25,0.097033,0.064057,1772649261.978458
FP000102,L0_X0_Y2,L0_X10_Y3,4,L2_X1_Y3,3729.457562,16.024322,74.457562,482.693074,3655.0,4137.693074,25,0.097033,0.064057,1772649261.978458
FP000102,L0_X0_Y2,L0_X10_Y3,5,L2_X2_Y3,3745.452406,15.994845,90.452406,482.693074,3655.0,4137.693074,25,0.097033,0.064057,1772649261.978458
FP000102,L0_X0_Y2,L0_X10_Y3,6,L2_X3_Y3,3761.44726,15.994853,106.44726,482.693074,3655.0,4137.693074,25,0.097033,0.064057,1772649261.978458
FP000102,L0_X0_Y2,L0_X10_Y3,7,L2_X4_Y3,3777.442122,15.994862,122.442122,482.693074,3655.0,4137.693074,25,0.097033,0.064057,1772649261.978458
FP000102,L0_X0_Y2,L0_X10_Y3,8,L2_X5_Y3,3793.436992,15.994871,138.436992,482.693074,3655.0,4137.693074,25,0.097033,0.064057,1772649261.978458
FP000102,L0_X0_Y2,L0_X10_Y3,9,L2_X6_Y3,3809.431871,15.994879,154.431871,482.693074,3655.0,4137.693074,25,0.097033,0.064057,1772649261.978458
FP000102,L0_X0_Y2,L0_X10_Y3,10,L1_X6_Y3,3810.651071,1.2192,155.651071,482.693074,3655.0,4137.693074,25,0.097033,0.064057,1772649261.978458
FP000102,L0_X0_Y2,L0_X10_Y3,11,L1_X7_Y3,3826.645959,15.994888,171.645959,482.693074,3655.0,4137.693074,25,0.097033,0.064057,1772649261.978458
FP000102,L0_X0_Y2,L0_X10_Y3,12,L1_X8_Y3,3842.640855,15.994896,187.640855,482.693074,3655.0,4137.693074,25,0.097033,0.064057,1772649261.978458
FP000102,L0_X0_Y2,L0_X10_Y3,13,L1_X9_Y3,3858.63576,15.994905,203.63576,482.693074,3655.0,4137.693074,25,0.097033,0.064057,1772649261.978458
FP000102,L0_X0_Y2,L0_X10_Y3,14,L1_X10_Y3,3874.630674,15.994914,219.630674,482.693074,3655.0,4137.693074,25,0.097033,0.064057,1772649261.978458
FP000102,L0_X0_Y2,L0_X10_Y3,15,L0_X10_Y3,3875.849874,1.2192,220.849874,482.693074,3655.0,4137.693074,25,0.097033,0.064057,1772649261.978458
FP000102,L0_X0_Y2,L0_X10_Y3,16,L0_X10_Y3,3935.849874,60.0,280.849874,482.693074,3655.0,4137.693074,25,0.097033,0.064057,1772649261.978458
FP000102,L0_X0_Y2,L0_X10_Y3,17,L1_X10_Y3,3958.069074,22.2192,303.069074,482.693074,3655.0,4137.693074,25,0.097033,0.064057,1772649261.978458
FP000102,L0_X0_Y2,L0_X10_Y3,18,L2_X10_Y3,3959.288274,1.2192,304.288274,482.693074,3655.0,4137.693074,25,0.097033,0.064057,1772649261.978458
FP000102,L0_X0_Y2,L0_X10_Y3,19,L2_X10_Y2,3975.305884,16.01761,320.305884,482.693074,3655.0,4137.693074,25,0.097033,0.064057,1772649261.978458
FP000102,L0_X0_Y2,L0_X10_Y3,20,L2_X9_Y2,3991.300802,15.994918,336.300802,482.693074,3655.0,4137.693074,25,0.097033,0.064057,1772649261.978458
FP000102,L0_X0_Y2,L0_X10_Y3,21,L2_X8_Y2,4007.295711,15.994909,352.295711,482.693074,3655.0,4137.693074,25,0.097033,0.064057,1772649261.978458
FP000102,L0_X0_Y2,L0_X10_Y3,22,L2_X7_Y2,4023.290611,15.994901,368.290611,482.693074,3655.0,4137.693074,25,0.097033,0.064057,1772649261.978458
FP000102,L0_X0_Y2,L0_X10_Y3,23,L2_X6_Y2,4039.285503,15.994892,384.285503,482.693074,3655.0,4137.693074,25,0.097033,0.064057,1772649261.978458
FP000102,L0_X0_Y2,L0_X10_Y3,24,L2_X5_Y2,4055.280387,15.994883,400.280387,482.693074,3655.0,4137.693074,25,0.097033,0.064057,1772649261.978458
FP000102,L0_X0_Y2,L0_X10_Y3,25,L2_X4_Y2,4071.275261,15.994875,416.275261,482.693074,3655.0,4137.693074,25,0.097033,0.064057,1772649261.978458
FP000102,L0_X0_Y2,L0_X10_Y3,26,L2_X3_Y2,4087.270127,15.994866,432.270127,482.693074,3655.0,4137.693074,25,0.097033,0.064057,1772649261.978458
FP000102,L0_X0_Y2,L0_X10_Y3,27,L2_X2_Y2,4103.264985,15.994857,448.264985,482.693074,3655.0,4137.693074,25,0.097033,0.064057,1772649261.978458
FP000102,L0_X0_Y2,L0_X10_Y3,28,L2_X1_Y2,4119.259834,15.994849,464.259834,482.693074,3655.0,4137.693074,25,0.097033,0.064057,1772649261.978458
FP000102,L0_X0_Y2,L0_X10_Y3,29,L2_X0_Y2,4135.254674,15.99484,480.254674,482.693074,3655.0,4137.693074,25,0.097033,0.064057,1772649261.978458
FP000102,L0_X0_Y2,L0_X10_Y3,30,L1_X0_Y2,4136.473874,1.2192,481.473874,482.693074,3655.0,4137.693074,25,0.097033,0.064057,1772649261.978458
FP000102,L0_X0_Y2,L0_X10_Y3,31,L0_X0_Y2,4137.693074,1.2192,482.693074,482.693074,3655.0,4137.693074,25,0.097033,0.064057,1772649261.978458
FP000104,L0_X0_Y2,L0_X14_Y2,0,L0_X0_Y2,3716.0,0.0,0.0,564.487495,3695.0,4259.487495,25,0.590178,3.036945,1772649266.870129
FP000104,L0_X0_Y2,L0_X14_Y2,1,L1_X0_Y2,3717.2192,1.2192,22.2192,564.487495,3695.0,4259.487495,25,0.590178,3.036945,1772649266.870129
FP000104,L0_X0_Y2,L0_X14_Y2,2,L2_X0_Y2,3718.4384,1.2192,23.4384,564.487495,3695.0,4259.487495,25,0.590178,3.036945,1772649266.870129
FP000104,L0_X0_Y2,L0_X14_Y2,3,L3_X0_Y2,3719.6576,1.2192,24.6576,564.487495,3695.0,4259.487495,25,0.590178,3.036945,1772649266.870129
FP000104,L0_X0_Y2,L0_X14_Y2,4,L3_X1_Y2,3735.65244,15.99484,40.65244,564.487495,3695.0,4259.487495,25,0.590178,3.036945,1772649266.870129
FP000104,L0_X0_Y2,L0_X14_Y2,5,L4_X1_Y2,3736.87164,1.2192,41.87164,564.487495,3695.0,4259.487495,25,0.590178,3.036945,1772649266.870129
FP000104,L0_X0_Y2,L0_X14_Y2,6,L4_X2_Y2,3752.866489,15.994849,57.866489,564.487495,3695.0,4259.487495,25,0.590178,3.036945,1772649266.870129
FP000104,L0_X0_Y2,L0_X14_Y2,7,L4_X3_Y2,3768.861346,15.994857,73.861346,564.487495,3695.0,4259.487495,25,0.590178,3.036945,1772649266.870129
FP000104,L0_X0_Y2,L0_X14_Y2,8,L3_X3_Y2,3770.080546,1.2192,75.080546,564.487495,3695.0,4259.487495,25,0.590178,3.036945,1772649266.870129
FP000104,L0_X0_Y2,L0_X14_Y2,9,L3_X4_Y2,3786.075412,15.994866,91.075412,564.487495,3695.0,4259.487495,25,0.590178,3.036945,1772649266.870129
FP000104,L0_X0_Y2,L0_X14_Y2,10,L3_X5_Y2,3802.070287,15.994875,107.070287,564.487495,3695.0,4259.487495,25,0.590178,3.036945,1772649266.870129
FP000104,L0_X0_Y2,L0_X14_Y2,11,L3_X6_Y2,3818.065171,15.994883,123.065171,564.487495,3695.0,4259.487495,25,0.590178,3.036945,1772649266.870129
FP000104,L0_X0_Y2,L0_X14_Y2,12,L2_X6_Y2,3819.284371,1.2192,124.284371,564.487495,3695.0,4259.487495,25,0.590178,3.036945,1772649266.870129
FP000104,L0_X0_Y2,L0_X14_Y2,13,L2_X7_Y2,3835.279262,15.994892,140.279262,564.487495,3695.0,4259.487495,25,0.590178,3.036945,1772649266.870129
FP000104,L0_X0_Y2,L0_X14_Y2,14,L2_X8_Y2,3851.274163,15.994901,156.274163,564.487495,3695.0,4259.487495,25,0.590178,3.036945,1772649266.870129
FP000104,L0_X0_Y2,L0_X14_Y2,15,L2_X9_Y2,3867.269072,15.994909,172.269072,564.487495,3695.0,4259.487495,25,0.590178,3.036945,1772649266.870129
FP000104,L0_X0_Y2,L0_X14_Y2,16,L2_X10_Y2,3883.26399,15.994918,188.26399,564.487495,3695.0,4259.487495,25,0.590178,3.036945,1772649266.870129
FP000104,L0_X0_Y2,L0_X14_Y2,17,L2_X11_Y2,3899.258917,15.994926,204.258917,564.487495,3695.0,4259.487495,25,0.590178,3.036945,1772649266.870129
FP000104,L0_X0_Y2,L0_X14_Y2,18,L2_X12_Y2,3915.253852,15.994935,220.253852,564.487495,3695.0,4259.487495,25,0.590178,3.036945,1772649266.870129
FP000104,L0_X0_Y2,L0_X14_Y2,19,L2_X13_Y2,3931.248795,15.994944,236.248795,564.487495,3695.0,4259.487495,25,0.590178,3.036945,1772649266.870129
FP000104,L0_X0_Y2,L0_X14_Y2,20,L2_X14_Y2,3947.243748,15.994952,252.243748,564.487495,3695.0,4259.487495,25,0.590178,3.036945,1772649266.870129
FP000104,L0_X0_Y2,L0_X14_Y2,21,L1_X14_Y2,3948.462948,1.2192,253.462948,564.487495,3695.0,4259.487495,25,0.590178,3.036945,1772649266.870129
FP000104,L0_X0_Y2,L0_X14_Y2,22,L0_X14_Y2,3949.682148,1.2192,254.682148,564.487495,3695.0,4259.487495,25,0.590178,3.036945,1772649266.870129
FP000104,L0_X0_Y2,L0_X14_Y2,23,L0_X14_Y2,4009.682148,60.0,314.682148,564.487495,3695.0,4259.487495,25,0.590178,3.036945,1772649266.870129
FP000104,L0_X0_Y2,L0_X14_Y2,24,L1_X14_Y2,4031.901348,22.2192,336.901348,564.487495,3695.0,4259.487495,25,0.590178,3.036945,1772649266.870129
FP000104,L0_X0_Y2,L0_X14_Y2,25,L2_X14_Y2,4033.120548,1.2192,338.120548,564.487495,3695.0,4259.487495,25,0.590178,3.036945,1772649266.870129
FP000104,L0_X0_Y2,L0_X14_Y2,26,L2_X13_Y2,4049.1155,15.994952,354.1155,564.487495,3695.0,4259.487495,25,0.590178,3.036945,1772649266.870129
FP000104,L0_X0_Y2,L0_X14_Y2,27,L2_X12_Y2,4065.110444,15.994944,370.110444,564.487495,3695.0,4259.487495,25,0.590178,3.036945,1772649266.870129
FP000104,L0_X0_Y2,L0_X14_Y2,28,L2_X11_Y2,4081.105379,15.994935,386.105379,564.487495,3695.0,4259.487495,25,0.590178,3.036945,1772649266.870129
FP000104,L0_X0_Y2,L0_X14_Y2,29,L2_X10_Y2,4097.100305,15.994926,402.100305,564.487495,3695.0,4259.487495,25,0.590178,3.036945,1772649266.870129
FP000104,L0_X0_Y2,L0_X14_Y2,30,L2_X9_Y2,4113.095223,15.994918,418.095223,564.487495,3695.0,4259.487495,25,0.590178,3.036945,1772649266.870129
FP000104,L0_X0_Y2,L0_X14_Y2,31,L2_X8_Y2,4129.090132,15.994909,434.090132,564.487495,3695.0,4259.487495,25,0.590178,3.036945,1772649266.870129
FP000104,L0_X0_Y2,L0_X14_Y2,32,L2_X7_Y2,4145.085033,15.994901,450.085033,564.487495,3695.0,4259.487495,25,0.590178,3.036945,1772649266.870129
FP000104,L0_X0_Y2,L0_X14_Y2,33,L2_X6_Y2,4161.079925,15.994892,466.079925,564.487495,3695.0,4259.487495,25,0.590178,3.036945,1772649266.870129
FP000104,L0_X0_Y2,L0_X14_Y2,34,L2_X5_Y2,4177.074808,15.994883,482.074808,564.487495,3695.0,4259.487495,25,0.590178,3.036945,1772649266.870129
FP000104,L0_X0_Y2,L0_X14_Y2,35,L2_X4_Y2,4193.069683,15.994875,498.069683,564.487495,3695.0,4259.487495,25,0.590178,3.036945,1772649266.870129
FP000104,L0_X0_Y2,L0_X14_Y2,36,L2_X3_Y2,4209.064549,15.994866,514.064549,564.487495,3695.0,4259.487495,25,0.590178,3.036945,1772649266.870129
FP000104,L0_X0_Y2,L0_X14_Y2,37,L2_X2_Y2,4225.059407,15.994857,530.059407,564.487495,3695.0,4259.487495,25,0.590178,3.036945,1772649266.870129
FP000104,L0_X0_Y2,L0_X14_Y2,38,L2_X1_Y2,4241.054255,15.994849,546.054255,564.487495,3695.0,4259.487495,25,0.590178,3.036945,1772649266.870129
FP000104,L0_X0_Y2,L0_X14_Y2,39,L2_X0_Y2,4257.049095,15.99484,562.049095,564.487495,3695.0,4259.487495,25,0.590178,3.036945,1772649266.870129
FP000104,L0_X0_Y2,L0_X14_Y2,40,L1_X0_Y2,4258.268295,1.2192,563.268295,564.487495,3695.0,4259.487495,25,0.590178,3.036945,1772649266.870129
FP000104,L0_X0_Y2,L0_X14_Y2,41,L0_X0_Y2,4259.487495,1.2192,564.487495,564.487495,3695.0,4259.487495,25,0.590178,3.036945,1772649266.870129
FP000105,L0_X14_Y6,L0_X14_Y3,0,L0_X14_Y6,3699.0,0.0,0.0,189.279701,3699.0,3888.279701,25,0.034779,5.258356,1772649271.54309
FP000105,L0_X14_Y6,L0_X14_Y3,1,L1_X14_Y6,3700.2192,1.2192,1.2192,189.279701,3699.0,3888.279701,25,0.034779,5.258356,1772649271.54309
FP000105,L0_X14_Y6,L0_X14_Y3,2,L2_X14_Y6,3701.4384,1.2192,2.4384,189.279701,3699.0,3888.279701,25,0.034779,5.258356,1772649271.54309
FP000105,L0_X14_Y6,L0_X14_Y3,3,L2_X14_Y5,3717.453013,16.014613,18.453013,189.279701,3699.0,3888.279701,25,0.034779,5.258356,1772649271.54309
FP000105,L0_X14_Y6,L0_X14_Y3,4,L3_X14_Y5,3718.672213,1.2192,19.672213,189.279701,3699.0,3888.279701,25,0.034779,5.258356,1772649271.54309
FP000105,L0_X14_Y6,L0_X14_Y3,5,L3_X14_Y4,3734.686829,16.014617,35.686829,189.279701,3699.0,3888.279701,25,0.034779,5.258356,1772649271.54309
FP000105,L0_X14_Y6,L0_X14_Y3,6,L3_X14_Y3,3750.70145,16.014621,51.70145,189.279701,3699.0,3888.279701,25,0.034779,5.258356,1772649271.54309
FP000105,L0_X14_Y6,L0_X14_Y3,7,L2_X14_Y3,3751.92065,1.2192,52.92065,189.279701,3699.0,3888.279701,25,0.034779,5.258356,1772649271.54309
FP000105,L0_X14_Y6,L0_X14_Y3,8,L1_X14_Y3,3753.13985,1.2192,54.13985,189.279701,3699.0,3888.279701,25,0.034779,5.258356,1772649271.54309
FP000105,L0_X14_Y6,L0_X14_Y3,9,L0_X14_Y3,3754.35905,1.2192,55.35905,189.279701,3699.0,3888.279701,25,0.034779,5.258356,1772649271.54309
FP000105,L0_X14_Y6,L0_X14_Y3,10,L0_X14_Y3,3814.35905,60.0,115.35905,189.279701,3699.0,3888.279701,25,0.034779,5.258356,1772649271.54309
FP000105,L0_X14_Y6,L0_X14_Y3,11,L1_X14_Y3,3836.57825,22.2192,137.57825,189.279701,3699.0,3888.279701,25,0.034779,5.258356,1772649271.54309
FP000105,L0_X14_Y6,L0_X14_Y3,12,L2_X14_Y3,3837.79745,1.2192,138.79745,189.279701,3699.0,3888.279701,25,0.034779,5.258356,1772649271.54309
FP000105,L0_X14_Y6,L0_X14_Y3,13,L2_X14_Y4,3853.812071,16.014621,154.812071,189.279701,3699.0,3888.279701,25,0.034779,5.258356,1772649271.54309
FP000105,L0_X14_Y6,L0_X14_Y3,14,L2_X14_Y5,3869.826688,16.014617,170.826688,189.279701,3699.0,3888.279701,25,0.034779,5.258356,1772649271.54309
FP000105,L0_X14_Y6,L0_X14_Y3,15,L2_X14_Y6,3885.841301,16.014613,186.841301,189.279701,3699.0,3888.279701,25,0.034779,5.258356,1772649271.54309
FP000105,L0_X14_Y6,L0_X14_Y3,16,L1_X14_Y6,3887.060501,1.2192,188.060501,189.279701,3699.0,3888.279701,25,0.034779,5.258356,1772649271.54309
FP000105,L0_X14_Y6,L0_X14_Y3,17,L0_X14_Y6,3888.279701,1.2192,189.279701,189.279701,3699.0,3888.279701,25,0.034779,5.258356,1772649271.54309
FP000106,L0_X0_Y2,L0_X14_Y3,0,L0_X0_Y2,3737.0,0.0,0.0,607.650329,3700.0,4307.650329,25,0.178634,0.063616,1772649271.752555
FP000106,L0_X0_Y2,L0_X14_Y3,1,L1_X0_Y2,3738.2192,1.2192,38.2192,607.650329,3700.0,4307.650329,25,0.178634,0.063616,1772649271.752555
FP000106,L0_X0_Y2,L0_X14_Y3,2,L2_X0_Y2,3739.4384,1.2192,39.4384,607.650329,3700.0,4307.650329,25,0.178634,0.063616,1772649271.752555
FP000106,L0_X0_Y2,L0_X14_Y3,3,L2_X0_Y3,3755.463467,16.025067,55.463467,607.650329,3700.0,4307.650329,25,0.178634,0.063616,1772649271.752555
FP000106,L0_X0_Y2,L0_X14_Y3,4,L2_X1_Y3,3771.458303,15.994836,71.458303,607.650329,3700.0,4307.650329,25,0.178634,0.063616,1772649271.752555
FP000106,L0_X0_Y2,L0_X14_Y3,5,L2_X2_Y3,3787.453148,15.994845,87.453148,607.650329,3700.0,4307.650329,25,0.178634,0.063616,1772649271.752555
FP000106,L0_X0_Y2,L0_X14_Y3,6,L2_X3_Y3,3803.448001,15.994853,103.448001,607.650329,3700.0,4307.650329,25,0.178634,0.063616,1772649271.752555
FP000106,L0_X0_Y2,L0_X14_Y3,7,L2_X4_Y3,3819.442863,15.994862,119.442863,607.650329,3700.0,4307.650329,25,0.178634,0.063616,1772649271.752555
FP000106,L0_X0_Y2,L0_X14_Y3,8,L2_X5_Y3,3835.437733,15.994871,135.437733,607.650329,3700.0,4307.650329,25,0.178634,0.063616,1772649271.752555
FP000106,L0_X0_Y2,L0_X14_Y3,9,L2_X6_Y3,3851.432612,15.994879,151.432612,607.650329,3700.0,4307.650329,25,0.178634,0.063616,1772649271.752555
FP000106,L0_X0_Y2,L0_X14_Y3,10,L2_X7_Y3,3867.4275,15.994888,167.4275,607.650329,3700.0,4307.650329,25,0.178634,0.063616,1772649271.752555
FP000106,L0_X0_Y2,L0_X14_Y3,11,L2_X8_Y3,3883.422397,15.994896,183.422397,607.650329,3700.0,4307.650329,25,0.178634,0.063616,1772649271.752555
FP000106,L0_X0_Y2,L0_X14_Y3,12,L2_X9_Y3,3899.417302,15.994905,199.417302,607.650329,3700.0,4307.650329,25,0.178634,0.063616,1772649271.752555
FP000106,L0_X0_Y2,L0_X14_Y3,13,L2_X10_Y3,3915.412215,15.994914,215.412215,607.650329,3700.0,4307.650329,25,0.178634,0.063616,1772649271.752555
FP000106,L0_X0_Y2,L0_X14_Y3,14,L2_X11_Y3,3931.407138,15.994922,231.407138,607.650329,3700.0,4307.650329,25,0.178634,0.063616,1772649271.752555
FP000106,L0_X0_Y2,L0_X14_Y3,15,L2_X12_Y3,3947.402068,15.994931,247.402068,607.650329,3700.0,4307.650329,25,0.178634,0.063616,1772649271.752555
FP000106,L0_X0_Y2,L0_X14_Y3,16,L2_X13_Y3,3963.397008,15.99494,263.397008,607.650329,3700.0,4307.650329,25,0.178634,0.063616,1772649271.752555
FP000106,L0_X0_Y2,L0_X14_Y3,17,L2_X14_Y3,3979.391956,15.994948,279.391956,607.650329,3700.0,4307.650329,25,0.178634,0.063616,1772649271.752555
FP000106,L0_X0_Y2,L0_X14_Y3,18,L1_X14_Y3,3980.611156,1.2192,280.611156,607.650329,3700.0,4307.650329,25,0.178634,0.063616,1772649271.752555
FP000106,L0_X0_Y2,L0_X14_Y3,19,L0_X14_Y3,3981.830356,1.2192,281.830356,607.650329,3700.0,4307.650329,25,0.178634,0.063616,1772649271.752555
FP000106,L0_X0_Y2,L0_X14_Y3,20,L0_X14_Y3,4041.830356,60.0,341.830356,607.650329,3700.0,4307.650329,25,0.178634,0.063616,1772649271.752555
FP000106,L0_X0_Y2,L0_X14_Y3,21,L1_X14_Y3,4064.049556,22.2192,364.049556,607.650329,3700.0,4307.650329,25,0.178634,0.063616,1772649271.752555
FP000106,L0_X0_Y2,L0_X14_Y3,22,L2_X14_Y3,4065.268756,1.2192,365.268756,607.650329,3700.0,4307.650329,25,0.178634,0.063616,1772649271.752555
FP000106,L0_X0_Y2,L0_X14_Y3,23,L2_X14_Y2,4081.283381,16.014625,381.283381,607.650329,3700.0,4307.650329,25,0.178634,0.063616,1772649271.752555
FP000106,L0_X0_Y2,L0_X14_Y3,24,L2_X13_Y2,4097.278333,15.994952,397.278333,607.650329,3700.0,4307.650329,25,0.178634,0.063616,1772649271.752555
FP000106,L0_X0_Y2,L0_X14_Y3,25,L2_X12_Y2,4113.273277,15.994944,413.273277,607.650329,3700.0,4307.650329,25,0.178634,0.063616,1772649271.752555
FP000106,L0_X0_Y2,L0_X14_Y3,26,L2_X11_Y2,4129.268212,15.994935,429.268212,607.650329,3700.0,4307.650329,25,0.178634,0.063616,1772649271.752555
FP000106,L0_X0_Y2,L0_X14_Y3,27,L2_X10_Y2,4145.263139,15.994926,445.263139,607.650329,3700.0,4307.650329,25,0.178634,0.063616,1772649271.752555
FP000106,L0_X0_Y2,L0_X14_Y3,28,L2_X9_Y2,4161.258057,15.994918,461.258057,607.650329,3700.0,4307.650329,25,0.178634,0.063616,1772649271.752555
FP000106,L0_X0_Y2,L0_X14_Y3,29,L2_X8_Y2,4177.252966,15.994909,477.252966,607.650329,3700.0,4307.650329,25,0.178634,0.063616,1772649271.752555
FP000106,L0_X0_Y2,L0_X14_Y3,30,L2_X7_Y2,4193.247866,15.994901,493.247866,607.650329,3700.0,4307.650329,25,0.178634,0.063616,1772649271.752555
FP000106,L0_X0_Y2,L0_X14_Y3,31,L2_X6_Y2,4209.242758,15.994892,509.242758,607.650329,3700.0,4307.650329,25,0.178634,0.063616,1772649271.752555
FP000106,L0_X0_Y2,L0_X14_Y3,32,L2_X5_Y2,4225.237642,15.994883,525.237642,607.650329,3700.0,4307.650329,25,0.178634,0.063616,1772649271.752555
FP000106,L0_X0_Y2,L0_X14_Y3,33,L2_X4_Y2,4241.232516,15.994875,541.232516,607.650329,3700.0,4307.650329,25,0.178634,0.063616,1772649271.752555
FP000106,L0_X0_Y2,L0_X14_Y3,34,L2_X3_Y2,4257.227382,15.994866,557.227382,607.650329,3700.0,4307.650329,25,0.178634,0.063616,1772649271.752555
FP000106,L0_X0_Y2,L0_X14_Y3,35,L2_X2_Y2,4273.22224,15.994857,573.22224,607.650329,3700.0,4307.650329,25,0.178634,0.063616,1772649271.752555
FP000106,L0_X0_Y2,L0_X14_Y3,36,L2_X1_Y2,4289.217089,15.994849,589.217089,607.650329,3700.0,4307.650329,25,0.178634,0.063616,1772649271.752555
FP000106,L0_X0_Y2,L0_X14_Y3,37,L2_X0_Y2,4305.211929,15.99484,605.211929,607.650329,3700.0,4307.650329,25,0.178634,0.063616,1772649271.752555
FP000106,L0_X0_Y2,L0_X14_Y3,38,L1_X0_Y2,4306.431129,1.2192,606.431129,607.650329,3700.0,4307.650329,25,0.178634,0.063616,1772649271.752555
FP000106,L0_X0_Y2,L0_X14_Y3,39,L0_X0_Y2,4307.650329,1.2192,607.650329,607.650329,3700.0,4307.650329,25,0.178634,0.063616,1772649271.752555
FP000107,L0_X14_Y6,L0_X9_Y6,0,L0_X14_Y6,3739.0,0.0,0.0,250.702783,3739.0,3989.702783,25,0.021606,0.22582,1772649271.821306
FP000107,L0_X14_Y6,L0_X9_Y6,1,L1_X14_Y6,3740.2192,1.2192,1.2192,250.702783,3739.0,3989.702783,25,0.021606,0.22582,1772649271.821306
FP000107,L0_X14_Y6,L0_X9_Y6,2,L2_X14_Y6,3741.4384,1.2192,2.4384,250.702783,3739.0,3989.702783,25,0.021606,0.22582,1772649271.821306
FP000107,L0_X14_Y6,L0_X9_Y6,3,L2_X13_Y6,3757.433336,15.994936,18.433336,250.702783,3739.0,3989.702783,25,0.021606,0.22582,1772649271.821306
FP000107,L0_X14_Y6,L0_X9_Y6,4,L2_X12_Y6,3773.428263,15.994927,34.428263,250.702783,3739.0,3989.702783,25,0.021606,0.22582,1772649271.821306
FP000107,L0_X14_Y6,L0_X9_Y6,5,L2_X11_Y6,3789.423181,15.994918,50.423181,250.702783,3739.0,3989.702783,25,0.021606,0.22582,1772649271.821306
FP000107,L0_X14_Y6,L0_X9_Y6,6,L2_X10_Y6,3805.418091,15.99491,66.418091,250.702783,3739.0,3989.702783,25,0.021606,0.22582,1772649271.821306
FP000107,L0_X14_Y6,L0_X9_Y6,7,L2_X9_Y6,3821.412992,15.994901,82.412992,250.702783,3739.0,3989.702783,25,0.021606,0.22582,1772649271.821306
FP000107,L0_X14_Y6,L0_X9_Y6,8,L1_X9_Y6,3822.632192,1.2192,83.632192,250.702783,3739.0,3989.702783,25,0.021606,0.22582,1772649271.821306
FP000107,L0_X14_Y6,L0_X9_Y6,9,L0_X9_Y6,3823.851392,1.2192,84.851392,250.702783,3739.0,3989.702783,25,0.021606,0.22582,1772649271.821306
FP000107,L0_X14_Y6,L0_X9_Y6,10,L0_X9_Y6,3883.851392,60.0,144.851392,250.702783,3739.0,3989.702783,25,0.021606,0.22582,1772649271.821306
FP000107,L0_X14_Y6,L0_X9_Y6,11,L1_X9_Y6,3906.070592,22.2192,167.070592,250.702783,3739.0,3989.702783,25,0.021606,0.22582,1772649271.821306
FP000107,L0_X14_Y6,L0_X9_Y6,12,L2_X9_Y6,3907.289792,1.2192,168.289792,250.702783,3739.0,3989.702783,25,0.021606,0.22582,1772649271.821306
FP000107,L0_X14_Y6,L0_X9_Y6,13,L2_X10_Y6,3923.284693,15.994901,184.284693,250.702783,3739.0,3989.702783,25,0.021606,0.22582,1772649271.821306
FP000107,L0_X14_Y6,L0_X9_Y6,14,L2_X11_Y6,3939.279602,15.99491,200.279602,250.702783,3739.0,3989.702783,25,0.021606,0.22582,1772649271.821306
FP000107,L0_X14_Y6,L0_X9_Y6,15,L2_X12_Y6,3955.274521,15.994918,216.274521,250.702783,3739.0,3989.702783,25,0.021606,0.22582,1772649271.821306
FP000107,L0_X14_Y6,L0_X9_Y6,16,L2_X13_Y6,3971.269448,15.994927,232.269448,250.702783,3739.0,3989.702783,25,0.021606,0.22582,1772649271.821306
FP000107,L0_X14_Y6,L0_X9_Y6,17,L2_X14_Y6,3987.264383,15.994936,248.264383,250.702783,3739.0,3989.702783,25,0.021606,0.22582,1772649271.821306
FP000107,L0_X14_Y6,L0_X9_Y6,18,L1_X14_Y6,3988.483583,1.2192,249.483583,250.702783,3739.0,3989.702783,25,0.021606,0.22582,1772649271.821306
FP000107,L0_X14_Y6,L0_X9_Y6,19,L0_X14_Y6,3989.702783,1.2192,250.702783,250.702783,3739.0,3989.702783,25,0.021606,0.22582,1772649271.821306
FP000108,L0_X14_Y6,L0_X12_Y3,0,L0_X14_Y6,3803.0,0.0,0.0,287.823302,3766.0,4053.823302,25,0.032948,0.05329,1772649271.885981
FP000108,L0_X14_Y6,L0_X12_Y3,1,L1_X14_Y6,3804.2192,1.2192,38.2192,287.823302,3766.0,4053.823302,25,0.032948,0.05329,1772649271.885981
FP000108,L0_X14_Y6,L0_X12_Y3,2,L2_X14_Y6,3805.4384,1.2192,39.4384,287.823302,3766.0,4053.823302,25,0.032948,0.05329,1772649271.885981
FP000108,L0_X14_Y6,L0_X12_Y3,3,L2_X13_Y6,3821.433336,15.994936,55.433336,287.823302,3766.0,4053.823302,25,0.032948,0.05329,1772649271.885981
FP000108,L0_X14_Y6,L0_X12_Y3,4,L2_X13_Y5,3837.448694,16.015359,71.448694,287.823302,3766.0,4053.823302,25,0.032948,0.05329,1772649271.885981
FP000108,L0_X14_Y6,L0_X12_Y3,5,L1_X13_Y5,3838.667894,1.2192,72.667894,287.823302,3766.0,4053.823302,25,0.032948,0.05329,1772649271.885981
FP000108,L0_X14_Y6,L0_X12_Y3,6,L1_X13_Y4,3854.683257,16.015363,88.683257,287.823302,3766.0,4053.823302,25,0.032948,0.05329,1772649271.885981
FP000108,L0_X14_Y6,L0_X12_Y3,7,L1_X13_Y3,3870.698624,16.015367,104.698624,287.823302,3766.0,4053.823302,25,0.032948,0.05329,1772649271.885981
FP000108,L0_X14_Y6,L0_X12_Y3,8,L1_X12_Y3,3886.693564,15.99494,120.693564,287.823302,3766.0,4053.823302,25,0.032948,0.05329,1772649271.885981
FP000108,L0_X14_Y6,L0_X12_Y3,9,L0_X12_Y3,3887.912764,1.2192,121.912764,287.823302,3766.0,4053.823302,25,0.032948,0.05329,1772649271.885981
FP000108,L0_X14_Y6,L0_X12_Y3,10,L0_X12_Y3,3947.912764,60.0,181.912764,287.823302,3766.0,4053.823302,25,0.032948,0.05329,1772649271.885981
FP000108,L0_X14_Y6,L0_X12_Y3,11,L1_X12_Y3,3970.131964,22.2192,204.131964,287.823302,3766.0,4053.823302,25,0.032948,0.05329,1772649271.885981
FP000108,L0_X14_Y6,L0_X12_Y3,12,L1_X13_Y3,3986.126903,15.99494,220.126903,287.823302,3766.0,4053.823302,25,0.032948,0.05329,1772649271.885981
FP000108,L0_X14_Y6,L0_X12_Y3,13,L2_X13_Y3,3987.346103,1.2192,221.346103,287.823302,3766.0,4053.823302,25,0.032948,0.05329,1772649271.885981
FP000108,L0_X14_Y6,L0_X12_Y3,14,L2_X14_Y3,4003.341052,15.994948,237.341052,287.823302,3766.0,4053.823302,25,0.032948,0.05329,1772649271.885981
FP000108,L0_X14_Y6,L0_X12_Y3,15,L2_X14_Y4,4019.355672,16.014621,253.355672,287.823302,3766.0,4053.823302,25,0.032948,0.05329,1772649271.885981
FP000108,L0_X14_Y6,L0_X12_Y3,16,L2_X14_Y5,4035.370289,16.014617,269.370289,287.823302,3766.0,4053.823302,25,0.032948,0.05329,1772649271.885981
FP000108,L0_X14_Y6,L0_X12_Y3,17,L2_X14_Y6,4051.384902,16.014613,285.384902,287.823302,3766.0,4053.823302,25,0.032948,0.05329,1772649271.885981
FP000108,L0_X14_Y6,L0_X12_Y3,18,L1_X14_Y6,4052.604102,1.2192,286.604102,287.823302,3766.0,4053.823302,25,0.032948,0.05329,1772649271.885981
FP000108,L0_X14_Y6,L0_X12_Y3,19,L0_X14_Y6,4053.823302,1.2192,287.823302,287.823302,3766.0,4053.823302,25,0.032948,0.05329,1772649271.885981
FP000109,L0_X0_Y2,L0_X14_Y0,0,L0_X0_Y2,3832.0,0.0,0.0,605.10762,3832.0,4437.10762,25,0.24848,0.059513,1772649272.163028
FP000109,L0_X0_Y2,L0_X14_Y0,1,L1_X0_Y2,3833.2192,1.2192,1.2192,605.10762,3832.0,4437.10762,25,0.24848,0.059513,1772649272.163028
FP000109,L0_X0_Y2,L0_X14_Y0,2,L2_X0_Y2,3834.4384,1.2192,2.4384,605.10762,3832.0,4437.10762,25,0.24848,0.059513,1772649272.163028
FP000109,L0_X0_Y2,L0_X14_Y0,3,L3_X0_Y2,3835.6576,1.2192,3.6576,605.10762,3832.0,4437.10762,25,0.24848,0.059513,1772649272.163028
FP000109,L0_X0_Y2,L0_X14_Y0,4,L3_X1_Y2,3851.65244,15.99484,19.65244,605.10762,3832.0,4437.10762,25,0.24848,0.059513,1772649272.163028
FP000109,L0_X0_Y2,L0_X14_Y0,5,L3_X2_Y2,3867.647289,15.994849,35.647289,605.10762,3832.0,4437.10762,25,0.24848,0.059513,1772649272.163028
FP000109,L0_X0_Y2,L0_X14_Y0,6,L3_X3_Y2,3883.642146,15.994857,51.642146,605.10762,3832.0,4437.10762,25,0.24848,0.059513,1772649272.163028
FP000109,L0_X0_Y2,L0_X14_Y0,7,L3_X4_Y2,3899.637012,15.994866,67.637012,605.10762,3832.0,4437.10762,25,0.24848,0.059513,1772649272.163028
FP000109,L0_X0_Y2,L0_X14_Y0,8,L3_X5_Y2,3915.631887,15.994875,83.631887,605.10762,3832.0,4437.10762,25,0.24848,0.059513,1772649272.163028
FP000109,L0_X0_Y2,L0_X14_Y0,9,L3_X6_Y2,3931.626771,15.994883,99.626771,605.10762,3832.0,4437.10762,25,0.24848,0.059513,1772649272.163028
FP000109,L0_X0_Y2,L0_X14_Y0,10,L3_X7_Y2,3947.621662,15.994892,115.621662,605.10762,3832.0,4437.10762,25,0.24848,0.059513,1772649272.163028
FP000109,L0_X0_Y2,L0_X14_Y0,11,L3_X8_Y2,3963.616563,15.994901,131.616563,605.10762,3832.0,4437.10762,25,0.24848,0.059513,1772649272.163028
FP000109,L0_X0_Y2,L0_X14_Y0,12,L3_X9_Y2,3979.611472,15.994909,147.611472,605.10762,3832.0,4437.10762,25,0.24848,0.059513,1772649272.163028
FP000109,L0_X0_Y2,L0_X14_Y0,13,L3_X10_Y2,3995.60639,15.994918,163.60639,605.10762,3832.0,4437.10762,25,0.24848,0.059513,1772649272.163028
FP000109,L0_X0_Y2,L0_X14_Y0,14,L3_X11_Y2,4011.601317,15.994926,179.601317,605.10762,3832.0,4437.10762,25,0.24848,0.059513,1772649272.163028
FP000109,L0_X0_Y2,L0_X14_Y0,15,L3_X12_Y2,4027.596252,15.994935,195.596252,605.10762,3832.0,4437.10762,25,0.24848,0.059513,1772649272.163028
FP000109,L0_X0_Y2,L0_X14_Y0,16,L3_X13_Y2,4043.591195,15.994944,211.591195,605.10762,3832.0,4437.10762,25,0.24848,0.059513,1772649272.163028
FP000109,L0_X0_Y2,L0_X14_Y0,17,L3_X14_Y2,4059.586148,15.994952,227.586148,605.10762,3832.0,4437.10762,25,0.24848,0.059513,1772649272.163028
FP000109,L0_X0_Y2,L0_X14_Y0,18,L2_X14_Y2,4060.805348,1.2192,228.805348,605.10762,3832.0,4437.10762,25,0.24848,0.059513,1772649272.163028
FP000109,L0_X0_Y2,L0_X14_Y0,19,L2_X14_Y1,4076.819977,16.014629,244.819977,605.10762,3832.0,4437.10762,25,0.24848,0.059513,1772649272.163028
FP000109,L0_X0_Y2,L0_X14_Y0,20,L2_X14_Y0,4092.83461,16.014633,260.83461,605.10762,3832.0,4437.10762,25,0.24848,0.059513,1772649272.163028
FP000109,L0_X0_Y2,L0_X14_Y0,21,L1_X14_Y0,4094.05381,1.2192,262.05381,605.10762,3832.0,4437.10762,25,0.24848,0.059513,1772649272.163028
FP000109,L0_X0_Y2,L0_X14_Y0,22,L0_X14_Y0,4095.27301,1.2192,263.27301,605.10762,3832.0,4437.10762,25,0.24848,0.059513,1772649272.163028
FP000109,L0_X0_Y2,L0_X14_Y0,23,L0_X14_Y0,4155.27301,60.0,323.27301,605.10762,3832.0,4437.10762,25,0.24848,0.059513,1772649272.163028
FP000109,L0_X0_Y2,L0_X14_Y0,24,L1_X14_Y0,4177.49221,22.2192,345.49221,605.10762,3832.0,4437.10762,25,0.24848,0.059513,1772649272.163028
FP000109,L0_X0_Y2,L0_X14_Y0,25,L2_X14_Y0,4178.71141,1.2192,346.71141,605.10762,3832.0,4437.10762,25,0.24848,0.059513,1772649272.163028
FP000109,L0_X0_Y2,L0_X14_Y0,26,L2_X14_Y1,4194.726043,16.014633,362.726043,605.10762,3832.0,4437.10762,25,0.24848,0.059513,1772649272.163028
FP000109,L0_X0_Y2,L0_X14_Y0,27,L2_X14_Y2,4210.740672,16.014629,378.740672,605.10762,3832.0,4437.10762,25,0.24848,0.059513,1772649272.163028
FP000109,L0_X0_Y2,L0_X14_Y0,28,L2_X13_Y2,4226.735625,15.994952,394.735625,605.10762,3832.0,4437.10762,25,0.24848,0.059513,1772649272.163028
FP000109,L0_X0_Y2,L0_X14_Y0,29,L2_X12_Y2,4242.730568,15.994944,410.730568,605.10762,3832.0,4437.10762,25,0.24848,0.059513,1772649272.163028
FP000109,L0_X0_Y2,L0_X14_Y0,30,L2_X11_Y2,4258.725503,15.994935,426.725503,605.10762,3832.0,4437.10762,25,0.24848,0.059513,1772649272.163028
FP000109,L0_X0_Y2,L0_X14_Y0,31,L2_X10_Y2,4274.72043,15.994926,442.72043,605.10762,3832.0,4437.10762,25,0.24848,0.059513,1772649272.163028
FP000109,L0_X0_Y2,L0_X14_Y0,32,L2_X9_Y2,4290.715348,15.994918,458.715348,605.10762,3832.0,4437.10762,25,0.24848,0.059513,1772649272.163028
FP000109,L0_X0_Y2,L0_X14_Y0,33,L2_X8_Y2,4306.710257,15.994909,474.710257,605.10762,3832.0,4437.10762,25,0.24848,0.059513,1772649272.163028
FP000109,L0_X0_Y2,L0_X14_Y0,34,L2_X7_Y2,4322.705157,15.994901,490.705157,605.10762,3832.0,4437.10762,25,0.24848,0.059513,1772649272.163028
FP000109,L0_X0_Y2,L0_X14_Y0,35,L2_X6_Y2,4338.700049,15.994892,506.700049,605.10762,3832.0,4437.10762,25,0.24848,0.059513,1772649272.163028
FP000109,L0_X0_Y2,L0_X14_Y0,36,L2_X5_Y2,4354.694933,15.994883,522.694933,605.10762,3832.0,4437.10762,25,0.24848,0.059513,1772649272.163028
FP000109,L0_X0_Y2,L0_X14_Y0,37,L2_X4_Y2,4370.689807,15.994875,538.689807,605.10762,3832.0,4437.10762,25,0.24848,0.059513,1772649272.163028
FP000109,L0_X0_Y2,L0_X14_Y0,38,L2_X3_Y2,4386.684674,15.994866,554.684674,605.10762,3832.0,4437.10762,25,0.24848,0.059513,1772649272.163028
FP000109,L0_X0_Y2,L0_X14_Y0,39,L2_X2_Y2,4402.679531,15.994857,570.679531,605.10762,3832.0,4437.10762,25,0.24848,0.059513,1772649272.163028
FP000109,L0_X0_Y2,L0_X14_Y0,40,L2_X1_Y2,4418.67438,15.994849,586.67438,605.10762,3832.0,4437.10762,25,0.24848,0.059513,1772649272.163028
FP000109,L0_X0_Y2,L0_X14_Y0,41,L2_X0_Y2,4434.66922,15.99484,602.66922,605.10762,3832.0,4437.10762,25,0.24848,0.059513,1772649272.163028
FP000109,L0_X0_Y2,L0_X14_Y0,42,L1_X0_Y2,4435.88842,1.2192,603.88842,605.10762,3832.0,4437.10762,25,0.24848,0.059513,1772649272.163028
FP000109,L0_X0_Y2,L0_X14_Y0,43,L0_X0_Y2,4437.10762,1.2192,605.10762,605.10762,3832.0,4437.10762,25,0.24848,0.059513,1772649272.163028
FP000113,L0_X14_Y6,L0_X7_Y0,0,L0_X14_Y6,3952.0,0.0,0.0,544.734963,3919.0,4463.734963,25,0.105086,3.008593,1772649278.389344
FP000113,L0_X14_Y6,L0_X7_Y0,1,L1_X14_Y6,3953.2192,1.2192,34.2192,544.734963,3919.0,4463.734963,25,0.105086,3.008593,1772649278.389344
FP000113,L0_X14_Y6,L0_X7_Y0,2,L2_X14_Y6,3954.4384,1.2192,35.4384,544.734963,3919.0,4463.734963,25,0.105086,3.008593,1772649278.389344
FP000113,L0_X14_Y6,L0_X7_Y0,3,L3_X14_Y6,3955.6576,1.2192,36.6576,544.734963,3919.0,4463.734963,25,0.105086,3.008593,1772649278.389344
FP000113,L0_X14_Y6,L0_X7_Y0,4,L3_X14_Y5,3971.672213,16.014613,52.672213,544.734963,3919.0,4463.734963,25,0.105086,3.008593,1772649278.389344
FP000113,L0_X14_Y6,L0_X7_Y0,5,L3_X14_Y4,3987.686829,16.014617,68.686829,544.734963,3919.0,4463.734963,25,0.105086,3.008593,1772649278.389344
FP000113,L0_X14_Y6,L0_X7_Y0,6,L3_X14_Y3,4003.70145,16.014621,84.70145,544.734963,3919.0,4463.734963,25,0.105086,3.008593,1772649278.389344
FP000113,L0_X14_Y6,L0_X7_Y0,7,L3_X14_Y2,4019.716075,16.014625,100.716075,544.734963,3919.0,4463.734963,25,0.105086,3.008593,1772649278.389344
FP000113,L0_X14_Y6,L0_X7_Y0,8,L3_X14_Y1,4035.730704,16.014629,116.730704,544.734963,3919.0,4463.734963,25,0.105086,3.008593,1772649278.389344
FP000113,L0_X14_Y6,L0_X7_Y0,9,L3_X14_Y0,4051.745338,16.014633,132.745338,544.734963,3919.0,4463.734963,25,0.105086,3.008593,1772649278.389344
FP000113,L0_X14_Y6,L0_X7_Y0,10,L3_X13_Y0,4067.740298,15.994961,148.740298,544.734963,3919.0,4463.734963,25,0.105086,3.008593,1772649278.389344
FP000113,L0_X14_Y6,L0_X7_Y0,11,L3_X12_Y0,4083.73525,15.994952,164.73525,544.734963,3919.0,4463.734963,25,0.105086,3.008593,1772649278.389344
FP000113,L0_X14_Y6,L0_X7_Y0,12,L3_X11_Y0,4099.730194,15.994943,180.730194,544.734963,3919.0,4463.734963,25,0.105086,3.008593,1772649278.389344
FP000113,L0_X14_Y6,L0_X7_Y0,13,L3_X10_Y0,4115.725129,15.994935,196.725129,544.734963,3919.0,4463.734963,25,0.105086,3.008593,1772649278.389344
FP000113,L0_X14_Y6,L0_X7_Y0,14,L3_X9_Y0,4131.720055,15.994926,212.720055,544.734963,3919.0,4463.734963,25,0.105086,3.008593,1772649278.389344
FP000113,L0_X14_Y6,L0_X7_Y0,15,L3_X8_Y0,4147.714973,15.994918,228.714973,544.734963,3919.0,4463.734963,25,0.105086,3.008593,1772649278.389344
FP000113,L0_X14_Y6,L0_X7_Y0,16,L3_X7_Y0,4163.709881,15.994909,244.709881,544.734963,3919.0,4463.734963,25,0.105086,3.008593,1772649278.389344
FP000113,L0_X14_Y6,L0_X7_Y0,17,L2_X7_Y0,4164.929081,1.2192,245.929081,544.734963,3919.0,4463.734963,25,0.105086,3.008593,1772649278.389344
FP000113,L0_X14_Y6,L0_X7_Y0,18,L1_X7_Y0,4166.148281,1.2192,247.148281,544.734963,3919.0,4463.734963,25,0.105086,3.008593,1772649278.389344
FP000113,L0_X14_Y6,L0_X7_Y0,19,L0_X7_Y0,4167.367481,1.2192,248.367481,544.734963,3919.0,4463.734963,25,0.105086,3.008593,1772649278.389344
FP000113,L0_X14_Y6,L0_X7_Y0,20,L0_X7_Y0,4227.367481,60.0,308.367481,544.734963,3919.0,4463.734963,25,0.105086,3.008593,1772649278.389344
FP000113,L0_X14_Y6,L0_X7_Y0,21,L1_X7_Y0,4249.586681,22.2192,330.586681,544.734963,3919.0,4463.734963,25,0.105086,3.008593,1772649278.389344
FP000113,L0_X14_Y6,L0_X7_Y0,22,L2_X7_Y0,4250.805881,1.2192,331.805881,544.734963,3919.0,4463.734963,25,0.105086,3.008593,1772649278.389344
FP000113,L0_X14_Y6,L0_X7_Y0,23,L3_X7_Y0,4252.025081,1.2192,333.025081,544.734963,3919.0,4463.734963,25,0.105086,3.008593,1772649278.389344
FP000113,L0_X14_Y6,L0_X7_Y0,24,L3_X8_Y0,4268.01999,15.994909,349.01999,544.734963,3919.0,4463.734963,25,0.105086,3.008593,1772649278.389344
FP000113,L0_X14_Y6,L0_X7_Y0,25,L3_X9_Y0,4284.014908,15.994918,365.014908,544.734963,3919.0,4463.734963,25,0.105086,3.008593,1772649278.389344
FP000113,L0_X14_Y6,L0_X7_Y0,26,L3_X10_Y0,4300.009834,15.994926,381.009834,544.734963,3919.0,4463.734963,25,0.105086,3.008593,1772649278.389344
FP000113,L0_X14_Y6,L0_X7_Y0,27,L3_X11_Y0,4316.004769,15.994935,397.004769,544.734963,3919.0,4463.734963,25,0.105086,3.008593,1772649278.389344
FP000113,L0_X14_Y6,L0_X7_Y0,28,L3_X12_Y0,4331.999713,15.994943,412.999713,544.734963,3919.0,4463.734963,25,0.105086,3.008593,1772649278.389344
FP000113,L0_X14_Y6,L0_X7_Y0,29,L3_X13_Y0,4347.994665,15.994952,428.994665,544.734963,3919.0,4463.734963,25,0.105086,3.008593,1772649278.389344
FP000113,L0_X14_Y6,L0_X7_Y0,30,L3_X14_Y0,4363.989625,15.994961,444.989625,544.734963,3919.0,4463.734963,25,0.105086,3.008593,1772649278.389344
FP000113,L0_X14_Y6,L0_X7_Y0,31,L3_X14_Y1,4380.004259,16.014633,461.004259,544.734963,3919.0,4463.734963,25,0.105086,3.008593,1772649278.389344
FP000113,L0_X14_Y6,L0_X7_Y0,32,L3_X14_Y2,4396.018888,16.014629,477.018888,544.734963,3919.0,4463.734963,25,0.105086,3.008593,1772649278.389344
FP000113,L0_X14_Y6,L0_X7_Y0,33,L3_X14_Y3,4412.033513,16.014625,493.033513,544.734963,3919.0,4463.734963,25,0.105086,3.008593,1772649278.389344
FP000113,L0_X14_Y6,L0_X7_Y0,34,L2_X14_Y3,4413.252713,1.2192,494.252713,544.734963,3919.0,4463.734963,25,0.105086,3.008593,1772649278.389344
FP000113,L0_X14_Y6,L0_X7_Y0,35,L2_X14_Y4,4429.267333,16.014621,510.267333,544.734963,3919.0,4463.734963,25,0.105086,3.008593,1772649278.389344
FP000113,L0_X14_Y6,L0_X7_Y0,36,L2_X14_Y5,4445.28195,16.014617,526.28195,544.734963,3919.0,4463.734963,25,0.105086,3.008593,1772649278.389344
FP000113,L0_X14_Y6,L0_X7_Y0,37,L2_X14_Y6,4461.296563,16.014613,542.296563,544.734963,3919.0,4463.734963,25,0.105086,3.008593,1772649278.389344
FP000113,L0_X14_Y6,L0_X7_Y0,38,L1_X14_Y6,4462.515763,1.2192,543.515763,544.734963,3919.0,4463.734963,25,0.105086,3.008593,1772649278.389344
FP000113,L0_X14_Y6,L0_X7_Y0,39,L0_X14_Y6,4463.734963,1.2192,544.734963,544.734963,3919.0,4463.734963,25,0.105086,3.008593,1772649278.389344
FP000115,L0_X0_Y2,L0_X3_Y6,0,L0_X0_Y2,3998.0,0.0,0.0,331.974079,3998.0,4329.974079,25,2.021797,0.005031,1772649280.469395
FP000115,L0_X0_Y2,L0_X3_Y6,1,L1_X0_Y2,3999.2192,1.2192,1.2192,331.974079,3998.0,4329.974079,25,2.021797,0.005031,1772649280.469395
FP000115,L0_X0_Y2,L0_X3_Y6,2,L2_X0_Y2,4000.4384,1.2192,2.4384,331.974079,3998.0,4329.974079,25,2.021797,0.005031,1772649280.469395
FP000115,L0_X0_Y2,L0_X3_Y6,3,L2_X1_Y2,4016.43324,15.99484,18.43324,331.974079,3998.0,4329.974079,25,2.021797,0.005031,1772649280.469395
FP000115,L0_X0_Y2,L0_X3_Y6,4,L2_X2_Y2,4032.428089,15.994849,34.428089,331.974079,3998.0,4329.974079,25,2.021797,0.005031,1772649280.469395
FP000115,L0_X0_Y2,L0_X3_Y6,5,L2_X3_Y2,4048.422946,15.994857,50.422946,331.974079,3998.0,4329.974079,25,2.021797,0.005031,1772649280.469395
FP000115,L0_X0_Y2,L0_X3_Y6,6,L2_X3_Y3,4064.445777,16.022831,66.445777,331.974079,3998.0,4329.974079,25,2.021797,0.005031,1772649280.469395
FP000115,L0_X0_Y2,L0_X3_Y6,7,L2_X3_Y4,4080.468603,16.022826,82.468603,331.974079,3998.0,4329.974079,25,2.021797,0.005031,1772649280.469395
FP000115,L0_X0_Y2,L0_X3_Y6,8,L2_X3_Y5,4096.491423,16.022821,98.491423,331.974079,3998.0,4329.974079,25,2.021797,0.005031,1772649280.469395
FP000115,L0_X0_Y2,L0_X3_Y6,9,L2_X3_Y6,4112.514239,16.022816,114.514239,331.974079,3998.0,4329.974079,25,2.021797,0.005031,1772649280.469395
FP000115,L0_X0_Y2,L0_X3_Y6,10,L1_X3_Y6,4113.733439,1.2192,115.733439,331.974079,3998.0,4329.974079,25,2.021797,0.005031,1772649280.469395
FP000115,L0_X0_Y2,L0_X3_Y6,11,L0_X3_Y6,4114.952639,1.2192,116.952639,331.974079,3998.0,4329.974079,25,2.021797,0.005031,1772649280.469395
FP000115,L0_X0_Y2,L0_X3_Y6,12,L0_X3_Y6,4174.952639,60.0,176.952639,331.974079,3998.0,4329.974079,25,2.021797,0.005031,1772649280.469395
FP000115,L0_X0_Y2,L0_X3_Y6,13,L1_X3_Y6,4197.171839,22.2192,199.171839,331.974079,3998.0,4329.974079,25,2.021797,0.005031,1772649280.469395
FP000115,L0_X0_Y2,L0_X3_Y6,14,L2_X3_Y6,4198.391039,1.2192,200.391039,331.974079,3998.0,4329.974079,25,2.021797,0.005031,1772649280.469395
FP000115,L0_X0_Y2,L0_X3_Y6,15,L3_X3_Y6,4199.610239,1.2192,201.610239,331.974079,3998.0,4329.974079,25,2.021797,0.005031,1772649280.469395
FP000115,L0_X0_Y2,L0_X3_Y6,16,L3_X3_Y5,4215.633055,16.022816,217.633055,331.974079,3998.0,4329.974079,25,2.021797,0.005031,1772649280.469395
FP000115,L0_X0_Y2,L0_X3_Y6,17,L4_X3_Y5,4216.852255,1.2192,218.852255,331.974079,3998.0,4329.974079,25,2.021797,0.005031,1772649280.469395
FP000115,L0_X0_Y2,L0_X3_Y6,18,L3_X3_Y5,4218.071455,1.2192,220.071455,331.974079,3998.0,4329.974079,25,2.021797,0.005031,1772649280.469395
FP000115,L0_X0_Y2,L0_X3_Y6,19,L2_X3_Y5,4219.290655,1.2192,221.290655,331.974079,3998.0,4329.974079,25,2.021797,0.005031,1772649280.469395
FP000115,L0_X0_Y2,L0_X3_Y6,20,L3_X3_Y5,4220.509855,1.2192,222.509855,331.974079,3998.0,4329.974079,25,2.021797,0.005031,1772649280.469395
FP000115,L0_X0_Y2,L0_X3_Y6,21,L4_X3_Y5,4221.729055,1.2192,223.729055,331.974079,3998.0,4329.974079,25,2.021797,0.005031,1772649280.469395
FP000115,L0_X0_Y2,L0_X3_Y6,22,L4_X3_Y4,4237.751876,16.022821,239.751876,331.974079,3998.0,4329.974079,25,2.021797,0.005031,1772649280.469395
FP000115,L0_X0_Y2,L0_X3_Y6,23,L4_X3_Y3,4253.774702,16.022826,255.774702,331.974079,3998.0,4329.974079,25,2.021797,0.005031,1772649280.469395
FP000115,L0_X0_Y2,L0_X3_Y6,24,L3_X3_Y3,4254.993902,1.2192,256.993902,331.974079,3998.0,4329.974079,25,2.021797,0.005031,1772649280.469395
FP000115,L0_X0_Y2,L0_X3_Y6,25,L2_X3_Y3,4256.213102,1.2192,258.213102,331.974079,3998.0,4329.974079,25,2.021797,0.005031,1772649280.469395
FP000115,L0_X0_Y2,L0_X3_Y6,26,L3_X3_Y3,4257.432302,1.2192,259.432302,331.974079,3998.0,4329.974079,25,2.021797,0.005031,1772649280.469395
FP000115,L0_X0_Y2,L0_X3_Y6,27,L2_X3_Y3,4258.651502,1.2192,260.651502,331.974079,3998.0,4329.974079,25,2.021797,0.005031,1772649280.469395
FP000115,L0_X0_Y2,L0_X3_Y6,28,L1_X3_Y3,4259.870702,1.2192,261.870702,331.974079,3998.0,4329.974079,25,2.021797,0.005031,1772649280.469395
FP000115,L0_X0_Y2,L0_X3_Y6,29,L0_X3_Y3,4261.089902,1.2192,263.089902,331.974079,3998.0,4329.974079,25,2.021797,0.005031,1772649280.469395
FP000115,L0_X0_Y2,L0_X3_Y6,30,L1_X3_Y3,4262.309102,1.2192,264.309102,331.974079,3998.0,4329.974079,25,2.021797,0.005031,1772649280.469395
FP000115,L0_X0_Y2,L0_X3_Y6,31,L2_X3_Y3,4263.528302,1.2192,265.528302,331.974079,3998.0,4329.974079,25,2.021797,0.005031,1772649280.469395
FP000115,L0_X0_Y2,L0_X3_Y6,32,L2_X3_Y2,4279.551132,16.022831,281.551132,331.974079,3998.0,4329.974079,25,2.021797,0.005031,1772649280.469395
FP000115,L0_X0_Y2,L0_X3_Y6,33,L2_X2_Y2,4295.54599,15.994857,297.54599,331.974079,3998.0,4329.974079,25,2.021797,0.005031,1772649280.469395
FP000115,L0_X0_Y2,L0_X3_Y6,34,L2_X1_Y2,4311.540839,15.994849,313.540839,331.974079,3998.0,4329.974079,25,2.021797,0.005031,1772649280.469395
FP000115,L0_X0_Y2,L0_X3_Y6,35,L2_X0_Y2,4327.535679,15.99484,329.535679,331.974079,3998.0,4329.974079,25,2.021797,0.005031,1772649280.469395
FP000115,L0_X0_Y2,L0_X3_Y6,36,L1_X0_Y2,4328.754879,1.2192,330.754879,331.974079,3998.0,4329.974079,25,2.021797,0.005031,1772649280.469395
FP000115,L0_X0_Y2,L0_X3_Y6,37,L0_X0_Y2,4329.974079,1.2192,331.974079,331.974079,3998.0,4329.974079,25,2.021797,0.005031,1772649280.469395
FP000117,L0_X0_Y2,L0_X3_Y5,0,L0_X0_Y2,4035.0,0.0,0.0,316.997988,4035.0,4351.997988,25,0.698955,0.005559,1772649281.221734
FP000117,L0_X0_Y2,L0_X3_Y5,1,L1_X0_Y2,4036.2192,1.2192,1.2192,316.997988,4035.0,4351.997988,25,0.698955,0.005559,1772649281.221734
FP000117,L0_X0_Y2,L0_X3_Y5,2,L2_X0_Y2,4037.4384,1.2192,2.4384,316.997988,4035.0,4351.997988,25,0.698955,0.005559,1772649281.221734
FP000117,L0_X0_Y2,L0_X3_Y5,3,L2_X1_Y2,4053.43324,15.99484,18.43324,316.997988,4035.0,4351.997988,25,0.698955,0.005559,1772649281.221734
FP000117,L0_X0_Y2,L0_X3_Y5,4,L2_X2_Y2,4069.428089,15.994849,34.428089,316.997988,4035.0,4351.997988,25,0.698955,0.005559,1772649281.221734
FP000117,L0_X0_Y2,L0_X3_Y5,5,L2_X2_Y3,4085.451665,16.023576,50.451665,316.997988,4035.0,4351.997988,25,0.698955,0.005559,1772649281.221734
FP000117,L0_X0_Y2,L0_X3_Y5,6,L2_X3_Y3,4101.446518,15.994853,66.446518,316.997988,4035.0,4351.997988,25,0.698955,0.005559,1772649281.221734
FP000117,L0_X0_Y2,L0_X3_Y5,7,L2_X3_Y4,4117.469344,16.022826,82.469344,316.997988,4035.0,4351.997988,25,0.698955,0.005559,1772649281.221734
FP000117,L0_X0_Y2,L0_X3_Y5,8,L2_X3_Y5,4133.492165,16.022821,98.492165,316.997988,4035.0,4351.997988,25,0.698955,0.005559,1772649281.221734
FP000117,L0_X0_Y2,L0_X3_Y5,9,L1_X3_Y5,4134.711365,1.2192,99.711365,316.997988,4035.0,4351.997988,25,0.698955,0.005559,1772649281.221734
FP000117,L0_X0_Y2,L0_X3_Y5,10,L0_X3_Y5,4135.930565,1.2192,100.930565,316.997988,4035.0,4351.997988,25,0.698955,0.005559,1772649281.221734
FP000117,L0_X0_Y2,L0_X3_Y5,11,L0_X3_Y5,4195.930565,60.0,160.930565,316.997988,4035.0,4351.997988,25,0.698955,0.005559,1772649281.221734
FP000117,L0_X0_Y2,L0_X3_Y5,12,L1_X3_Y5,4218.149765,22.2192,183.149765,316.997988,4035.0,4351.997988,25,0.698955,0.005559,1772649281.221734
FP000117,L0_X0_Y2,L0_X3_Y5,13,L0_X3_Y5,4219.368965,1.2192,184.368965,316.997988,4035.0,4351.997988,25,0.698955,0.005559,1772649281.221734
FP000117,L0_X0_Y2,L0_X3_Y5,14,L1_X3_Y5,4220.588165,1.2192,185.588165,316.997988,4035.0,4351.997988,25,0.698955,0.005559,1772649281.221734
FP000117,L0_X0_Y2,L0_X3_Y5,15,L0_X3_Y5,4221.807365,1.2192,186.807365,316.997988,4035.0,4351.997988,25,0.698955,0.005559,1772649281.221734
FP000117,L0_X0_Y2,L0_X3_Y5,16,L1_X3_Y5,4223.026565,1.2192,188.026565,316.997988,4035.0,4351.997988,25,0.698955,0.005559,1772649281.221734
FP000117,L0_X0_Y2,L0_X3_Y5,17,L0_X3_Y5,4224.245765,1.2192,189.245765,316.997988,4035.0,4351.997988,25,0.698955,0.005559,1772649281.221734
FP000117,L0_X0_Y2,L0_X3_Y5,18,L1_X3_Y5,4225.464965,1.2192,190.464965,316.997988,4035.0,4351.997988,25,0.698955,0.005559,1772649281.221734
FP000117,L0_X0_Y2,L0_X3_Y5,19,L0_X3_Y5,4226.684165,1.2192,191.684165,316.997988,4035.0,4351.997988,25,0.698955,0.005559,1772649281.221734
FP000117,L0_X0_Y2,L0_X3_Y5,20,L1_X3_Y5,4227.903365,1.2192,192.903365,316.997988,4035.0,4351.997988,25,0.698955,0.005559,1772649281.221734
FP000117,L0_X0_Y2,L0_X3_Y5,21,L0_X3_Y5,4229.122565,1.2192,194.122565,316.997988,4035.0,4351.997988,25,0.698955,0.005559,1772649281.221734
FP000117,L0_X0_Y2,L0_X3_Y5,22,L1_X3_Y5,4230.341765,1.2192,195.341765,316.997988,4035.0,4351.997988,25,0.698955,0.005559,1772649281.221734
FP000117,L0_X0_Y2,L0_X3_Y5,23,L0_X3_Y5,4231.560965,1.2192,196.560965,316.997988,4035.0,4351.997988,25,0.698955,0.005559,1772649281.221734
FP000117,L0_X0_Y2,L0_X3_Y5,24,L1_X3_Y5,4232.780165,1.2192,197.780165,316.997988,4035.0,4351.997988,25,0.698955,0.005559,1772649281.221734
FP000117,L0_X0_Y2,L0_X3_Y5,25,L0_X3_Y5,4233.999365,1.2192,198.999365,316.997988,4035.0,4351.997988,25,0.698955,0.005559,1772649281.221734
FP000117,L0_X0_Y2,L0_X3_Y5,26,L1_X3_Y5,4235.218565,1.2192,200.218565,316.997988,4035.0,4351.997988,25,0.698955,0.005559,1772649281.221734
FP000117,L0_X0_Y2,L0_X3_Y5,27,L0_X3_Y5,4236.437765,1.2192,201.437765,316.997988,4035.0,4351.997988,25,0.698955,0.005559,1772649281.221734
FP000117,L0_X0_Y2,L0_X3_Y5,28,L1_X3_Y5,4237.656965,1.2192,202.656965,316.997988,4035.0,4351.997988,25,0.698955,0.005559,1772649281.221734
FP000117,L0_X0_Y2,L0_X3_Y5,29,L0_X3_Y5,4238.876165,1.2192,203.876165,316.997988,4035.0,4351.997988,25,0.698955,0.005559,1772649281.221734
FP000117,L0_X0_Y2,L0_X3_Y5,30,L1_X3_Y5,4240.095365,1.2192,205.095365,316.997988,4035.0,4351.997988,25,0.698955,0.005559,1772649281.221734
FP000117,L0_X0_Y2,L0_X3_Y5,31,L2_X3_Y5,4241.314565,1.2192,206.314565,316.997988,4035.0,4351.997988,25,0.698955,0.005559,1772649281.221734
FP000117,L0_X0_Y2,L0_X3_Y5,32,L2_X3_Y4,4257.337386,16.022821,222.337386,316.997988,4035.0,4351.997988,25,0.698955,0.005559,1772649281.221734
FP000117,L0_X0_Y2,L0_X3_Y5,33,L3_X3_Y4,4258.556586,1.2192,223.556586,316.997988,4035.0,4351.997988,25,0.698955,0.005559,1772649281.221734
FP000117,L0_X0_Y2,L0_X3_Y5,34,L4_X3_Y4,4259.775786,1.2192,224.775786,316.997988,4035.0,4351.997988,25,0.698955,0.005559,1772649281.221734
FP000117,L0_X0_Y2,L0_X3_Y5,35,L4_X3_Y3,4275.798611,16.022826,240.798611,316.997988,4035.0,4351.997988,25,0.698955,0.005559,1772649281.221734
FP000117,L0_X0_Y2,L0_X3_Y5,36,L4_X3_Y2,4291.821442,16.022831,256.821442,316.997988,4035.0,4351.997988,25,0.698955,0.005559,1772649281.221734
FP000117,L0_X0_Y2,L0_X3_Y5,37,L4_X2_Y2,4307.816299,15.994857,272.816299,316.997988,4035.0,4351.997988,25,0.698955,0.005559,1772649281.221734
FP000117,L0_X0_Y2,L0_X3_Y5,38,L4_X1_Y2,4323.811148,15.994849,288.811148,316.997988,4035.0,4351.997988,25,0.698955,0.005559,1772649281.221734
FP000117,L0_X0_Y2,L0_X3_Y5,39,L4_X0_Y2,4339.805988,15.99484,304.805988,316.997988,4035.0,4351.997988,25,0.698955,0.005559,1772649281.221734
FP000117,L0_X0_Y2,L0_X3_Y5,40,L3_X0_Y2,4341.025188,1.2192,306.025188,316.997988,4035.0,4351.997988,25,0.698955,0.005559,1772649281.221734
FP000117,L0_X0_Y2,L0_X3_Y5,41,L4_X0_Y2,4342.244388,1.2192,307.244388,316.997988,4035.0,4351.997988,25,0.698955,0.005559,1772649281.221734
FP000117,L0_X0_Y2,L0_X3_Y5,42,L3_X0_Y2,4343.463588,1.2192,308.463588,316.997988,4035.0,4351.997988,25,0.698955,0.005559,1772649281.221734
FP000117,L0_X0_Y2,L0_X3_Y5,43,L4_X0_Y2,4344.682788,1.2192,309.682788,316.997988,4035.0,4351.997988,25,0.698955,0.005559,1772649281.221734
FP000117,L0_X0_Y2,L0_X3_Y5,44,L3_X0_Y2,4345.901988,1.2192,310.901988,316.997988,4035.0,4351.997988,25,0.698955,0.005559,1772649281.221734
FP000117,L0_X0_Y2,L0_X3_Y5,45,L4_X0_Y2,4347.121188,1.2192,312.121188,316.997988,4035.0,4351.997988,25,0.698955,0.005559,1772649281.221734
FP000117,L0_X0_Y2,L0_X3_Y5,46,L3_X0_Y2,4348.340388,1.2192,313.340388,316.997988,4035.0,4351.997988,25,0.698955,0.005559,1772649281.221734
FP000117,L0_X0_Y2,L0_X3_Y5,47,L2_X0_Y2,4349.559588,1.2192,314.559588,316.997988,4035.0,4351.997988,25,0.698955,0.005559,1772649281.221734
FP000117,L0_X0_Y2,L0_X3_Y5,48,L1_X0_Y2,4350.778788,1.2192,315.778788,316.997988,4035.0,4351.997988,25,0.698955,0.005559,1772649281.221734
FP000117,L0_X0_Y2,L0_X3_Y5,49,L0_X0_Y2,4351.997988,1.2192,316.997988,316.997988,4035.0,4351.997988,25,0.698955,0.005559,1772649281.221734
FP000118,L0_X0_Y2,L0_X7_Y2,0,L0_X0_Y2,4158.0,0.0,0.0,345.120125,4130.0,4475.120125,25,0.06598,0.763421,1772649281.353312
FP000118,L0_X0_Y2,L0_X7_Y2,1,L1_X0_Y2,4159.2192,1.2192,29.2192,345.120125,4130.0,4475.120125,25,0.06598,0.763421,1772649281.353312
FP000118,L0_X0_Y2,L0_X7_Y2,2,L2_X0_Y2,4160.4384,1.2192,30.4384,345.120125,4130.0,4475.120125,25,0.06598,0.763421,1772649281.353312
FP000118,L0_X0_Y2,L0_X7_Y2,3,L2_X1_Y2,4176.43324,15.99484,46.43324,345.120125,4130.0,4475.120125,25,0.06598,0.763421,1772649281.353312
FP000118,L0_X0_Y2,L0_X7_Y2,4,L3_X1_Y2,4177.65244,1.2192,47.65244,345.120125,4130.0,4475.120125,25,0.06598,0.763421,1772649281.353312
FP000118,L0_X0_Y2,L0_X7_Y2,5,L3_X2_Y2,4193.647289,15.994849,63.647289,345.120125,4130.0,4475.120125,25,0.06598,0.763421,1772649281.353312
FP000118,L0_X0_Y2,L0_X7_Y2,6,L3_X3_Y2,4209.642146,15.994857,79.642146,345.120125,4130.0,4475.120125,25,0.06598,0.763421,1772649281.353312
FP000118,L0_X0_Y2,L0_X7_Y2,7,L3_X4_Y2,4225.637012,15.994866,95.637012,345.120125,4130.0,4475.120125,25,0.06598,0.763421,1772649281.353312
FP000118,L0_X0_Y2,L0_X7_Y2,8,L3_X5_Y2,4241.631887,15.994875,111.631887,345.120125,4130.0,4475.120125,25,0.06598,0.763421,1772649281.353312
FP000118,L0_X0_Y2,L0_X7_Y2,9,L3_X6_Y2,4257.626771,15.994883,127.626771,345.120125,4130.0,4475.120125,25,0.06598,0.763421,1772649281.353312
FP000118,L0_X0_Y2,L0_X7_Y2,10,L3_X7_Y2,4273.621662,15.994892,143.621662,345.120125,4130.0,4475.120125,25,0.06598,0.763421,1772649281.353312
FP000118,L0_X0_Y2,L0_X7_Y2,11,L2_X7_Y2,4274.840862,1.2192,144.840862,345.120125,4130.0,4475.120125,25,0.06598,0.763421,1772649281.353312
FP000118,L0_X0_Y2,L0_X7_Y2,12,L1_X7_Y2,4276.060062,1.2192,146.060062,345.120125,4130.0,4475.120125,25,0.06598,0.763421,1772649281.353312
FP000118,L0_X0_Y2,L0_X7_Y2,13,L0_X7_Y2,4277.279262,1.2192,147.279262,345.120125,4130.0,4475.120125,25,0.06598,0.763421,1772649281.353312
FP000118,L0_X0_Y2,L0_X7_Y2,14,L0_X7_Y2,4337.279262,60.0,207.279262,345.120125,4130.0,4475.120125,25,0.06598,0.763421,1772649281.353312
FP000118,L0_X0_Y2,L0_X7_Y2,15,L1_X7_Y2,4359.498462,22.2192,229.498462,345.120125,4130.0,4475.120125,25,0.06598,0.763421,1772649281.353312
FP000118,L0_X0_Y2,L0_X7_Y2,16,L2_X7_Y2,4360.717662,1.2192,230.717662,345.120125,4130.0,4475.120125,25,0.06598,0.763421,1772649281.353312
FP000118,L0_X0_Y2,L0_X7_Y2,17,L2_X6_Y2,4376.712554,15.994892,246.712554,345.120125,4130.0,4475.120125,25,0.06598,0.763421,1772649281.353312
FP000118,L0_X0_Y2,L0_X7_Y2,18,L2_X5_Y2,4392.707438,15.994883,262.707438,345.120125,4130.0,4475.120125,25,0.06598,0.763421,1772649281.353312
FP000118,L0_X0_Y2,L0_X7_Y2,19,L2_X4_Y2,4408.702312,15.994875,278.702312,345.120125,4130.0,4475.120125,25,0.06598,0.763421,1772649281.353312
FP000118,L0_X0_Y2,L0_X7_Y2,20,L2_X3_Y2,4424.697179,15.994866,294.697179,345.120125,4130.0,4475.120125,25,0.06598,0.763421,1772649281.353312
FP000118,L0_X0_Y2,L0_X7_Y2,21,L2_X2_Y2,4440.692036,15.994857,310.692036,345.120125,4130.0,4475.120125,25,0.06598,0.763421,1772649281.353312
FP000118,L0_X0_Y2,L0_X7_Y2,22,L2_X1_Y2,4456.686885,15.994849,326.686885,345.120125,4130.0,4475.120125,25,0.06598,0.763421,1772649281.353312
FP000118,L0_X0_Y2,L0_X7_Y2,23,L2_X0_Y2,4472.681725,15.99484,342.681725,345.120125,4130.0,4475.120125,25,0.06598,0.763421,1772649281.353312
FP000118,L0_X0_Y2,L0_X7_Y2,24,L1_X0_Y2,4473.900925,1.2192,343.900925,345.120125,4130.0,4475.120125,25,0.06598,0.763421,1772649281.353312
FP000118,L0_X0_Y2,L0_X7_Y2,25,L0_X0_Y2,4475.120125,1.2192,345.120125,345.120125,4130.0,4475.120125,25,0.06598,0.763421,1772649281.353312
FP000119,L0_X0_Y2,L0_X0_Y5,0,L0_X0_Y2,4179.0,0.0,0.0,197.219172,4176.0,4373.219172,25,0.043322,0.098588,1772649281.430757
FP000119,L0_X0_Y2,L0_X0_Y5,1,L1_X0_Y2,4180.2192,1.2192,4.2192,197.219172,4176.0,4373.219172,25,0.043322,0.098588,1772649281.430757
FP000119,L0_X0_Y2,L0_X0_Y5,2,L2_X0_Y2,4181.4384,1.2192,5.4384,197.219172,4176.0,4373.219172,25,0.043322,0.098588,1772649281.430757
FP000119,L0_X0_Y2,L0_X0_Y5,3,L2_X0_Y3,4197.463467,16.025067,21.463467,197.219172,4176.0,4373.219172,25,0.043322,0.098588,1772649281.430757
FP000119,L0_X0_Y2,L0_X0_Y5,4,L2_X0_Y4,4213.488529,16.025062,37.488529,197.219172,4176.0,4373.219172,25,0.043322,0.098588,1772649281.430757
FP000119,L0_X0_Y2,L0_X0_Y5,5,L2_X0_Y5,4229.513586,16.025057,53.513586,197.219172,4176.0,4373.219172,25,0.043322,0.098588,1772649281.430757
FP000119,L0_X0_Y2,L0_X0_Y5,6,L1_X0_Y5,4230.732786,1.2192,54.732786,197.219172,4176.0,4373.219172,25,0.043322,0.098588,1772649281.430757
FP000119,L0_X0_Y2,L0_X0_Y5,7,L0_X0_Y5,4231.951986,1.2192,55.951986,197.219172,4176.0,4373.219172,25,0.043322,0.098588,1772649281.430757
FP000119,L0_X0_Y2,L0_X0_Y5,8,L0_X0_Y5,4291.951986,60.0,115.951986,197.219172,4176.0,4373.219172,25,0.043322,0.098588,1772649281.430757
FP000119,L0_X0_Y2,L0_X0_Y5,9,L1_X0_Y5,4314.171186,22.2192,138.171186,197.219172,4176.0,4373.219172,25,0.043322,0.098588,1772649281.430757
FP000119,L0_X0_Y2,L0_X0_Y5,10,L2_X0_Y5,4315.390386,1.2192,139.390386,197.219172,4176.0,4373.219172,25,0.043322,0.098588,1772649281.430757
FP000119,L0_X0_Y2,L0_X0_Y5,11,L1_X0_Y5,4316.609586,1.2192,140.609586,197.219172,4176.0,4373.219172,25,0.043322,0.098588,1772649281.430757
FP000119,L0_X0_Y2,L0_X0_Y5,12,L2_X0_Y5,4317.828786,1.2192,141.828786,197.219172,4176.0,4373.219172,25,0.043322,0.098588,1772649281.430757
FP000119,L0_X0_Y2,L0_X0_Y5,13,L1_X0_Y5,4319.047986,1.2192,143.047986,197.219172,4176.0,4373.219172,25,0.043322,0.098588,1772649281.430757
FP000119,L0_X0_Y2,L0_X0_Y5,14,L2_X0_Y5,4320.267186,1.2192,144.267186,197.219172,4176.0,4373.219172,25,0.043322,0.098588,1772649281.430757
FP000119,L0_X0_Y2,L0_X0_Y5,15,L1_X0_Y5,4321.486386,1.2192,145.486386,197.219172,4176.0,4373.219172,25,0.043322,0.098588,1772649281.430757
FP000119,L0_X0_Y2,L0_X0_Y5,16,L2_X0_Y5,4322.705586,1.2192,146.705586,197.219172,4176.0,4373.219172,25,0.043322,0.098588,1772649281.430757
FP000119,L0_X0_Y2,L0_X0_Y5,17,L2_X0_Y4,4338.730643,16.025057,162.730643,197.219172,4176.0,4373.219172,25,0.043322,0.098588,1772649281.430757
FP000119,L0_X0_Y2,L0_X0_Y5,18,L2_X0_Y3,4354.755705,16.025062,178.755705,197.219172,4176.0,4373.219172,25,0.043322,0.098588,1772649281.430757
FP000119,L0_X0_Y2,L0_X0_Y5,19,L2_X0_Y2,4370.780772,16.025067,194.780772,197.219172,4176.0,4373.219172,25,0.043322,0.098588,1772649281.430757
FP000119,L0_X0_Y2,L0_X0_Y5,20,L1_X0_Y2,4371.999972,1.2192,195.999972,197.219172,4176.0,4373.219172,25,0.043322,0.098588,1772649281.430757
FP000119,L0_X0_Y2,L0_X0_Y5,21,L0_X0_Y2,4373.219172,1.2192,197.219172,197.219172,4176.0,4373.219172,25,0.043322,0.098588,1772649281.430757
FP000120,L0_X0_Y2,L0_X8_Y4,0,L0_X0_Y2,4215.0,0.0,0.0,410.758304,4215.0,4625.758304,25,0.112552,0.075762,1772649281.57523
FP000120,L0_X0_Y2,L0_X8_Y4,1,L1_X0_Y2,4216.2192,1.2192,1.2192,410.758304,4215.0,4625.758304,25,0.112552,0.075762,1772649281.57523
FP000120,L0_X0_Y2,L0_X8_Y4,2,L2_X0_Y2,4217.4384,1.2192,2.4384,410.758304,4215.0,4625.758304,25,0.112552,0.075762,1772649281.57523
FP000120,L0_X0_Y2,L0_X8_Y4,3,L2_X0_Y3,4233.463467,16.025067,18.463467,410.758304,4215.0,4625.758304,25,0.112552,0.075762,1772649281.57523
FP000120,L0_X0_Y2,L0_X8_Y4,4,L2_X1_Y3,4249.458303,15.994836,34.458303,410.758304,4215.0,4625.758304,25,0.112552,0.075762,1772649281.57523
FP000120,L0_X0_Y2,L0_X8_Y4,5,L2_X2_Y3,4265.453148,15.994845,50.453148,410.758304,4215.0,4625.758304,25,0.112552,0.075762,1772649281.57523
FP000120,L0_X0_Y2,L0_X8_Y4,6,L2_X2_Y4,4281.476719,16.023571,66.476719,410.758304,4215.0,4625.758304,25,0.112552,0.075762,1772649281.57523
FP000120,L0_X0_Y2,L0_X8_Y4,7,L2_X3_Y4,4297.471568,15.994849,82.471568,410.758304,4215.0,4625.758304,25,0.112552,0.075762,1772649281.57523
FP000120,L0_X0_Y2,L0_X8_Y4,8,L2_X4_Y4,4313.466426,15.994858,98.466426,410.758304,4215.0,4625.758304,25,0.112552,0.075762,1772649281.57523
FP000120,L0_X0_Y2,L0_X8_Y4,9,L2_X5_Y4,4329.461292,15.994866,114.461292,410.758304,4215.0,4625.758304,25,0.112552,0.075762,1772649281.57523
FP000120,L0_X0_Y2,L0_X8_Y4,10,L2_X6_Y4,4345.456167,15.994875,130.456167,410.758304,4215.0,4625.758304,25,0.112552,0.075762,1772649281.57523
FP000120,L0_X0_Y2,L0_X8_Y4,11,L2_X7_Y4,4361.45105,15.994884,146.45105,410.758304,4215.0,4625.758304,25,0.112552,0.075762,1772649281.57523
FP000120,L0_X0_Y2,L0_X8_Y4,12,L1_X7_Y4,4362.67025,1.2192,147.67025,410.758304,4215.0,4625.758304,25,0.112552,0.075762,1772649281.57523
FP000120,L0_X0_Y2,L0_X8_Y4,13,L1_X8_Y4,4378.665143,15.994892,163.665143,410.758304,4215.0,4625.758304,25,0.112552,0.075762,1772649281.57523
FP000120,L0_X0_Y2,L0_X8_Y4,14,L0_X8_Y4,4379.884343,1.2192,164.884343,410.758304,4215.0,4625.758304,25,0.112552,0.075762,1772649281.57523
FP000120,L0_X0_Y2,L0_X8_Y4,15,L0_X8_Y4,4439.884343,60.0,224.884343,410.758304,4215.0,4625.758304,25,0.112552,0.075762,1772649281.57523
FP000120,L0_X0_Y2,L0_X8_Y4,16,L1_X8_Y4,4462.103543,22.2192,247.103543,410.758304,4215.0,4625.758304,25,0.112552,0.075762,1772649281.57523
FP000120,L0_X0_Y2,L0_X8_Y4,17,L1_X8_Y3,4478.12264,16.019097,263.12264,410.758304,4215.0,4625.758304,25,0.112552,0.075762,1772649281.57523
FP000120,L0_X0_Y2,L0_X8_Y4,18,L2_X8_Y3,4479.34184,1.2192,264.34184,410.758304,4215.0,4625.758304,25,0.112552,0.075762,1772649281.57523
FP000120,L0_X0_Y2,L0_X8_Y4,19,L2_X8_Y2,4495.360941,16.019102,280.360941,410.758304,4215.0,4625.758304,25,0.112552,0.075762,1772649281.57523
FP000120,L0_X0_Y2,L0_X8_Y4,20,L2_X7_Y2,4511.355842,15.994901,296.355842,410.758304,4215.0,4625.758304,25,0.112552,0.075762,1772649281.57523
FP000120,L0_X0_Y2,L0_X8_Y4,21,L2_X6_Y2,4527.350734,15.994892,312.350734,410.758304,4215.0,4625.758304,25,0.112552,0.075762,1772649281.57523
FP000120,L0_X0_Y2,L0_X8_Y4,22,L2_X5_Y2,4543.345617,15.994883,328.345617,410.758304,4215.0,4625.758304,25,0.112552,0.075762,1772649281.57523
FP000120,L0_X0_Y2,L0_X8_Y4,23,L2_X4_Y2,4559.340492,15.994875,344.340492,410.758304,4215.0,4625.758304,25,0.112552,0.075762,1772649281.57523
FP000120,L0_X0_Y2,L0_X8_Y4,24,L2_X3_Y2,4575.335358,15.994866,360.335358,410.758304,4215.0,4625.758304,25,0.112552,0.075762,1772649281.57523
FP000120,L0_X0_Y2,L0_X8_Y4,25,L2_X2_Y2,4591.330216,15.994857,376.330216,410.758304,4215.0,4625.758304,25,0.112552,0.075762,1772649281.57523
FP000120,L0_X0_Y2,L0_X8_Y4,26,L2_X1_Y2,4607.325064,15.994849,392.325064,410.758304,4215.0,4625.758304,25,0.112552,0.075762,1772649281.57523
FP000120,L0_X0_Y2,L0_X8_Y4,27,L2_X0_Y2,4623.319904,15.99484,408.319904,410.758304,4215.0,4625.758304,25,0.112552,0.075762,1772649281.57523
FP000120,L0_X0_Y2,L0_X8_Y4,28,L1_X0_Y2,4624.539104,1.2192,409.539104,410.758304,4215.0,4625.758304,25,0.112552,0.075762,1772649281.57523
FP000120,L0_X0_Y2,L0_X8_Y4,29,L0_X0_Y2,4625.758304,1.2192,410.758304,410.758304,4215.0,4625.758304,25,0.112552,0.075762,1772649281.57523
FP000121,L0_X0_Y2,L0_X8_Y5,0,L0_X0_Y2,4280.0,0.0,0.0,479.662909,4248.0,4727.662909,25,0.15456,0.138792,1772649281.80163
FP000121,L0_X0_Y2,L0_X8_Y5,1,L1_X0_Y2,4281.2192,1.2192,33.2192,479.662909,4248.0,4727.662909,25,0.15456,0.138792,1772649281.80163
FP000121,L0_X0_Y2,L0_X8_Y5,2,L2_X0_Y2,4282.4384,1.2192,34.4384,479.662909,4248.0,4727.662909,25,0.15456,0.138792,1772649281.80163
FP000121,L0_X0_Y2,L0_X8_Y5,3,L3_X0_Y2,4283.6576,1.2192,35.6576,479.662909,4248.0,4727.662909,25,0.15456,0.138792,1772649281.80163
FP000121,L0_X0_Y2,L0_X8_Y5,4,L3_X1_Y2,4299.65244,15.99484,51.65244,479.662909,4248.0,4727.662909,25,0.15456,0.138792,1772649281.80163
FP000121,L0_X0_Y2,L0_X8_Y5,5,L3_X2_Y2,4315.647289,15.994849,67.647289,479.662909,4248.0,4727.662909,25,0.15456,0.138792,1772649281.80163
FP000121,L0_X0_Y2,L0_X8_Y5,6,L3_X3_Y2,4331.642146,15.994857,83.642146,479.662909,4248.0,4727.662909,25,0.15456,0.138792,1772649281.80163
FP000121,L0_X0_Y2,L0_X8_Y5,7,L3_X4_Y2,4347.637012,15.994866,99.637012,479.662909,4248.0,4727.662909,25,0.15456,0.138792,1772649281.80163
FP000121,L0_X0_Y2,L0_X8_Y5,8,L3_X5_Y2,4363.631887,15.994875,115.631887,479.662909,4248.0,4727.662909,25,0.15456,0.138792,1772649281.80163
FP000121,L0_X0_Y2,L0_X8_Y5,9,L3_X6_Y2,4379.626771,15.994883,131.626771,479.662909,4248.0,4727.662909,25,0.15456,0.138792,1772649281.80163
FP000121,L0_X0_Y2,L0_X8_Y5,10,L3_X7_Y2,4395.621662,15.994892,147.621662,479.662909,4248.0,4727.662909,25,0.15456,0.138792,1772649281.80163
FP000121,L0_X0_Y2,L0_X8_Y5,11,L3_X8_Y2,4411.616563,15.994901,163.616563,479.662909,4248.0,4727.662909,25,0.15456,0.138792,1772649281.80163
FP000121,L0_X0_Y2,L0_X8_Y5,12,L3_X8_Y3,4427.635665,16.019102,179.635665,479.662909,4248.0,4727.662909,25,0.15456,0.138792,1772649281.80163
FP000121,L0_X0_Y2,L0_X8_Y5,13,L3_X8_Y4,4443.654762,16.019097,195.654762,479.662909,4248.0,4727.662909,25,0.15456,0.138792,1772649281.80163
FP000121,L0_X0_Y2,L0_X8_Y5,14,L3_X8_Y5,4459.673855,16.019093,211.673855,479.662909,4248.0,4727.662909,25,0.15456,0.138792,1772649281.80163
FP000121,L0_X0_Y2,L0_X8_Y5,15,L2_X8_Y5,4460.893055,1.2192,212.893055,479.662909,4248.0,4727.662909,25,0.15456,0.138792,1772649281.80163
FP000121,L0_X0_Y2,L0_X8_Y5,16,L1_X8_Y5,4462.112255,1.2192,214.112255,479.662909,4248.0,4727.662909,25,0.15456,0.138792,1772649281.80163
FP000121,L0_X0_Y2,L0_X8_Y5,17,L0_X8_Y5,4463.331455,1.2192,215.331455,479.662909,4248.0,4727.662909,25,0.15456,0.138792,1772649281.80163
FP000121,L0_X0_Y2,L0_X8_Y5,18,L0_X8_Y5,4523.331455,60.0,275.331455,479.662909,4248.0,4727.662909,25,0.15456,0.138792,1772649281.80163
FP000121,L0_X0_Y2,L0_X8_Y5,19,L1_X8_Y5,4545.550655,22.2192,297.550655,479.662909,4248.0,4727.662909,25,0.15456,0.138792,1772649281.80163
FP000121,L0_X0_Y2,L0_X8_Y5,20,L2_X8_Y5,4546.769855,1.2192,298.769855,479.662909,4248.0,4727.662909,25,0.15456,0.138792,1772649281.80163
FP000121,L0_X0_Y2,L0_X8_Y5,21,L3_X8_Y5,4547.989055,1.2192,299.989055,479.662909,4248.0,4727.662909,25,0.15456,0.138792,1772649281.80163
FP000121,L0_X0_Y2,L0_X8_Y5,22,L3_X8_Y4,4564.008147,16.019093,316.008147,479.662909,4248.0,4727.662909,25,0.15456,0.138792,1772649281.80163
FP000121,L0_X0_Y2,L0_X8_Y5,23,L3_X8_Y3,4580.027244,16.019097,332.027244,479.662909,4248.0,4727.662909,25,0.15456,0.138792,1772649281.80163
FP000121,L0_X0_Y2,L0_X8_Y5,24,L3_X8_Y2,4596.046346,16.019102,348.046346,479.662909,4248.0,4727.662909,25,0.15456,0.138792,1772649281.80163
FP000121,L0_X0_Y2,L0_X8_Y5,25,L3_X7_Y2,4612.041247,15.994901,364.041247,479.662909,4248.0,4727.662909,25,0.15456,0.138792,1772649281.80163
FP000121,L0_X0_Y2,L0_X8_Y5,26,L3_X6_Y2,4628.036139,15.994892,380.036139,479.662909,4248.0,4727.662909,25,0.15456,0.138792,1772649281.80163
FP000121,L0_X0_Y2,L0_X8_Y5,27,L3_X5_Y2,4644.031022,15.994883,396.031022,479.662909,4248.0,4727.662909,25,0.15456,0.138792,1772649281.80163
FP000121,L0_X0_Y2,L0_X8_Y5,28,L3_X4_Y2,4660.025897,15.994875,412.025897,479.662909,4248.0,4727.662909,25,0.15456,0.138792,1772649281.80163
FP000121,L0_X0_Y2,L0_X8_Y5,29,L3_X3_Y2,4676.020763,15.994866,428.020763,479.662909,4248.0,4727.662909,25,0.15456,0.138792,1772649281.80163
FP000121,L0_X0_Y2,L0_X8_Y5,30,L3_X2_Y2,4692.01562,15.994857,444.01562,479.662909,4248.0,4727.662909,25,0.15456,0.138792,1772649281.80163
FP000121,L0_X0_Y2,L0_X8_Y5,31,L3_X1_Y2,4708.010469,15.994849,460.010469,479.662909,4248.0,4727.662909,25,0.15456,0.138792,1772649281.80163
FP000121,L0_X0_Y2,L0_X8_Y5,32,L3_X0_Y2,4724.005309,15.99484,476.005309,479.662909,4248.0,4727.662909,25,0.15456,0.138792,1772649281.80163
FP000121,L0_X0_Y2,L0_X8_Y5,33,L2_X0_Y2,4725.224509,1.2192,477.224509,479.662909,4248.0,4727.662909,25,0.15456,0.138792,1772649281.80163
FP000121,L0_X0_Y2,L0_X8_Y5,34,L1_X0_Y2,4726.443709,1.2192,478.443709,479.662909,4248.0,4727.662909,25,0.15456,0.138792,1772649281.80163
FP000121,L0_X0_Y2,L0_X8_Y5,35,L0_X0_Y2,4727.662909,1.2192,479.662909,479.662909,4248.0,4727.662909,25,0.15456,0.138792,1772649281.80163
FP000123,L0_X14_Y6,L0_X14_Y3,0,L0_X14_Y6,4316.0,0.0,0.0,186.841301,4316.0,4502.841301,25,0.010113,0.004017,1772649283.922762
FP000123,L0_X14_Y6,L0_X14_Y3,1,L1_X14_Y6,4317.2192,1.2192,1.2192,186.841301,4316.0,4502.841301,25,0.010113,0.004017,1772649283.922762
FP000123,L0_X14_Y6,L0_X14_Y3,2,L2_X14_Y6,4318.4384,1.2192,2.4384,186.841301,4316.0,4502.841301,25,0.010113,0.004017,1772649283.922762
FP000123,L0_X14_Y6,L0_X14_Y3,3,L2_X14_Y5,4334.453013,16.014613,18.453013,186.841301,4316.0,4502.841301,25,0.010113,0.004017,1772649283.922762
FP000123,L0_X14_Y6,L0_X14_Y3,4,L2_X14_Y4,4350.467629,16.014617,34.467629,186.841301,4316.0,4502.841301,25,0.010113,0.004017,1772649283.922762
FP000123,L0_X14_Y6,L0_X14_Y3,5,L2_X14_Y3,4366.48225,16.014621,50.48225,186.841301,4316.0,4502.841301,25,0.010113,0.004017,1772649283.922762
FP000123,L0_X14_Y6,L0_X14_Y3,6,L1_X14_Y3,4367.70145,1.2192,51.70145,186.841301,4316.0,4502.841301,25,0.010113,0.004017,1772649283.922762
FP000123,L0_X14_Y6,L0_X14_Y3,7,L0_X14_Y3,4368.92065,1.2192,52.92065,186.841301,4316.0,4502.841301,25,0.010113,0.004017,1772649283.922762
FP000123,L0_X14_Y6,L0_X14_Y3,8,L0_X14_Y3,4428.92065,60.0,112.92065,186.841301,4316.0,4502.841301,25,0.010113,0.004017,1772649283.922762
FP000123,L0_X14_Y6,L0_X14_Y3,9,L1_X14_Y3,4451.13985,22.2192,135.13985,186.841301,4316.0,4502.841301,25,0.010113,0.004017,1772649283.922762
FP000123,L0_X14_Y6,L0_X14_Y3,10,L2_X14_Y3,4452.35905,1.2192,136.35905,186.841301,4316.0,4502.841301,25,0.010113,0.004017,1772649283.922762
FP000123,L0_X14_Y6,L0_X14_Y3,11,L2_X14_Y4,4468.373671,16.014621,152.373671,186.841301,4316.0,4502.841301,25,0.010113,0.004017,1772649283.922762
FP000123,L0_X14_Y6,L0_X14_Y3,12,L2_X14_Y5,4484.388288,16.014617,168.388288,186.841301,4316.0,4502.841301,25,0.010113,0.004017,1772649283.922762
FP000123,L0_X14_Y6,L0_X14_Y3,13,L2_X14_Y6,4500.402901,16.014613,184.402901,186.841301,4316.0,4502.841301,25,0.010113,0.004017,1772649283.922762
FP000123,L0_X14_Y6,L0_X14_Y3,14,L1_X14_Y6,4501.622101,1.2192,185.622101,186.841301,4316.0,4502.841301,25,0.010113,0.004017,1772649283.922762
FP000123,L0_X14_Y6,L0_X14_Y3,15,L0_X14_Y6,4502.841301,1.2192,186.841301,186.841301,4316.0,4502.841301,25,0.010113,0.004017,1772649283.922762
FP000125,L0_X0_Y2,L0_X0_Y6,0,L0_X0_Y2,4394.0,0.0,0.0,274.091676,4373.0,4647.091676,25,0.478078,3.024224,1772649288.245534
FP000125,L0_X0_Y2,L0_X0_Y6,1,L1_X0_Y2,4395.2192,1.2192,22.2192,274.091676,4373.0,4647.091676,25,0.478078,3.024224,1772649288.245534
FP000125,L0_X0_Y2,L0_X0_Y6,2,L2_X0_Y2,4396.4384,1.2192,23.4384,274.091676,4373.0,4647.091676,25,0.478078,3.024224,1772649288.245534
FP000125,L0_X0_Y2,L0_X0_Y6,3,L2_X0_Y3,4412.463467,16.025067,39.463467,274.091676,4373.0,4647.091676,25,0.478078,3.024224,1772649288.245534
FP000125,L0_X0_Y2,L0_X0_Y6,4,L2_X0_Y4,4428.488529,16.025062,55.488529,274.091676,4373.0,4647.091676,25,0.478078,3.024224,1772649288.245534
FP000125,L0_X0_Y2,L0_X0_Y6,5,L2_X0_Y5,4444.513586,16.025057,71.513586,274.091676,4373.0,4647.091676,25,0.478078,3.024224,1772649288.245534
FP000125,L0_X0_Y2,L0_X0_Y6,6,L2_X0_Y6,4460.538638,16.025052,87.538638,274.091676,4373.0,4647.091676,25,0.478078,3.024224,1772649288.245534
FP000125,L0_X0_Y2,L0_X0_Y6,7,L1_X0_Y6,4461.757838,1.2192,88.757838,274.091676,4373.0,4647.091676,25,0.478078,3.024224,1772649288.245534
FP000125,L0_X0_Y2,L0_X0_Y6,8,L0_X0_Y6,4462.977038,1.2192,89.977038,274.091676,4373.0,4647.091676,25,0.478078,3.024224,1772649288.245534
FP000125,L0_X0_Y2,L0_X0_Y6,9,L0_X0_Y6,4522.977038,60.0,149.977038,274.091676,4373.0,4647.091676,25,0.478078,3.024224,1772649288.245534
FP000125,L0_X0_Y2,L0_X0_Y6,10,L1_X0_Y6,4545.196238,22.2192,172.196238,274.091676,4373.0,4647.091676,25,0.478078,3.024224,1772649288.245534
FP000125,L0_X0_Y2,L0_X0_Y6,11,L2_X0_Y6,4546.415438,1.2192,173.415438,274.091676,4373.0,4647.091676,25,0.478078,3.024224,1772649288.245534
FP000125,L0_X0_Y2,L0_X0_Y6,12,L3_X0_Y6,4547.634638,1.2192,174.634638,274.091676,4373.0,4647.091676,25,0.478078,3.024224,1772649288.245534
FP000125,L0_X0_Y2,L0_X0_Y6,13,L2_X0_Y6,4548.853838,1.2192,175.853838,274.091676,4373.0,4647.091676,25,0.478078,3.024224,1772649288.245534
FP000125,L0_X0_Y2,L0_X0_Y6,14,L1_X0_Y6,4550.073038,1.2192,177.073038,274.091676,4373.0,4647.091676,25,0.478078,3.024224,1772649288.245534
FP000125,L0_X0_Y2,L0_X0_Y6,15,L2_X0_Y6,4551.292238,1.2192,178.292238,274.091676,4373.0,4647.091676,25,0.478078,3.024224,1772649288.245534
FP000125,L0_X0_Y2,L0_X0_Y6,16,L3_X0_Y6,4552.511438,1.2192,179.511438,274.091676,4373.0,4647.091676,25,0.478078,3.024224,1772649288.245534
FP000125,L0_X0_Y2,L0_X0_Y6,17,L2_X0_Y6,4553.730638,1.2192,180.730638,274.091676,4373.0,4647.091676,25,0.478078,3.024224,1772649288.245534
FP000125,L0_X0_Y2,L0_X0_Y6,18,L3_X0_Y6,4554.949838,1.2192,181.949838,274.091676,4373.0,4647.091676,25,0.478078,3.024224,1772649288.245534
FP000125,L0_X0_Y2,L0_X0_Y6,19,L2_X0_Y6,4556.169038,1.2192,183.169038,274.091676,4373.0,4647.091676,25,0.478078,3.024224,1772649288.245534
FP000125,L0_X0_Y2,L0_X0_Y6,20,L3_X0_Y6,4557.388238,1.2192,184.388238,274.091676,4373.0,4647.091676,25,0.478078,3.024224,1772649288.245534
FP000125,L0_X0_Y2,L0_X0_Y6,21,L2_X0_Y6,4558.607438,1.2192,185.607438,274.091676,4373.0,4647.091676,25,0.478078,3.024224,1772649288.245534
FP000125,L0_X0_Y2,L0_X0_Y6,22,L3_X0_Y6,4559.826638,1.2192,186.826638,274.091676,4373.0,4647.091676,25,0.478078,3.024224,1772649288.245534
FP000125,L0_X0_Y2,L0_X0_Y6,23,L2_X0_Y6,4561.045838,1.2192,188.045838,274.091676,4373.0,4647.091676,25,0.478078,3.024224,1772649288.245534
FP000125,L0_X0_Y2,L0_X0_Y6,24,L3_X0_Y6,4562.265038,1.2192,189.265038,274.091676,4373.0,4647.091676,25,0.478078,3.024224,1772649288.245534
FP000125,L0_X0_Y2,L0_X0_Y6,25,L2_X0_Y6,4563.484238,1.2192,190.484238,274.091676,4373.0,4647.091676,25,0.478078,3.024224,1772649288.245534
FP000125,L0_X0_Y2,L0_X0_Y6,26,L3_X0_Y6,4564.703438,1.2192,191.703438,274.091676,4373.0,4647.091676,25,0.478078,3.024224,1772649288.245534
FP000125,L0_X0_Y2,L0_X0_Y6,27,L3_X0_Y5,4580.72849,16.025052,207.72849,274.091676,4373.0,4647.091676,25,0.478078,3.024224,1772649288.245534
FP000125,L0_X0_Y2,L0_X0_Y6,28,L3_X0_Y4,4596.753547,16.025057,223.753547,274.091676,4373.0,4647.091676,25,0.478078,3.024224,1772649288.245534
FP000125,L0_X0_Y2,L0_X0_Y6,29,L2_X0_Y4,4597.972747,1.2192,224.972747,274.091676,4373.0,4647.091676,25,0.478078,3.024224,1772649288.245534
FP000125,L0_X0_Y2,L0_X0_Y6,30,L3_X0_Y4,4599.191947,1.2192,226.191947,274.091676,4373.0,4647.091676,25,0.478078,3.024224,1772649288.245534
FP000125,L0_X0_Y2,L0_X0_Y6,31,L2_X0_Y4,4600.411147,1.2192,227.411147,274.091676,4373.0,4647.091676,25,0.478078,3.024224,1772649288.245534
FP000125,L0_X0_Y2,L0_X0_Y6,32,L3_X0_Y4,4601.630347,1.2192,228.630347,274.091676,4373.0,4647.091676,25,0.478078,3.024224,1772649288.245534
FP000125,L0_X0_Y2,L0_X0_Y6,33,L4_X0_Y4,4602.849547,1.2192,229.849547,274.091676,4373.0,4647.091676,25,0.478078,3.024224,1772649288.245534
FP000125,L0_X0_Y2,L0_X0_Y6,34,L3_X0_Y4,4604.068747,1.2192,231.068747,274.091676,4373.0,4647.091676,25,0.478078,3.024224,1772649288.245534
FP000125,L0_X0_Y2,L0_X0_Y6,35,L2_X0_Y4,4605.287947,1.2192,232.287947,274.091676,4373.0,4647.091676,25,0.478078,3.024224,1772649288.245534
FP000125,L0_X0_Y2,L0_X0_Y6,36,L3_X0_Y4,4606.507147,1.2192,233.507147,274.091676,4373.0,4647.091676,25,0.478078,3.024224,1772649288.245534
FP000125,L0_X0_Y2,L0_X0_Y6,37,L2_X0_Y4,4607.726347,1.2192,234.726347,274.091676,4373.0,4647.091676,25,0.478078,3.024224,1772649288.245534
FP000125,L0_X0_Y2,L0_X0_Y6,38,L1_X0_Y4,4608.945547,1.2192,235.945547,274.091676,4373.0,4647.091676,25,0.478078,3.024224,1772649288.245534
FP000125,L0_X0_Y2,L0_X0_Y6,39,L2_X0_Y4,4610.164747,1.2192,237.164747,274.091676,4373.0,4647.091676,25,0.478078,3.024224,1772649288.245534
FP000125,L0_X0_Y2,L0_X0_Y6,40,L3_X0_Y4,4611.383947,1.2192,238.383947,274.091676,4373.0,4647.091676,25,0.478078,3.024224,1772649288.245534
FP000125,L0_X0_Y2,L0_X0_Y6,41,L3_X0_Y3,4627.409009,16.025062,254.409009,274.091676,4373.0,4647.091676,25,0.478078,3.024224,1772649288.245534
FP000125,L0_X0_Y2,L0_X0_Y6,42,L3_X0_Y2,4643.434076,16.025067,270.434076,274.091676,4373.0,4647.091676,25,0.478078,3.024224,1772649288.245534
FP000125,L0_X0_Y2,L0_X0_Y6,43,L2_X0_Y2,4644.653276,1.2192,271.653276,274.091676,4373.0,4647.091676,25,0.478078,3.024224,1772649288.245534
FP000125,L0_X0_Y2,L0_X0_Y6,44,L1_X0_Y2,4645.872476,1.2192,272.872476,274.091676,4373.0,4647.091676,25,0.478078,3.024224,1772649288.245534
FP000125,L0_X0_Y2,L0_X0_Y6,45,L0_X0_Y2,4647.091676,1.2192,274.091676,274.091676,4373.0,4647.091676,25,0.478078,3.024224,1772649288.245534
FP000127,L0_X0_Y2,L0_X9_Y5,0,L0_X0_Y2,4496.0,0.0,0.0,520.650477,4455.0,4975.650477,25,0.196562,0.004768,1772649290.936238
FP000127,L0_X0_Y2,L0_X9_Y5,1,L1_X0_Y2,4497.2192,1.2192,42.2192,520.650477,4455.0,4975.650477,25,0.196562,0.004768,1772649290.936238
FP000127,L0_X0_Y2,L0_X9_Y5,2,L2_X0_Y2,4498.4384,1.2192,43.4384,520.650477,4455.0,4975.650477,25,0.196562,0.004768,1772649290.936238
FP000127,L0_X0_Y2,L0_X9_Y5,3,L2_X1_Y2,4514.43324,15.99484,59.43324,520.650477,4455.0,4975.650477,25,0.196562,0.004768,1772649290.936238
FP000127,L0_X0_Y2,L0_X9_Y5,4,L2_X2_Y2,4530.428089,15.994849,75.428089,520.650477,4455.0,4975.650477,25,0.196562,0.004768,1772649290.936238
FP000127,L0_X0_Y2,L0_X9_Y5,5,L2_X3_Y2,4546.422946,15.994857,91.422946,520.650477,4455.0,4975.650477,25,0.196562,0.004768,1772649290.936238
FP000127,L0_X0_Y2,L0_X9_Y5,6,L3_X3_Y2,4547.642146,1.2192,92.642146,520.650477,4455.0,4975.650477,25,0.196562,0.004768,1772649290.936238
FP000127,L0_X0_Y2,L0_X9_Y5,7,L3_X4_Y2,4563.637012,15.994866,108.637012,520.650477,4455.0,4975.650477,25,0.196562,0.004768,1772649290.936238
FP000127,L0_X0_Y2,L0_X9_Y5,8,L3_X5_Y2,4579.631887,15.994875,124.631887,520.650477,4455.0,4975.650477,25,0.196562,0.004768,1772649290.936238
FP000127,L0_X0_Y2,L0_X9_Y5,9,L3_X6_Y2,4595.626771,15.994883,140.626771,520.650477,4455.0,4975.650477,25,0.196562,0.004768,1772649290.936238
FP000127,L0_X0_Y2,L0_X9_Y5,10,L3_X6_Y3,4611.647364,16.020593,156.647364,520.650477,4455.0,4975.650477,25,0.196562,0.004768,1772649290.936238
FP000127,L0_X0_Y2,L0_X9_Y5,11,L3_X7_Y3,4627.642252,15.994888,172.642252,520.650477,4455.0,4975.650477,25,0.196562,0.004768,1772649290.936238
FP000127,L0_X0_Y2,L0_X9_Y5,12,L3_X8_Y3,4643.637148,15.994896,188.637148,520.650477,4455.0,4975.650477,25,0.196562,0.004768,1772649290.936238
FP000127,L0_X0_Y2,L0_X9_Y5,13,L3_X9_Y3,4659.632053,15.994905,204.632053,520.650477,4455.0,4975.650477,25,0.196562,0.004768,1772649290.936238
FP000127,L0_X0_Y2,L0_X9_Y5,14,L3_X9_Y4,4675.650404,16.018351,220.650404,520.650477,4455.0,4975.650477,25,0.196562,0.004768,1772649290.936238
FP000127,L0_X0_Y2,L0_X9_Y5,15,L3_X9_Y5,4691.668751,16.018347,236.668751,520.650477,4455.0,4975.650477,25,0.196562,0.004768,1772649290.936238
FP000127,L0_X0_Y2,L0_X9_Y5,16,L2_X9_Y5,4692.887951,1.2192,237.887951,520.650477,4455.0,4975.650477,25,0.196562,0.004768,1772649290.936238
FP000127,L0_X0_Y2,L0_X9_Y5,17,L1_X9_Y5,4694.107151,1.2192,239.107151,520.650477,4455.0,4975.650477,25,0.196562,0.004768,1772649290.936238
FP000127,L0_X0_Y2,L0_X9_Y5,18,L0_X9_Y5,4695.326351,1.2192,240.326351,520.650477,4455.0,4975.650477,25,0.196562,0.004768,1772649290.936238
FP000127,L0_X0_Y2,L0_X9_Y5,19,L0_X9_Y5,4755.326351,60.0,300.326351,520.650477,4455.0,4975.650477,25,0.196562,0.004768,1772649290.936238
FP000127,L0_X0_Y2,L0_X9_Y5,20,L1_X9_Y5,4777.545551,22.2192,322.545551,520.650477,4455.0,4975.650477,25,0.196562,0.004768,1772649290.936238
FP000127,L0_X0_Y2,L0_X9_Y5,21,L2_X9_Y5,4778.764751,1.2192,323.764751,520.650477,4455.0,4975.650477,25,0.196562,0.004768,1772649290.936238
FP000127,L0_X0_Y2,L0_X9_Y5,22,L3_X9_Y5,4779.983951,1.2192,324.983951,520.650477,4455.0,4975.650477,25,0.196562,0.004768,1772649290.936238
FP000127,L0_X0_Y2,L0_X9_Y5,23,L3_X9_Y4,4796.002298,16.018347,341.002298,520.650477,4455.0,4975.650477,25,0.196562,0.004768,1772649290.936238
FP000127,L0_X0_Y2,L0_X9_Y5,24,L3_X9_Y3,4812.020649,16.018351,357.020649,520.650477,4455.0,4975.650477,25,0.196562,0.004768,1772649290.936238
FP000127,L0_X0_Y2,L0_X9_Y5,25,L3_X9_Y2,4828.039005,16.018356,373.039005,520.650477,4455.0,4975.650477,25,0.196562,0.004768,1772649290.936238
FP000127,L0_X0_Y2,L0_X9_Y5,26,L3_X8_Y2,4844.033914,15.994909,389.033914,520.650477,4455.0,4975.650477,25,0.196562,0.004768,1772649290.936238
FP000127,L0_X0_Y2,L0_X9_Y5,27,L3_X7_Y2,4860.028815,15.994901,405.028815,520.650477,4455.0,4975.650477,25,0.196562,0.004768,1772649290.936238
FP000127,L0_X0_Y2,L0_X9_Y5,28,L3_X6_Y2,4876.023707,15.994892,421.023707,520.650477,4455.0,4975.650477,25,0.196562,0.004768,1772649290.936238
FP000127,L0_X0_Y2,L0_X9_Y5,29,L3_X5_Y2,4892.01859,15.994883,437.01859,520.650477,4455.0,4975.650477,25,0.196562,0.004768,1772649290.936238
FP000127,L0_X0_Y2,L0_X9_Y5,30,L3_X4_Y2,4908.013465,15.994875,453.013465,520.650477,4455.0,4975.650477,25,0.196562,0.004768,1772649290.936238
FP000127,L0_X0_Y2,L0_X9_Y5,31,L3_X3_Y2,4924.008331,15.994866,469.008331,520.650477,4455.0,4975.650477,25,0.196562,0.004768,1772649290.936238
FP000127,L0_X0_Y2,L0_X9_Y5,32,L2_X3_Y2,4925.227531,1.2192,470.227531,520.650477,4455.0,4975.650477,25,0.196562,0.004768,1772649290.936238
FP000127,L0_X0_Y2,L0_X9_Y5,33,L2_X2_Y2,4941.222388,15.994857,486.222388,520.650477,4455.0,4975.650477,25,0.196562,0.004768,1772649290.936238
FP000127,L0_X0_Y2,L0_X9_Y5,34,L2_X1_Y2,4957.217237,15.994849,502.217237,520.650477,4455.0,4975.650477,25,0.196562,0.004768,1772649290.936238
FP000127,L0_X0_Y2,L0_X9_Y5,35,L2_X0_Y2,4973.212077,15.99484,518.212077,520.650477,4455.0,4975.650477,25,0.196562,0.004768,1772649290.936238
FP000127,L0_X0_Y2,L0_X9_Y5,36,L1_X0_Y2,4974.431277,1.2192,519.431277,520.650477,4455.0,4975.650477,25,0.196562,0.004768,1772649290.936238
FP000127,L0_X0_Y2,L0_X9_Y5,37,L0_X0_Y2,4975.650477,1.2192,520.650477,520.650477,4455.0,4975.650477,25,0.196562,0.004768,1772649290.936238
FP000129,L0_X0_Y2,L0_X2_Y2,0,L0_X0_Y2,4527.0,0.0,0.0,154.732978,4527.0,4681.732978,25,0.016952,0.005083,1772649291.01266
FP000129,L0_X0_Y2,L0_X2_Y2,1,L1_X0_Y2,4528.2192,1.2192,1.2192,154.732978,4527.0,4681.732978,25,0.016952,0.005083,1772649291.01266
FP000129,L0_X0_Y2,L0_X2_Y2,2,L2_X0_Y2,4529.4384,1.2192,2.4384,154.732978,4527.0,4681.732978,25,0.016952,0.005083,1772649291.01266
FP000129,L0_X0_Y2,L0_X2_Y2,3,L2_X1_Y2,4545.43324,15.99484,18.43324,154.732978,4527.0,4681.732978,25,0.016952,0.005083,1772649291.01266
FP000129,L0_X0_Y2,L0_X2_Y2,4,L2_X2_Y2,4561.428089,15.994849,34.428089,154.732978,4527.0,4681.732978,25,0.016952,0.005083,1772649291.01266
FP000129,L0_X0_Y2,L0_X2_Y2,5,L1_X2_Y2,4562.647289,1.2192,35.647289,154.732978,4527.0,4681.732978,25,0.016952,0.005083,1772649291.01266
FP000129,L0_X0_Y2,L0_X2_Y2,6,L0_X2_Y2,4563.866489,1.2192,36.866489,154.732978,4527.0,4681.732978,25,0.016952,0.005083,1772649291.01266
FP000129,L0_X0_Y2,L0_X2_Y2,7,L0_X2_Y2,4623.866489,60.0,96.866489,154.732978,4527.0,4681.732978,25,0.016952,0.005083,1772649291.01266
FP000129,L0_X0_Y2,L0_X2_Y2,8,L1_X2_Y2,4646.085689,22.2192,119.085689,154.732978,4527.0,4681.732978,25,0.016952,0.005083,1772649291.01266
FP000129,L0_X0_Y2,L0_X2_Y2,9,L2_X2_Y2,4647.304889,1.2192,120.304889,154.732978,4527.0,4681.732978,25,0.016952,0.005083,1772649291.01266
FP000129,L0_X0_Y2,L0_X2_Y2,10,L2_X1_Y2,4663.299738,15.994849,136.299738,154.732978,4527.0,4681.732978,25,0.016952,0.005083,1772649291.01266
FP000129,L0_X0_Y2,L0_X2_Y2,11,L2_X0_Y2,4679.294578,15.99484,152.294578,154.732978,4527.0,4681.732978,25,0.016952,0.005083,1772649291.01266
FP000129,L0_X0_Y2,L0_X2_Y2,12,L1_X0_Y2,4680.513778,1.2192,153.513778,154.732978,4527.0,4681.732978,25,0.016952,0.005083,1772649291.01266
FP000129,L0_X0_Y2,L0_X2_Y2,13,L0_X0_Y2,4681.732978,1.2192,154.732978,154.732978,4527.0,4681.732978,25,0.016952,0.005083,1772649291.01266
FP000130,L0_X14_Y6,L0_X7_Y1,0,L0_X14_Y6,4577.0,0.0,0.0,474.834774,4577.0,5051.834774,25,0.085431,0.06976,1772649292.700355
FP000130,L0_X14_Y6,L0_X7_Y1,1,L1_X14_Y6,4578.2192,1.2192,1.2192,474.834774,4577.0,5051.834774,25,0.085431,0.06976,1772649292.700355
FP000130,L0_X14_Y6,L0_X7_Y1,2,L2_X14_Y6,4579.4384,1.2192,2.4384,474.834774,4577.0,5051.834774,25,0.085431,0.06976,1772649292.700355
FP000130,L0_X14_Y6,L0_X7_Y1,3,L2_X14_Y5,4595.453013,16.014613,18.453013,474.834774,4577.0,5051.834774,25,0.085431,0.06976,1772649292.700355
FP000130,L0_X14_Y6,L0_X7_Y1,4,L2_X14_Y4,4611.467629,16.014617,34.467629,474.834774,4577.0,5051.834774,25,0.085431,0.06976,1772649292.700355
FP000130,L0_X14_Y6,L0_X7_Y1,5,L2_X14_Y3,4627.48225,16.014621,50.48225,474.834774,4577.0,5051.834774,25,0.085431,0.06976,1772649292.700355
FP000130,L0_X14_Y6,L0_X7_Y1,6,L2_X14_Y2,4643.496875,16.014625,66.496875,474.834774,4577.0,5051.834774,25,0.085431,0.06976,1772649292.700355
FP000130,L0_X14_Y6,L0_X7_Y1,7,L2_X13_Y2,4659.491828,15.994952,82.491828,474.834774,4577.0,5051.834774,25,0.085431,0.06976,1772649292.700355
FP000130,L0_X14_Y6,L0_X7_Y1,8,L2_X12_Y2,4675.486771,15.994944,98.486771,474.834774,4577.0,5051.834774,25,0.085431,0.06976,1772649292.700355
FP000130,L0_X14_Y6,L0_X7_Y1,9,L2_X11_Y2,4691.481706,15.994935,114.481706,474.834774,4577.0,5051.834774,25,0.085431,0.06976,1772649292.700355
FP000130,L0_X14_Y6,L0_X7_Y1,10,L2_X10_Y2,4707.476633,15.994926,130.476633,474.834774,4577.0,5051.834774,25,0.085431,0.06976,1772649292.700355
FP000130,L0_X14_Y6,L0_X7_Y1,11,L2_X10_Y1,4723.494247,16.017614,146.494247,474.834774,4577.0,5051.834774,25,0.085431,0.06976,1772649292.700355
FP000130,L0_X14_Y6,L0_X7_Y1,12,L2_X9_Y1,4739.489169,15.994922,162.489169,474.834774,4577.0,5051.834774,25,0.085431,0.06976,1772649292.700355
FP000130,L0_X14_Y6,L0_X7_Y1,13,L2_X8_Y1,4755.484082,15.994913,178.484082,474.834774,4577.0,5051.834774,25,0.085431,0.06976,1772649292.700355
FP000130,L0_X14_Y6,L0_X7_Y1,14,L2_X7_Y1,4771.478987,15.994905,194.478987,474.834774,4577.0,5051.834774,25,0.085431,0.06976,1772649292.700355
FP000130,L0_X14_Y6,L0_X7_Y1,15,L1_X7_Y1,4772.698187,1.2192,195.698187,474.834774,4577.0,5051.834774,25,0.085431,0.06976,1772649292.700355
FP000130,L0_X14_Y6,L0_X7_Y1,16,L0_X7_Y1,4773.917387,1.2192,196.917387,474.834774,4577.0,5051.834774,25,0.085431,0.06976,1772649292.700355
FP000130,L0_X14_Y6,L0_X7_Y1,17,L0_X7_Y1,4833.917387,60.0,256.917387,474.834774,4577.0,5051.834774,25,0.085431,0.06976,1772649292.700355
FP000130,L0_X14_Y6,L0_X7_Y1,18,L1_X7_Y1,4856.136587,22.2192,279.136587,474.834774,4577.0,5051.834774,25,0.085431,0.06976,1772649292.700355
FP000130,L0_X14_Y6,L0_X7_Y1,19,L2_X7_Y1,4857.355787,1.2192,280.355787,474.834774,4577.0,5051.834774,25,0.085431,0.06976,1772649292.700355
FP000130,L0_X14_Y6,L0_X7_Y1,20,L2_X8_Y1,4873.350692,15.994905,296.350692,474.834774,4577.0,5051.834774,25,0.085431,0.06976,1772649292.700355
FP000130,L0_X14_Y6,L0_X7_Y1,21,L2_X9_Y1,4889.345605,15.994913,312.345605,474.834774,4577.0,5051.834774,25,0.085431,0.06976,1772649292.700355
FP000130,L0_X14_Y6,L0_X7_Y1,22,L2_X10_Y1,4905.340527,15.994922,328.340527,474.834774,4577.0,5051.834774,25,0.085431,0.06976,1772649292.700355
FP000130,L0_X14_Y6,L0_X7_Y1,23,L2_X10_Y2,4921.358141,16.017614,344.358141,474.834774,4577.0,5051.834774,25,0.085431,0.06976,1772649292.700355
FP000130,L0_X14_Y6,L0_X7_Y1,24,L2_X11_Y2,4937.353068,15.994926,360.353068,474.834774,4577.0,5051.834774,25,0.085431,0.06976,1772649292.700355
FP000130,L0_X14_Y6,L0_X7_Y1,25,L2_X12_Y2,4953.348003,15.994935,376.348003,474.834774,4577.0,5051.834774,25,0.085431,0.06976,1772649292.700355
FP000130,L0_X14_Y6,L0_X7_Y1,26,L2_X13_Y2,4969.342947,15.994944,392.342947,474.834774,4577.0,5051.834774,25,0.085431,0.06976,1772649292.700355
FP000130,L0_X14_Y6,L0_X7_Y1,27,L2_X14_Y2,4985.337899,15.994952,408.337899,474.834774,4577.0,5051.834774,25,0.085431,0.06976,1772649292.700355
FP000130,L0_X14_Y6,L0_X7_Y1,28,L2_X14_Y3,5001.352524,16.014625,424.352524,474.834774,4577.0,5051.834774,25,0.085431,0.06976,1772649292.700355
FP000130,L0_X14_Y6,L0_X7_Y1,29,L2_X14_Y4,5017.367145,16.014621,440.367145,474.834774,4577.0,5051.834774,25,0.085431,0.06976,1772649292.700355
FP000130,L0_X14_Y6,L0_X7_Y1,30,L2_X14_Y5,5033.381762,16.014617,456.381762,474.834774,4577.0,5051.834774,25,0.085431,0.06976,1772649292.700355
FP000130,L0_X14_Y6,L0_X7_Y1,31,L2_X14_Y6,5049.396374,16.014613,472.396374,474.834774,4577.0,5051.834774,25,0.085431,0.06976,1772649292.700355
FP000130,L0_X14_Y6,L0_X7_Y1,32,L1_X14_Y6,5050.615574,1.2192,473.615574,474.834774,4577.0,5051.834774,25,0.085431,0.06976,1772649292.700355
FP000130,L0_X14_Y6,L0_X7_Y1,33,L0_X14_Y6,5051.834774,1.2192,474.834774,474.834774,4577.0,5051.834774,25,0.085431,0.06976,1772649292.700355
FP000131,L0_X14_Y6,L0_X12_Y2,0,L0_X14_Y6,4598.0,0.0,0.0,301.850343,4579.0,4880.850343,25,0.024453,0.12342,1772649292.763763
FP000131,L0_X14_Y6,L0_X12_Y2,1,L1_X14_Y6,4599.2192,1.2192,20.2192,301.850343,4579.0,4880.850343,25,0.024453,0.12342,1772649292.763763
FP000131,L0_X14_Y6,L0_X12_Y2,2,L2_X14_Y6,4600.4384,1.2192,21.4384,301.850343,4579.0,4880.850343,25,0.024453,0.12342,1772649292.763763
FP000131,L0_X14_Y6,L0_X12_Y2,3,L2_X14_Y5,4616.453013,16.014613,37.453013,301.850343,4579.0,4880.850343,25,0.024453,0.12342,1772649292.763763
FP000131,L0_X14_Y6,L0_X12_Y2,4,L2_X14_Y4,4632.467629,16.014617,53.467629,301.850343,4579.0,4880.850343,25,0.024453,0.12342,1772649292.763763
FP000131,L0_X14_Y6,L0_X12_Y2,5,L2_X14_Y3,4648.48225,16.014621,69.48225,301.850343,4579.0,4880.850343,25,0.024453,0.12342,1772649292.763763
FP000131,L0_X14_Y6,L0_X12_Y2,6,L2_X14_Y2,4664.496875,16.014625,85.496875,301.850343,4579.0,4880.850343,25,0.024453,0.12342,1772649292.763763
FP000131,L0_X14_Y6,L0_X12_Y2,7,L2_X13_Y2,4680.491828,15.994952,101.491828,301.850343,4579.0,4880.850343,25,0.024453,0.12342,1772649292.763763
FP000131,L0_X14_Y6,L0_X12_Y2,8,L2_X12_Y2,4696.486771,15.994944,117.486771,301.850343,4579.0,4880.850343,25,0.024453,0.12342,1772649292.763763
FP000131,L0_X14_Y6,L0_X12_Y2,9,L1_X12_Y2,4697.705971,1.2192,118.705971,301.850343,4579.0,4880.850343,25,0.024453,0.12342,1772649292.763763
FP000131,L0_X14_Y6,L0_X12_Y2,10,L0_X12_Y2,4698.925171,1.2192,119.925171,301.850343,4579.0,4880.850343,25,0.024453,0.12342,1772649292.763763
FP000131,L0_X14_Y6,L0_X12_Y2,11,L0_X12_Y2,4758.925171,60.0,179.925171,301.850343,4579.0,4880.850343,25,0.024453,0.12342,1772649292.763763
FP000131,L0_X14_Y6,L0_X12_Y2,12,L1_X12_Y2,4781.144371,22.2192,202.144371,301.850343,4579.0,4880.850343,25,0.024453,0.12342,1772649292.763763
FP000131,L0_X14_Y6,L0_X12_Y2,13,L2_X12_Y2,4782.363571,1.2192,203.363571,301.850343,4579.0,4880.850343,25,0.024453,0.12342,1772649292.763763
FP000131,L0_X14_Y6,L0_X12_Y2,14,L2_X13_Y2,4798.358515,15.994944,219.358515,301.850343,4579.0,4880.850343,25,0.024453,0.12342,1772649292.763763
FP000131,L0_X14_Y6,L0_X12_Y2,15,L2_X14_Y2,4814.353467,15.994952,235.353467,301.850343,4579.0,4880.850343,25,0.024453,0.12342,1772649292.763763
FP000131,L0_X14_Y6,L0_X12_Y2,16,L2_X14_Y3,4830.368092,16.014625,251.368092,301.850343,4579.0,4880.850343,25,0.024453,0.12342,1772649292.763763
FP000131,L0_X14_Y6,L0_X12_Y2,17,L2_X14_Y4,4846.382713,16.014621,267.382713,301.850343,4579.0,4880.850343,25,0.024453,0.12342,1772649292.763763
FP000131,L0_X14_Y6,L0_X12_Y2,18,L2_X14_Y5,4862.39733,16.014617,283.39733,301.850343,4579.0,4880.850343,25,0.024453,0.12342,1772649292.763763
FP000131,L0_X14_Y6,L0_X12_Y2,19,L2_X14_Y6,4878.411943,16.014613,299.411943,301.850343,4579.0,4880.850343,25,0.024453,0.12342,1772649292.763763
FP000131,L0_X14_Y6,L0_X12_Y2,20,L1_X14_Y6,4879.631143,1.2192,300.631143,301.850343,4579.0,4880.850343,25,0.024453,0.12342,1772649292.763763
FP000131,L0_X14_Y6,L0_X12_Y2,21,L0_X14_Y6,4880.850343,1.2192,301.850343,301.850343,4579.0,4880.850343,25,0.024453,0.12342,1772649292.763763
FP000132,L0_X14_Y6,L0_X14_Y1,0,L0_X14_Y6,4619.0,0.0,0.0,312.599009,4589.0,4901.599009,25,0.123315,0.052666,1772649293.137406
FP000132,L0_X14_Y6,L0_X14_Y1,1,L1_X14_Y6,4620.2192,1.2192,31.2192,312.599009,4589.0,4901.599009,25,0.123315,0.052666,1772649293.137406
FP000132,L0_X14_Y6,L0_X14_Y1,2,L2_X14_Y6,4621.4384,1.2192,32.4384,312.599009,4589.0,4901.599009,25,0.123315,0.052666,1772649293.137406
FP000132,L0_X14_Y6,L0_X14_Y1,3,L2_X14_Y5,4637.453013,16.014613,48.453013,312.599009,4589.0,4901.599009,25,0.123315,0.052666,1772649293.137406
FP000132,L0_X14_Y6,L0_X14_Y1,4,L2_X14_Y4,4653.467629,16.014617,64.467629,312.599009,4589.0,4901.599009,25,0.123315,0.052666,1772649293.137406
FP000132,L0_X14_Y6,L0_X14_Y1,5,L2_X14_Y3,4669.48225,16.014621,80.48225,312.599009,4589.0,4901.599009,25,0.123315,0.052666,1772649293.137406
FP000132,L0_X14_Y6,L0_X14_Y1,6,L2_X14_Y2,4685.496875,16.014625,96.496875,312.599009,4589.0,4901.599009,25,0.123315,0.052666,1772649293.137406
FP000132,L0_X14_Y6,L0_X14_Y1,7,L2_X14_Y1,4701.511504,16.014629,112.511504,312.599009,4589.0,4901.599009,25,0.123315,0.052666,1772649293.137406
FP000132,L0_X14_Y6,L0_X14_Y1,8,L1_X14_Y1,4702.730704,1.2192,113.730704,312.599009,4589.0,4901.599009,25,0.123315,0.052666,1772649293.137406
FP000132,L0_X14_Y6,L0_X14_Y1,9,L0_X14_Y1,4703.949904,1.2192,114.949904,312.599009,4589.0,4901.599009,25,0.123315,0.052666,1772649293.137406
FP000132,L0_X14_Y6,L0_X14_Y1,10,L0_X14_Y1,4763.949904,60.0,174.949904,312.599009,4589.0,4901.599009,25,0.123315,0.052666,1772649293.137406
FP000132,L0_X14_Y6,L0_X14_Y1,11,L1_X14_Y1,4786.169104,22.2192,197.169104,312.599009,4589.0,4901.599009,25,0.123315,0.052666,1772649293.137406
FP000132,L0_X14_Y6,L0_X14_Y1,12,L2_X14_Y1,4787.388304,1.2192,198.388304,312.599009,4589.0,4901.599009,25,0.123315,0.052666,1772649293.137406
FP000132,L0_X14_Y6,L0_X14_Y1,13,L1_X14_Y1,4788.607504,1.2192,199.607504,312.599009,4589.0,4901.599009,25,0.123315,0.052666,1772649293.137406
FP000132,L0_X14_Y6,L0_X14_Y1,14,L2_X14_Y1,4789.826704,1.2192,200.826704,312.599009,4589.0,4901.599009,25,0.123315,0.052666,1772649293.137406
FP000132,L0_X14_Y6,L0_X14_Y1,15,L1_X14_Y1,4791.045904,1.2192,202.045904,312.599009,4589.0,4901.599009,25,0.123315,0.052666,1772649293.137406
FP000132,L0_X14_Y6,L0_X14_Y1,16,L2_X14_Y1,4792.265104,1.2192,203.265104,312.599009,4589.0,4901.599009,25,0.123315,0.052666,1772649293.137406
FP000132,L0_X14_Y6,L0_X14_Y1,17,L3_X14_Y1,4793.484304,1.2192,204.484304,312.599009,4589.0,4901.599009,25,0.123315,0.052666,1772649293.137406
FP000132,L0_X14_Y6,L0_X14_Y1,18,L2_X14_Y1,4794.703504,1.2192,205.703504,312.599009,4589.0,4901.599009,25,0.123315,0.052666,1772649293.137406
FP000132,L0_X14_Y6,L0_X14_Y1,19,L1_X14_Y1,4795.922704,1.2192,206.922704,312.599009,4589.0,4901.599009,25,0.123315,0.052666,1772649293.137406
FP000132,L0_X14_Y6,L0_X14_Y1,20,L2_X14_Y1,4797.141904,1.2192,208.141904,312.599009,4589.0,4901.599009,25,0.123315,0.052666,1772649293.137406
FP000132,L0_X14_Y6,L0_X14_Y1,21,L1_X14_Y1,4798.361104,1.2192,209.361104,312.599009,4589.0,4901.599009,25,0.123315,0.052666,1772649293.137406
FP000132,L0_X14_Y6,L0_X14_Y1,22,L2_X14_Y1,4799.580304,1.2192,210.580304,312.599009,4589.0,4901.599009,25,0.123315,0.052666,1772649293.137406
FP000132,L0_X14_Y6,L0_X14_Y1,23,L3_X14_Y1,4800.799504,1.2192,211.799504,312.599009,4589.0,4901.599009,25,0.123315,0.052666,1772649293.137406
FP000132,L0_X14_Y6,L0_X14_Y1,24,L4_X14_Y1,4802.018704,1.2192,213.018704,312.599009,4589.0,4901.599009,25,0.123315,0.052666,1772649293.137406
FP000132,L0_X14_Y6,L0_X14_Y1,25,L3_X14_Y1,4803.237904,1.2192,214.237904,312.599009,4589.0,4901.599009,25,0.123315,0.052666,1772649293.137406
FP000132,L0_X14_Y6,L0_X14_Y1,26,L2_X14_Y1,4804.457104,1.2192,215.457104,312.599009,4589.0,4901.599009,25,0.123315,0.052666,1772649293.137406
FP000132,L0_X14_Y6,L0_X14_Y1,27,L3_X14_Y1,4805.676304,1.2192,216.676304,312.599009,4589.0,4901.599009,25,0.123315,0.052666,1772649293.137406
FP000132,L0_X14_Y6,L0_X14_Y1,28,L2_X14_Y1,4806.895504,1.2192,217.895504,312.599009,4589.0,4901.599009,25,0.123315,0.052666,1772649293.137406
FP000132,L0_X14_Y6,L0_X14_Y1,29,L3_X14_Y1,4808.114704,1.2192,219.114704,312.599009,4589.0,4901.599009,25,0.123315,0.052666,1772649293.137406
FP000132,L0_X14_Y6,L0_X14_Y1,30,L4_X14_Y1,4809.333904,1.2192,220.333904,312.599009,4589.0,4901.599009,25,0.123315,0.052666,1772649293.137406
FP000132,L0_X14_Y6,L0_X14_Y1,31,L3_X14_Y1,4810.553104,1.2192,221.553104,312.599009,4589.0,4901.599009,25,0.123315,0.052666,1772649293.137406
FP000132,L0_X14_Y6,L0_X14_Y1,32,L3_X14_Y2,4826.567733,16.014629,237.567733,312.599009,4589.0,4901.599009,25,0.123315,0.052666,1772649293.137406
FP000132,L0_X14_Y6,L0_X14_Y1,33,L4_X14_Y2,4827.786933,1.2192,238.786933,312.599009,4589.0,4901.599009,25,0.123315,0.052666,1772649293.137406
FP000132,L0_X14_Y6,L0_X14_Y1,34,L3_X14_Y2,4829.006133,1.2192,240.006133,312.599009,4589.0,4901.599009,25,0.123315,0.052666,1772649293.137406
FP000132,L0_X14_Y6,L0_X14_Y1,35,L3_X14_Y3,4845.020758,16.014625,256.020758,312.599009,4589.0,4901.599009,25,0.123315,0.052666,1772649293.137406
FP000132,L0_X14_Y6,L0_X14_Y1,36,L3_X14_Y4,4861.035379,16.014621,272.035379,312.599009,4589.0,4901.599009,25,0.123315,0.052666,1772649293.137406
FP000132,L0_X14_Y6,L0_X14_Y1,37,L4_X14_Y4,4862.254579,1.2192,273.254579,312.599009,4589.0,4901.599009,25,0.123315,0.052666,1772649293.137406
FP000132,L0_X14_Y6,L0_X14_Y1,38,L3_X14_Y4,4863.473779,1.2192,274.473779,312.599009,4589.0,4901.599009,25,0.123315,0.052666,1772649293.137406
FP000132,L0_X14_Y6,L0_X14_Y1,39,L3_X14_Y5,4879.488396,16.014617,290.488396,312.599009,4589.0,4901.599009,25,0.123315,0.052666,1772649293.137406
FP000132,L0_X14_Y6,L0_X14_Y1,40,L3_X14_Y6,4895.503009,16.014613,306.503009,312.599009,4589.0,4901.599009,25,0.123315,0.052666,1772649293.137406
FP000132,L0_X14_Y6,L0_X14_Y1,41,L4_X14_Y6,4896.722209,1.2192,307.722209,312.599009,4589.0,4901.599009,25,0.123315,0.052666,1772649293.137406
FP000132,L0_X14_Y6,L0_X14_Y1,42,L3_X14_Y6,4897.941409,1.2192,308.941409,312.599009,4589.0,4901.599009,25,0.123315,0.052666,1772649293.137406
FP000132,L0_X14_Y6,L0_X14_Y1,43,L2_X14_Y6,4899.160609,1.2192,310.160609,312.599009,4589.0,4901.599009,25,0.123315,0.052666,1772649293.137406
FP000132,L0_X14_Y6,L0_X14_Y1,44,L1_X14_Y6,4900.379809,1.2192,311.379809,312.599009,4589.0,4901.599009,25,0.123315,0.052666,1772649293.137406
FP000132,L0_X14_Y6,L0_X14_Y1,45,L0_X14_Y6,4901.599009,1.2192,312.599009,312.599009,4589.0,4901.599009,25,0.123315,0.052666,1772649293.137406
FP000133,L0_X14_Y6,L0_X5_Y4,0,L0_X14_Y6,4640.0,0.0,0.0,479.720429,4603.0,5082.720429,25,0.136302,0.174828,1772649293.615737
FP000133,L0_X14_Y6,L0_X5_Y4,1,L1_X14_Y6,4641.2192,1.2192,38.2192,479.720429,4603.0,5082.720429,25,0.136302,0.174828,1772649293.615737
FP000133,L0_X14_Y6,L0_X5_Y4,2,L2_X14_Y6,4642.4384,1.2192,39.4384,479.720429,4603.0,5082.720429,25,0.136302,0.174828,1772649293.615737
FP000133,L0_X14_Y6,L0_X5_Y4,3,L2_X14_Y5,4658.453013,16.014613,55.453013,479.720429,4603.0,5082.720429,25,0.136302,0.174828,1772649293.615737
FP000133,L0_X14_Y6,L0_X5_Y4,4,L2_X14_Y4,4674.467629,16.014617,71.467629,479.720429,4603.0,5082.720429,25,0.136302,0.174828,1772649293.615737
FP000133,L0_X14_Y6,L0_X5_Y4,5,L2_X13_Y4,4690.462573,15.994944,87.462573,479.720429,4603.0,5082.720429,25,0.136302,0.174828,1772649293.615737
FP000133,L0_X14_Y6,L0_X5_Y4,6,L2_X12_Y4,4706.457509,15.994935,103.457509,479.720429,4603.0,5082.720429,25,0.136302,0.174828,1772649293.615737
FP000133,L0_X14_Y6,L0_X5_Y4,7,L2_X11_Y4,4722.452435,15.994927,119.452435,479.720429,4603.0,5082.720429,25,0.136302,0.174828,1772649293.615737
FP000133,L0_X14_Y6,L0_X5_Y4,8,L2_X10_Y4,4738.447354,15.994918,135.447354,479.720429,4603.0,5082.720429,25,0.136302,0.174828,1772649293.615737
FP000133,L0_X14_Y6,L0_X5_Y4,9,L2_X9_Y4,4754.442263,15.994909,151.442263,479.720429,4603.0,5082.720429,25,0.136302,0.174828,1772649293.615737
FP000133,L0_X14_Y6,L0_X5_Y4,10,L2_X8_Y4,4770.437164,15.994901,167.437164,479.720429,4603.0,5082.720429,25,0.136302,0.174828,1772649293.615737
FP000133,L0_X14_Y6,L0_X5_Y4,11,L2_X7_Y4,4786.432056,15.994892,183.432056,479.720429,4603.0,5082.720429,25,0.136302,0.174828,1772649293.615737
FP000133,L0_X14_Y6,L0_X5_Y4,12,L2_X6_Y4,4802.42694,15.994884,199.42694,479.720429,4603.0,5082.720429,25,0.136302,0.174828,1772649293.615737
FP000133,L0_X14_Y6,L0_X5_Y4,13,L2_X5_Y4,4818.421815,15.994875,215.421815,479.720429,4603.0,5082.720429,25,0.136302,0.174828,1772649293.615737
FP000133,L0_X14_Y6,L0_X5_Y4,14,L1_X5_Y4,4819.641015,1.2192,216.641015,479.720429,4603.0,5082.720429,25,0.136302,0.174828,1772649293.615737
FP000133,L0_X14_Y6,L0_X5_Y4,15,L0_X5_Y4,4820.860215,1.2192,217.860215,479.720429,4603.0,5082.720429,25,0.136302,0.174828,1772649293.615737
FP000133,L0_X14_Y6,L0_X5_Y4,16,L0_X5_Y4,4880.860215,60.0,277.860215,479.720429,4603.0,5082.720429,25,0.136302,0.174828,1772649293.615737
FP000133,L0_X14_Y6,L0_X5_Y4,17,L1_X5_Y4,4903.079415,22.2192,300.079415,479.720429,4603.0,5082.720429,25,0.136302,0.174828,1772649293.615737
FP000133,L0_X14_Y6,L0_X5_Y4,18,L1_X6_Y4,4919.07429,15.994875,316.07429,479.720429,4603.0,5082.720429,25,0.136302,0.174828,1772649293.615737
FP000133,L0_X14_Y6,L0_X5_Y4,19,L1_X7_Y4,4935.069173,15.994884,332.069173,479.720429,4603.0,5082.720429,25,0.136302,0.174828,1772649293.615737
FP000133,L0_X14_Y6,L0_X5_Y4,20,L1_X8_Y4,4951.064065,15.994892,348.064065,479.720429,4603.0,5082.720429,25,0.136302,0.174828,1772649293.615737
FP000133,L0_X14_Y6,L0_X5_Y4,21,L1_X9_Y4,4967.058966,15.994901,364.058966,479.720429,4603.0,5082.720429,25,0.136302,0.174828,1772649293.615737
FP000133,L0_X14_Y6,L0_X5_Y4,22,L1_X10_Y4,4983.053876,15.994909,380.053876,479.720429,4603.0,5082.720429,25,0.136302,0.174828,1772649293.615737
FP000133,L0_X14_Y6,L0_X5_Y4,23,L1_X11_Y4,4999.048794,15.994918,396.048794,479.720429,4603.0,5082.720429,25,0.136302,0.174828,1772649293.615737
FP000133,L0_X14_Y6,L0_X5_Y4,24,L1_X12_Y4,5015.04372,15.994927,412.04372,479.720429,4603.0,5082.720429,25,0.136302,0.174828,1772649293.615737
FP000133,L0_X14_Y6,L0_X5_Y4,25,L2_X12_Y4,5016.26292,1.2192,413.26292,479.720429,4603.0,5082.720429,25,0.136302,0.174828,1772649293.615737
FP000133,L0_X14_Y6,L0_X5_Y4,26,L2_X13_Y4,5032.257856,15.994935,429.257856,479.720429,4603.0,5082.720429,25,0.136302,0.174828,1772649293.615737
FP000133,L0_X14_Y6,L0_X5_Y4,27,L2_X14_Y4,5048.2528,15.994944,445.2528,479.720429,4603.0,5082.720429,25,0.136302,0.174828,1772649293.615737
FP000133,L0_X14_Y6,L0_X5_Y4,28,L2_X14_Y5,5064.267416,16.014617,461.267416,479.720429,4603.0,5082.720429,25,0.136302,0.174828,1772649293.615737
FP000133,L0_X14_Y6,L0_X5_Y4,29,L2_X14_Y6,5080.282029,16.014613,477.282029,479.720429,4603.0,5082.720429,25,0.136302,0.174828,1772649293.615737
FP000133,L0_X14_Y6,L0_X5_Y4,30,L1_X14_Y6,5081.501229,1.2192,478.501229,479.720429,4603.0,5082.720429,25,0.136302,0.174828,1772649293.615737
FP000133,L0_X14_Y6,L0_X5_Y4,31,L0_X14_Y6,5082.720429,1.2192,479.720429,479.720429,4603.0,5082.720429,25,0.136302,0.174828,1772649293.615737
FP000136,L0_X14_Y6,L0_X1_Y6,0,L0_X14_Y6,4681.0,0.0,0.0,575.572281,4681.0,5256.572281,25,0.28602,0.004522,1772649296.367465
FP000136,L0_X14_Y6,L0_X1_Y6,1,L1_X14_Y6,4682.2192,1.2192,1.2192,575.572281,4681.0,5256.572281,25,0.28602,0.004522,1772649296.367465
FP000136,L0_X14_Y6,L0_X1_Y6,2,L2_X14_Y6,4683.4384,1.2192,2.4384,575.572281,4681.0,5256.572281,25,0.28602,0.004522,1772649296.367465
FP000136,L0_X14_Y6,L0_X1_Y6,3,L3_X14_Y6,4684.6576,1.2192,3.6576,575.572281,4681.0,5256.572281,25,0.28602,0.004522,1772649296.367465
FP000136,L0_X14_Y6,L0_X1_Y6,4,L3_X13_Y6,4700.652536,15.994936,19.652536,575.572281,4681.0,5256.572281,25,0.28602,0.004522,1772649296.367465
FP000136,L0_X14_Y6,L0_X1_Y6,5,L3_X12_Y6,4716.647463,15.994927,35.647463,575.572281,4681.0,5256.572281,25,0.28602,0.004522,1772649296.367465
FP000136,L0_X14_Y6,L0_X1_Y6,6,L3_X11_Y6,4732.642381,15.994918,51.642381,575.572281,4681.0,5256.572281,25,0.28602,0.004522,1772649296.367465
FP000136,L0_X14_Y6,L0_X1_Y6,7,L3_X10_Y6,4748.637291,15.99491,67.637291,575.572281,4681.0,5256.572281,25,0.28602,0.004522,1772649296.367465
FP000136,L0_X14_Y6,L0_X1_Y6,8,L3_X9_Y6,4764.632192,15.994901,83.632192,575.572281,4681.0,5256.572281,25,0.28602,0.004522,1772649296.367465
FP000136,L0_X14_Y6,L0_X1_Y6,9,L3_X8_Y6,4780.627084,15.994892,99.627084,575.572281,4681.0,5256.572281,25,0.28602,0.004522,1772649296.367465
FP000136,L0_X14_Y6,L0_X1_Y6,10,L3_X8_Y5,4796.646172,16.019088,115.646172,575.572281,4681.0,5256.572281,25,0.28602,0.004522,1772649296.367465
FP000136,L0_X14_Y6,L0_X1_Y6,11,L3_X7_Y5,4812.64106,15.994888,131.64106,575.572281,4681.0,5256.572281,25,0.28602,0.004522,1772649296.367465
FP000136,L0_X14_Y6,L0_X1_Y6,12,L3_X6_Y5,4828.63594,15.994879,147.63594,575.572281,4681.0,5256.572281,25,0.28602,0.004522,1772649296.367465
FP000136,L0_X14_Y6,L0_X1_Y6,13,L3_X6_Y6,4844.656519,16.020579,163.656519,575.572281,4681.0,5256.572281,25,0.28602,0.004522,1772649296.367465
FP000136,L0_X14_Y6,L0_X1_Y6,14,L3_X5_Y6,4860.651386,15.994867,179.651386,575.572281,4681.0,5256.572281,25,0.28602,0.004522,1772649296.367465
FP000136,L0_X14_Y6,L0_X1_Y6,15,L3_X4_Y6,4876.646244,15.994858,195.646244,575.572281,4681.0,5256.572281,25,0.28602,0.004522,1772649296.367465
FP000136,L0_X14_Y6,L0_X1_Y6,16,L3_X3_Y6,4892.641093,15.994849,211.641093,575.572281,4681.0,5256.572281,25,0.28602,0.004522,1772649296.367465
FP000136,L0_X14_Y6,L0_X1_Y6,17,L3_X2_Y6,4908.635934,15.994841,227.635934,575.572281,4681.0,5256.572281,25,0.28602,0.004522,1772649296.367465
FP000136,L0_X14_Y6,L0_X1_Y6,18,L3_X1_Y6,4924.630766,15.994832,243.630766,575.572281,4681.0,5256.572281,25,0.28602,0.004522,1772649296.367465
FP000136,L0_X14_Y6,L0_X1_Y6,19,L2_X1_Y6,4925.849966,1.2192,244.849966,575.572281,4681.0,5256.572281,25,0.28602,0.004522,1772649296.367465
FP000136,L0_X14_Y6,L0_X1_Y6,20,L1_X1_Y6,4927.069166,1.2192,246.069166,575.572281,4681.0,5256.572281,25,0.28602,0.004522,1772649296.367465
FP000136,L0_X14_Y6,L0_X1_Y6,21,L0_X1_Y6,4928.288366,1.2192,247.288366,575.572281,4681.0,5256.572281,25,0.28602,0.004522,1772649296.367465
FP000136,L0_X14_Y6,L0_X1_Y6,22,L0_X1_Y6,4988.288366,60.0,307.288366,575.572281,4681.0,5256.572281,25,0.28602,0.004522,1772649296.367465
FP000136,L0_X14_Y6,L0_X1_Y6,23,L1_X1_Y6,5010.507566,22.2192,329.507566,575.572281,4681.0,5256.572281,25,0.28602,0.004522,1772649296.367465
FP000136,L0_X14_Y6,L0_X1_Y6,24,L2_X1_Y6,5011.726766,1.2192,330.726766,575.572281,4681.0,5256.572281,25,0.28602,0.004522,1772649296.367465
FP000136,L0_X14_Y6,L0_X1_Y6,25,L3_X1_Y6,5012.945966,1.2192,331.945966,575.572281,4681.0,5256.572281,25,0.28602,0.004522,1772649296.367465
FP000136,L0_X14_Y6,L0_X1_Y6,26,L3_X2_Y6,5028.940798,15.994832,347.940798,575.572281,4681.0,5256.572281,25,0.28602,0.004522,1772649296.367465
FP000136,L0_X14_Y6,L0_X1_Y6,27,L3_X3_Y6,5044.935638,15.994841,363.935638,575.572281,4681.0,5256.572281,25,0.28602,0.004522,1772649296.367465
FP000136,L0_X14_Y6,L0_X1_Y6,28,L3_X4_Y6,5060.930488,15.994849,379.930488,575.572281,4681.0,5256.572281,25,0.28602,0.004522,1772649296.367465
FP000136,L0_X14_Y6,L0_X1_Y6,29,L3_X5_Y6,5076.925346,15.994858,395.925346,575.572281,4681.0,5256.572281,25,0.28602,0.004522,1772649296.367465
FP000136,L0_X14_Y6,L0_X1_Y6,30,L3_X6_Y6,5092.920212,15.994867,411.920212,575.572281,4681.0,5256.572281,25,0.28602,0.004522,1772649296.367465
FP000136,L0_X14_Y6,L0_X1_Y6,31,L3_X6_Y5,5108.940792,16.020579,427.940792,575.572281,4681.0,5256.572281,25,0.28602,0.004522,1772649296.367465
FP000136,L0_X14_Y6,L0_X1_Y6,32,L3_X7_Y5,5124.935671,15.994879,443.935671,575.572281,4681.0,5256.572281,25,0.28602,0.004522,1772649296.367465
FP000136,L0_X14_Y6,L0_X1_Y6,33,L3_X8_Y5,5140.930559,15.994888,459.930559,575.572281,4681.0,5256.572281,25,0.28602,0.004522,1772649296.367465
FP000136,L0_X14_Y6,L0_X1_Y6,34,L3_X9_Y5,5156.925456,15.994897,475.925456,575.572281,4681.0,5256.572281,25,0.28602,0.004522,1772649296.367465
FP000136,L0_X14_Y6,L0_X1_Y6,35,L3_X10_Y5,5172.920361,15.994905,491.920361,575.572281,4681.0,5256.572281,25,0.28602,0.004522,1772649296.367465
FP000136,L0_X14_Y6,L0_X1_Y6,36,L3_X11_Y5,5188.915275,15.994914,507.915275,575.572281,4681.0,5256.572281,25,0.28602,0.004522,1772649296.367465
FP000136,L0_X14_Y6,L0_X1_Y6,37,L3_X12_Y5,5204.910197,15.994923,523.910197,575.572281,4681.0,5256.572281,25,0.28602,0.004522,1772649296.367465
FP000136,L0_X14_Y6,L0_X1_Y6,38,L3_X13_Y5,5220.905128,15.994931,539.905128,575.572281,4681.0,5256.572281,25,0.28602,0.004522,1772649296.367465
FP000136,L0_X14_Y6,L0_X1_Y6,39,L3_X14_Y5,5236.900068,15.99494,555.900068,575.572281,4681.0,5256.572281,25,0.28602,0.004522,1772649296.367465
FP000136,L0_X14_Y6,L0_X1_Y6,40,L3_X14_Y6,5252.914681,16.014613,571.914681,575.572281,4681.0,5256.572281,25,0.28602,0.004522,1772649296.367465
FP000136,L0_X14_Y6,L0_X1_Y6,41,L2_X14_Y6,5254.133881,1.2192,573.133881,575.572281,4681.0,5256.572281,25,0.28602,0.004522,1772649296.367465
FP000136,L0_X14_Y6,L0_X1_Y6,42,L1_X14_Y6,5255.353081,1.2192,574.353081,575.572281,4681.0,5256.572281,25,0.28602,0.004522,1772649296.367465
FP000136,L0_X14_Y6,L0_X1_Y6,43,L0_X14_Y6,5256.572281,1.2192,575.572281,575.572281,4681.0,5256.572281,25,0.28602,0.004522,1772649296.367465
FP000137,L0_X0_Y2,L0_X2_Y6,0,L0_X0_Y2,4748.0,0.0,0.0,319.798328,4716.0,5035.798328,25,0.049293,0.340116,1772649297.295129
FP000137,L0_X0_Y2,L0_X2_Y6,1,L1_X0_Y2,4749.2192,1.2192,33.2192,319.798328,4716.0,5035.798328,25,0.049293,0.340116,1772649297.295129
FP000137,L0_X0_Y2,L0_X2_Y6,2,L2_X0_Y2,4750.4384,1.2192,34.4384,319.798328,4716.0,5035.798328,25,0.049293,0.340116,1772649297.295129
FP000137,L0_X0_Y2,L0_X2_Y6,3,L2_X1_Y2,4766.43324,15.99484,50.43324,319.798328,4716.0,5035.798328,25,0.049293,0.340116,1772649297.295129
FP000137,L0_X0_Y2,L0_X2_Y6,4,L2_X2_Y2,4782.428089,15.994849,66.428089,319.798328,4716.0,5035.798328,25,0.049293,0.340116,1772649297.295129
FP000137,L0_X0_Y2,L0_X2_Y6,5,L2_X2_Y3,4798.451665,16.023576,82.451665,319.798328,4716.0,5035.798328,25,0.049293,0.340116,1772649297.295129
FP000137,L0_X0_Y2,L0_X2_Y6,6,L3_X2_Y3,4799.670865,1.2192,83.670865,319.798328,4716.0,5035.798328,25,0.049293,0.340116,1772649297.295129
FP000137,L0_X0_Y2,L0_X2_Y6,7,L3_X2_Y4,4815.694436,16.023571,99.694436,319.798328,4716.0,5035.798328,25,0.049293,0.340116,1772649297.295129
FP000137,L0_X0_Y2,L0_X2_Y6,8,L3_X2_Y5,4831.718002,16.023566,115.718002,319.798328,4716.0,5035.798328,25,0.049293,0.340116,1772649297.295129
FP000137,L0_X0_Y2,L0_X2_Y6,9,L3_X2_Y6,4847.741564,16.023561,131.741564,319.798328,4716.0,5035.798328,25,0.049293,0.340116,1772649297.295129
FP000137,L0_X0_Y2,L0_X2_Y6,10,L2_X2_Y6,4848.960764,1.2192,132.960764,319.798328,4716.0,5035.798328,25,0.049293,0.340116,1772649297.295129
FP000137,L0_X0_Y2,L0_X2_Y6,11,L1_X2_Y6,4850.179964,1.2192,134.179964,319.798328,4716.0,5035.798328,25,0.049293,0.340116,1772649297.295129
FP000137,L0_X0_Y2,L0_X2_Y6,12,L0_X2_Y6,4851.399164,1.2192,135.399164,319.798328,4716.0,5035.798328,25,0.049293,0.340116,1772649297.295129
FP000137,L0_X0_Y2,L0_X2_Y6,13,L0_X2_Y6,4911.399164,60.0,195.399164,319.798328,4716.0,5035.798328,25,0.049293,0.340116,1772649297.295129
FP000137,L0_X0_Y2,L0_X2_Y6,14,L1_X2_Y6,4933.618364,22.2192,217.618364,319.798328,4716.0,5035.798328,25,0.049293,0.340116,1772649297.295129
FP000137,L0_X0_Y2,L0_X2_Y6,15,L2_X2_Y6,4934.837564,1.2192,218.837564,319.798328,4716.0,5035.798328,25,0.049293,0.340116,1772649297.295129
FP000137,L0_X0_Y2,L0_X2_Y6,16,L3_X2_Y6,4936.056764,1.2192,220.056764,319.798328,4716.0,5035.798328,25,0.049293,0.340116,1772649297.295129
FP000137,L0_X0_Y2,L0_X2_Y6,17,L3_X2_Y5,4952.080325,16.023561,236.080325,319.798328,4716.0,5035.798328,25,0.049293,0.340116,1772649297.295129
FP000137,L0_X0_Y2,L0_X2_Y6,18,L3_X2_Y4,4968.103891,16.023566,252.103891,319.798328,4716.0,5035.798328,25,0.049293,0.340116,1772649297.295129
FP000137,L0_X0_Y2,L0_X2_Y6,19,L3_X2_Y3,4984.127463,16.023571,268.127463,319.798328,4716.0,5035.798328,25,0.049293,0.340116,1772649297.295129
FP000137,L0_X0_Y2,L0_X2_Y6,20,L3_X2_Y2,5000.151039,16.023576,284.151039,319.798328,4716.0,5035.798328,25,0.049293,0.340116,1772649297.295129
FP000137,L0_X0_Y2,L0_X2_Y6,21,L3_X1_Y2,5016.145887,15.994849,300.145887,319.798328,4716.0,5035.798328,25,0.049293,0.340116,1772649297.295129
FP000137,L0_X0_Y2,L0_X2_Y6,22,L2_X1_Y2,5017.365087,1.2192,301.365087,319.798328,4716.0,5035.798328,25,0.049293,0.340116,1772649297.295129
FP000137,L0_X0_Y2,L0_X2_Y6,23,L2_X0_Y2,5033.359928,15.99484,317.359928,319.798328,4716.0,5035.798328,25,0.049293,0.340116,1772649297.295129
FP000137,L0_X0_Y2,L0_X2_Y6,24,L1_X0_Y2,5034.579128,1.2192,318.579128,319.798328,4716.0,5035.798328,25,0.049293,0.340116,1772649297.295129
FP000137,L0_X0_Y2,L0_X2_Y6,25,L0_X0_Y2,5035.798328,1.2192,319.798328,319.798328,4716.0,5035.798328,25,0.049293,0.340116,1772649297.295129
FP000138,L0_X14_Y6,L0_X11_Y4,0,L0_X14_Y6,4742.0,0.0,0.0,250.781671,4742.0,4992.781671,25,0.029849,0.081465,1772649298.143437
FP000138,L0_X14_Y6,L0_X11_Y4,1,L1_X14_Y6,4743.2192,1.2192,1.2192,250.781671,4742.0,4992.781671,25,0.029849,0.081465,1772649298.143437
FP000138,L0_X14_Y6,L0_X11_Y4,2,L2_X14_Y6,4744.4384,1.2192,2.4384,250.781671,4742.0,4992.781671,25,0.029849,0.081465,1772649298.143437
FP000138,L0_X14_Y6,L0_X11_Y4,3,L2_X14_Y5,4760.453013,16.014613,18.453013,250.781671,4742.0,4992.781671,25,0.029849,0.081465,1772649298.143437
FP000138,L0_X14_Y6,L0_X11_Y4,4,L2_X14_Y4,4776.467629,16.014617,34.467629,250.781671,4742.0,4992.781671,25,0.029849,0.081465,1772649298.143437
FP000138,L0_X14_Y6,L0_X11_Y4,5,L1_X14_Y4,4777.686829,1.2192,35.686829,250.781671,4742.0,4992.781671,25,0.029849,0.081465,1772649298.143437
FP000138,L0_X14_Y6,L0_X11_Y4,6,L1_X13_Y4,4793.681773,15.994944,51.681773,250.781671,4742.0,4992.781671,25,0.029849,0.081465,1772649298.143437
FP000138,L0_X14_Y6,L0_X11_Y4,7,L1_X12_Y4,4809.676709,15.994935,67.676709,250.781671,4742.0,4992.781671,25,0.029849,0.081465,1772649298.143437
FP000138,L0_X14_Y6,L0_X11_Y4,8,L1_X11_Y4,4825.671635,15.994927,83.671635,250.781671,4742.0,4992.781671,25,0.029849,0.081465,1772649298.143437
FP000138,L0_X14_Y6,L0_X11_Y4,9,L0_X11_Y4,4826.890835,1.2192,84.890835,250.781671,4742.0,4992.781671,25,0.029849,0.081465,1772649298.143437
FP000138,L0_X14_Y6,L0_X11_Y4,10,L0_X11_Y4,4886.890835,60.0,144.890835,250.781671,4742.0,4992.781671,25,0.029849,0.081465,1772649298.143437
FP000138,L0_X14_Y6,L0_X11_Y4,11,L1_X11_Y4,4909.110035,22.2192,167.110035,250.781671,4742.0,4992.781671,25,0.029849,0.081465,1772649298.143437
FP000138,L0_X14_Y6,L0_X11_Y4,12,L1_X12_Y4,4925.104962,15.994927,183.104962,250.781671,4742.0,4992.781671,25,0.029849,0.081465,1772649298.143437
FP000138,L0_X14_Y6,L0_X11_Y4,13,L2_X12_Y4,4926.324162,1.2192,184.324162,250.781671,4742.0,4992.781671,25,0.029849,0.081465,1772649298.143437
FP000138,L0_X14_Y6,L0_X11_Y4,14,L2_X13_Y4,4942.319098,15.994935,200.319098,250.781671,4742.0,4992.781671,25,0.029849,0.081465,1772649298.143437
FP000138,L0_X14_Y6,L0_X11_Y4,15,L2_X14_Y4,4958.314042,15.994944,216.314042,250.781671,4742.0,4992.781671,25,0.029849,0.081465,1772649298.143437
FP000138,L0_X14_Y6,L0_X11_Y4,16,L2_X14_Y5,4974.328658,16.014617,232.328658,250.781671,4742.0,4992.781671,25,0.029849,0.081465,1772649298.143437
FP000138,L0_X14_Y6,L0_X11_Y4,17,L2_X14_Y6,4990.343271,16.014613,248.343271,250.781671,4742.0,4992.781671,25,0.029849,0.081465,1772649298.143437
FP000138,L0_X14_Y6,L0_X11_Y4,18,L1_X14_Y6,4991.562471,1.2192,249.562471,250.781671,4742.0,4992.781671,25,0.029849,0.081465,1772649298.143437
FP000138,L0_X14_Y6,L0_X11_Y4,19,L0_X14_Y6,4992.781671,1.2192,250.781671,250.781671,4742.0,4992.781671,25,0.029849,0.081465,1772649298.143437
FP000139,L0_X14_Y6,L0_X8_Y3,0,L0_X14_Y6,4763.0,0.0,0.0,398.781162,4743.0,5141.781162,25,0.104176,0.053205,1772649298.271509
FP000139,L0_X14_Y6,L0_X8_Y3,1,L1_X14_Y6,4764.2192,1.2192,21.2192,398.781162,4743.0,5141.781162,25,0.104176,0.053205,1772649298.271509
FP000139,L0_X14_Y6,L0_X8_Y3,2,L2_X14_Y6,4765.4384,1.2192,22.4384,398.781162,4743.0,5141.781162,25,0.104176,0.053205,1772649298.271509
FP000139,L0_X14_Y6,L0_X8_Y3,3,L2_X14_Y5,4781.453013,16.014613,38.453013,398.781162,4743.0,5141.781162,25,0.104176,0.053205,1772649298.271509
FP000139,L0_X14_Y6,L0_X8_Y3,4,L2_X14_Y4,4797.467629,16.014617,54.467629,398.781162,4743.0,5141.781162,25,0.104176,0.053205,1772649298.271509
FP000139,L0_X14_Y6,L0_X8_Y3,5,L2_X13_Y4,4813.462573,15.994944,70.462573,398.781162,4743.0,5141.781162,25,0.104176,0.053205,1772649298.271509
FP000139,L0_X14_Y6,L0_X8_Y3,6,L2_X13_Y3,4829.477941,16.015367,86.477941,398.781162,4743.0,5141.781162,25,0.104176,0.053205,1772649298.271509
FP000139,L0_X14_Y6,L0_X8_Y3,7,L2_X12_Y3,4845.47288,15.99494,102.47288,398.781162,4743.0,5141.781162,25,0.104176,0.053205,1772649298.271509
FP000139,L0_X14_Y6,L0_X8_Y3,8,L2_X11_Y3,4861.467811,15.994931,118.467811,398.781162,4743.0,5141.781162,25,0.104176,0.053205,1772649298.271509
FP000139,L0_X14_Y6,L0_X8_Y3,9,L2_X10_Y3,4877.462733,15.994922,134.462733,398.781162,4743.0,5141.781162,25,0.104176,0.053205,1772649298.271509
FP000139,L0_X14_Y6,L0_X8_Y3,10,L1_X10_Y3,4878.681933,1.2192,135.681933,398.781162,4743.0,5141.781162,25,0.104176,0.053205,1772649298.271509
FP000139,L0_X14_Y6,L0_X8_Y3,11,L1_X9_Y3,4894.676847,15.994914,151.676847,398.781162,4743.0,5141.781162,25,0.104176,0.053205,1772649298.271509
FP000139,L0_X14_Y6,L0_X8_Y3,12,L1_X8_Y3,4910.671752,15.994905,167.671752,398.781162,4743.0,5141.781162,25,0.104176,0.053205,1772649298.271509
FP000139,L0_X14_Y6,L0_X8_Y3,13,L0_X8_Y3,4911.890952,1.2192,168.890952,398.781162,4743.0,5141.781162,25,0.104176,0.053205,1772649298.271509
FP000139,L0_X14_Y6,L0_X8_Y3,14,L0_X8_Y3,4971.890952,60.0,228.890952,398.781162,4743.0,5141.781162,25,0.104176,0.053205,1772649298.271509
FP000139,L0_X14_Y6,L0_X8_Y3,15,L1_X8_Y3,4994.110152,22.2192,251.110152,398.781162,4743.0,5141.781162,25,0.104176,0.053205,1772649298.271509
FP000139,L0_X14_Y6,L0_X8_Y3,16,L1_X9_Y3,5010.105057,15.994905,267.105057,398.781162,4743.0,5141.781162,25,0.104176,0.053205,1772649298.271509
FP000139,L0_X14_Y6,L0_X8_Y3,17,L2_X9_Y3,5011.324257,1.2192,268.324257,398.781162,4743.0,5141.781162,25,0.104176,0.053205,1772649298.271509
FP000139,L0_X14_Y6,L0_X8_Y3,18,L2_X10_Y3,5027.319171,15.994914,284.319171,398.781162,4743.0,5141.781162,25,0.104176,0.053205,1772649298.271509
FP000139,L0_X14_Y6,L0_X8_Y3,19,L2_X11_Y3,5043.314093,15.994922,300.314093,398.781162,4743.0,5141.781162,25,0.104176,0.053205,1772649298.271509
FP000139,L0_X14_Y6,L0_X8_Y3,20,L2_X12_Y3,5059.309024,15.994931,316.309024,398.781162,4743.0,5141.781162,25,0.104176,0.053205,1772649298.271509
FP000139,L0_X14_Y6,L0_X8_Y3,21,L2_X13_Y3,5075.303963,15.99494,332.303963,398.781162,4743.0,5141.781162,25,0.104176,0.053205,1772649298.271509
FP000139,L0_X14_Y6,L0_X8_Y3,22,L2_X14_Y3,5091.298911,15.994948,348.298911,398.781162,4743.0,5141.781162,25,0.104176,0.053205,1772649298.271509
FP000139,L0_X14_Y6,L0_X8_Y3,23,L2_X14_Y4,5107.313532,16.014621,364.313532,398.781162,4743.0,5141.781162,25,0.104176,0.053205,1772649298.271509
FP000139,L0_X14_Y6,L0_X8_Y3,24,L2_X14_Y5,5123.328149,16.014617,380.328149,398.781162,4743.0,5141.781162,25,0.104176,0.053205,1772649298.271509
FP000139,L0_X14_Y6,L0_X8_Y3,25,L2_X14_Y6,5139.342762,16.014613,396.342762,398.781162,4743.0,5141.781162,25,0.104176,0.053205,1772649298.271509
FP000139,L0_X14_Y6,L0_X8_Y3,26,L1_X14_Y6,5140.561962,1.2192,397.561962,398.781162,4743.0,5141.781162,25,0.104176,0.053205,1772649298.271509
FP000139,L0_X14_Y6,L0_X8_Y3,27,L0_X14_Y6,5141.781162,1.2192,398.781162,398.781162,4743.0,5141.781162,25,0.104176,0.053205,1772649298.271509
FP000140,L0_X0_Y2,L0_X9_Y1,0,L0_X0_Y2,4769.0,0.0,0.0,416.698065,4763.0,5179.698065,25,0.075436,0.133893,1772649298.891308
FP000140,L0_X0_Y2,L0_X9_Y1,1,L1_X0_Y2,4770.2192,1.2192,7.2192,416.698065,4763.0,5179.698065,25,0.075436,0.133893,1772649298.891308
FP000140,L0_X0_Y2,L0_X9_Y1,2,L2_X0_Y2,4771.4384,1.2192,8.4384,416.698065,4763.0,5179.698065,25,0.075436,0.133893,1772649298.891308
FP000140,L0_X0_Y2,L0_X9_Y1,3,L2_X1_Y2,4787.43324,15.99484,24.43324,416.698065,4763.0,5179.698065,25,0.075436,0.133893,1772649298.891308
FP000140,L0_X0_Y2,L0_X9_Y1,4,L2_X2_Y2,4803.428089,15.994849,40.428089,416.698065,4763.0,5179.698065,25,0.075436,0.133893,1772649298.891308
FP000140,L0_X0_Y2,L0_X9_Y1,5,L2_X3_Y2,4819.422946,15.994857,56.422946,416.698065,4763.0,5179.698065,25,0.075436,0.133893,1772649298.891308
FP000140,L0_X0_Y2,L0_X9_Y1,6,L2_X4_Y2,4835.417812,15.994866,72.417812,416.698065,4763.0,5179.698065,25,0.075436,0.133893,1772649298.891308
FP000140,L0_X0_Y2,L0_X9_Y1,7,L2_X5_Y2,4851.412687,15.994875,88.412687,416.698065,4763.0,5179.698065,25,0.075436,0.133893,1772649298.891308
FP000140,L0_X0_Y2,L0_X9_Y1,8,L2_X6_Y2,4867.407571,15.994883,104.407571,416.698065,4763.0,5179.698065,25,0.075436,0.133893,1772649298.891308
FP000140,L0_X0_Y2,L0_X9_Y1,9,L2_X7_Y2,4883.402462,15.994892,120.402462,416.698065,4763.0,5179.698065,25,0.075436,0.133893,1772649298.891308
FP000140,L0_X0_Y2,L0_X9_Y1,10,L2_X8_Y2,4899.397363,15.994901,136.397363,416.698065,4763.0,5179.698065,25,0.075436,0.133893,1772649298.891308
FP000140,L0_X0_Y2,L0_X9_Y1,11,L2_X9_Y2,4915.392272,15.994909,152.392272,416.698065,4763.0,5179.698065,25,0.075436,0.133893,1772649298.891308
FP000140,L0_X0_Y2,L0_X9_Y1,12,L2_X9_Y1,4931.410632,16.01836,168.410632,416.698065,4763.0,5179.698065,25,0.075436,0.133893,1772649298.891308
FP000140,L0_X0_Y2,L0_X9_Y1,13,L1_X9_Y1,4932.629832,1.2192,169.629832,416.698065,4763.0,5179.698065,25,0.075436,0.133893,1772649298.891308
FP000140,L0_X0_Y2,L0_X9_Y1,14,L0_X9_Y1,4933.849032,1.2192,170.849032,416.698065,4763.0,5179.698065,25,0.075436,0.133893,1772649298.891308
FP000140,L0_X0_Y2,L0_X9_Y1,15,L0_X9_Y1,4993.849032,60.0,230.849032,416.698065,4763.0,5179.698065,25,0.075436,0.133893,1772649298.891308
FP000140,L0_X0_Y2,L0_X9_Y1,16,L1_X9_Y1,5016.068232,22.2192,253.068232,416.698065,4763.0,5179.698065,25,0.075436,0.133893,1772649298.891308
FP000140,L0_X0_Y2,L0_X9_Y1,17,L2_X9_Y1,5017.287432,1.2192,254.287432,416.698065,4763.0,5179.698065,25,0.075436,0.133893,1772649298.891308
FP000140,L0_X0_Y2,L0_X9_Y1,18,L2_X9_Y2,5033.305793,16.01836,270.305793,416.698065,4763.0,5179.698065,25,0.075436,0.133893,1772649298.891308
FP000140,L0_X0_Y2,L0_X9_Y1,19,L2_X8_Y2,5049.300702,15.994909,286.300702,416.698065,4763.0,5179.698065,25,0.075436,0.133893,1772649298.891308
FP000140,L0_X0_Y2,L0_X9_Y1,20,L2_X7_Y2,5065.295602,15.994901,302.295602,416.698065,4763.0,5179.698065,25,0.075436,0.133893,1772649298.891308
FP000140,L0_X0_Y2,L0_X9_Y1,21,L2_X6_Y2,5081.290494,15.994892,318.290494,416.698065,4763.0,5179.698065,25,0.075436,0.133893,1772649298.891308
FP000140,L0_X0_Y2,L0_X9_Y1,22,L2_X5_Y2,5097.285378,15.994883,334.285378,416.698065,4763.0,5179.698065,25,0.075436,0.133893,1772649298.891308
FP000140,L0_X0_Y2,L0_X9_Y1,23,L2_X4_Y2,5113.280252,15.994875,350.280252,416.698065,4763.0,5179.698065,25,0.075436,0.133893,1772649298.891308
FP000140,L0_X0_Y2,L0_X9_Y1,24,L2_X3_Y2,5129.275118,15.994866,366.275118,416.698065,4763.0,5179.698065,25,0.075436,0.133893,1772649298.891308
FP000140,L0_X0_Y2,L0_X9_Y1,25,L2_X2_Y2,5145.269976,15.994857,382.269976,416.698065,4763.0,5179.698065,25,0.075436,0.133893,1772649298.891308
FP000140,L0_X0_Y2,L0_X9_Y1,26,L2_X1_Y2,5161.264825,15.994849,398.264825,416.698065,4763.0,5179.698065,25,0.075436,0.133893,1772649298.891308
FP000140,L0_X0_Y2,L0_X9_Y1,27,L2_X0_Y2,5177.259665,15.99484,414.259665,416.698065,4763.0,5179.698065,25,0.075436,0.133893,1772649298.891308
FP000140,L0_X0_Y2,L0_X9_Y1,28,L1_X0_Y2,5178.478865,1.2192,415.478865,416.698065,4763.0,5179.698065,25,0.075436,0.133893,1772649298.891308
FP000140,L0_X0_Y2,L0_X9_Y1,29,L0_X0_Y2,5179.698065,1.2192,416.698065,416.698065,4763.0,5179.698065,25,0.075436,0.133893,1772649298.891308
FP000141,L0_X0_Y2,L0_X2_Y4,0,L0_X0_Y2,4790.0,0.0,0.0,234.827272,4774.0,5008.827272,25,0.015085,0.111405,1772649299.194619
FP000141,L0_X0_Y2,L0_X2_Y4,1,L1_X0_Y2,4791.2192,1.2192,17.2192,234.827272,4774.0,5008.827272,25,0.015085,0.111405,1772649299.194619
FP000141,L0_X0_Y2,L0_X2_Y4,2,L2_X0_Y2,4792.4384,1.2192,18.4384,234.827272,4774.0,5008.827272,25,0.015085,0.111405,1772649299.194619
FP000141,L0_X0_Y2,L0_X2_Y4,3,L2_X1_Y2,4808.43324,15.99484,34.43324,234.827272,4774.0,5008.827272,25,0.015085,0.111405,1772649299.194619
FP000141,L0_X0_Y2,L0_X2_Y4,4,L2_X2_Y2,4824.428089,15.994849,50.428089,234.827272,4774.0,5008.827272,25,0.015085,0.111405,1772649299.194619
FP000141,L0_X0_Y2,L0_X2_Y4,5,L2_X2_Y3,4840.451665,16.023576,66.451665,234.827272,4774.0,5008.827272,25,0.015085,0.111405,1772649299.194619
FP000141,L0_X0_Y2,L0_X2_Y4,6,L2_X2_Y4,4856.475236,16.023571,82.475236,234.827272,4774.0,5008.827272,25,0.015085,0.111405,1772649299.194619
FP000141,L0_X0_Y2,L0_X2_Y4,7,L1_X2_Y4,4857.694436,1.2192,83.694436,234.827272,4774.0,5008.827272,25,0.015085,0.111405,1772649299.194619
FP000141,L0_X0_Y2,L0_X2_Y4,8,L0_X2_Y4,4858.913636,1.2192,84.913636,234.827272,4774.0,5008.827272,25,0.015085,0.111405,1772649299.194619
FP000141,L0_X0_Y2,L0_X2_Y4,9,L0_X2_Y4,4918.913636,60.0,144.913636,234.827272,4774.0,5008.827272,25,0.015085,0.111405,1772649299.194619
FP000141,L0_X0_Y2,L0_X2_Y4,10,L1_X2_Y4,4941.132836,22.2192,167.132836,234.827272,4774.0,5008.827272,25,0.015085,0.111405,1772649299.194619
FP000141,L0_X0_Y2,L0_X2_Y4,11,L2_X2_Y4,4942.352036,1.2192,168.352036,234.827272,4774.0,5008.827272,25,0.015085,0.111405,1772649299.194619
FP000141,L0_X0_Y2,L0_X2_Y4,12,L2_X2_Y3,4958.375607,16.023571,184.375607,234.827272,4774.0,5008.827272,25,0.015085,0.111405,1772649299.194619
FP000141,L0_X0_Y2,L0_X2_Y4,13,L2_X2_Y2,4974.399184,16.023576,200.399184,234.827272,4774.0,5008.827272,25,0.015085,0.111405,1772649299.194619
FP000141,L0_X0_Y2,L0_X2_Y4,14,L2_X1_Y2,4990.394032,15.994849,216.394032,234.827272,4774.0,5008.827272,25,0.015085,0.111405,1772649299.194619
FP000141,L0_X0_Y2,L0_X2_Y4,15,L2_X0_Y2,5006.388872,15.99484,232.388872,234.827272,4774.0,5008.827272,25,0.015085,0.111405,1772649299.194619
FP000141,L0_X0_Y2,L0_X2_Y4,16,L1_X0_Y2,5007.608072,1.2192,233.608072,234.827272,4774.0,5008.827272,25,0.015085,0.111405,1772649299.194619
FP000141,L0_X0_Y2,L0_X2_Y4,17,L0_X0_Y2,5008.827272,1.2192,234.827272,234.827272,4774.0,5008.827272,25,0.015085,0.111405,1772649299.194619
FP000142,L0_X0_Y2,L0_X14_Y0,0,L0_X0_Y2,4889.0,0.0,0.0,607.54602,4889.0,5496.54602,25,0.342832,0.038822,1772649303.357289
FP000142,L0_X0_Y2,L0_X14_Y0,1,L1_X0_Y2,4890.2192,1.2192,1.2192,607.54602,4889.0,5496.54602,25,0.342832,0.038822,1772649303.357289
FP000142,L0_X0_Y2,L0_X14_Y0,2,L2_X0_Y2,4891.4384,1.2192,2.4384,607.54602,4889.0,5496.54602,25,0.342832,0.038822,1772649303.357289
FP000142,L0_X0_Y2,L0_X14_Y0,3,L2_X1_Y2,4907.43324,15.99484,18.43324,607.54602,4889.0,5496.54602,25,0.342832,0.038822,1772649303.357289
FP000142,L0_X0_Y2,L0_X14_Y0,4,L3_X1_Y2,4908.65244,1.2192,19.65244,607.54602,4889.0,5496.54602,25,0.342832,0.038822,1772649303.357289
FP000142,L0_X0_Y2,L0_X14_Y0,5,L3_X2_Y2,4924.647289,15.994849,35.647289,607.54602,4889.0,5496.54602,25,0.342832,0.038822,1772649303.357289
FP000142,L0_X0_Y2,L0_X14_Y0,6,L4_X2_Y2,4925.866489,1.2192,36.866489,607.54602,4889.0,5496.54602,25,0.342832,0.038822,1772649303.357289
FP000142,L0_X0_Y2,L0_X14_Y0,7,L4_X3_Y2,4941.861346,15.994857,52.861346,607.54602,4889.0,5496.54602,25,0.342832,0.038822,1772649303.357289
FP000142,L0_X0_Y2,L0_X14_Y0,8,L4_X4_Y2,4957.856212,15.994866,68.856212,607.54602,4889.0,5496.54602,25,0.342832,0.038822,1772649303.357289
FP000142,L0_X0_Y2,L0_X14_Y0,9,L4_X5_Y2,4973.851087,15.994875,84.851087,607.54602,4889.0,5496.54602,25,0.342832,0.038822,1772649303.357289
FP000142,L0_X0_Y2,L0_X14_Y0,10,L3_X5_Y2,4975.070287,1.2192,86.070287,607.54602,4889.0,5496.54602,25,0.342832,0.038822,1772649303.357289
FP000142,L0_X0_Y2,L0_X14_Y0,11,L3_X6_Y2,4991.065171,15.994883,102.065171,607.54602,4889.0,5496.54602,25,0.342832,0.038822,1772649303.357289
FP000142,L0_X0_Y2,L0_X14_Y0,12,L3_X7_Y2,5007.060062,15.994892,118.060062,607.54602,4889.0,5496.54602,25,0.342832,0.038822,1772649303.357289
FP000142,L0_X0_Y2,L0_X14_Y0,13,L3_X8_Y2,5023.054963,15.994901,134.054963,607.54602,4889.0,5496.54602,25,0.342832,0.038822,1772649303.357289
FP000142,L0_X0_Y2,L0_X14_Y0,14,L3_X9_Y2,5039.049872,15.994909,150.049872,607.54602,4889.0,5496.54602,25,0.342832,0.038822,1772649303.357289
FP000142,L0_X0_Y2,L0_X14_Y0,15,L3_X10_Y2,5055.04479,15.994918,166.04479,607.54602,4889.0,5496.54602,25,0.342832,0.038822,1772649303.357289
FP000142,L0_X0_Y2,L0_X14_Y0,16,L3_X11_Y2,5071.039717,15.994926,182.039717,607.54602,4889.0,5496.54602,25,0.342832,0.038822,1772649303.357289
FP000142,L0_X0_Y2,L0_X14_Y0,17,L2_X11_Y2,5072.258917,1.2192,183.258917,607.54602,4889.0,5496.54602,25,0.342832,0.038822,1772649303.357289
FP000142,L0_X0_Y2,L0_X14_Y0,18,L2_X12_Y2,5088.253852,15.994935,199.253852,607.54602,4889.0,5496.54602,25,0.342832,0.038822,1772649303.357289
FP000142,L0_X0_Y2,L0_X14_Y0,19,L2_X13_Y2,5104.248795,15.994944,215.248795,607.54602,4889.0,5496.54602,25,0.342832,0.038822,1772649303.357289
FP000142,L0_X0_Y2,L0_X14_Y0,20,L2_X14_Y2,5120.243748,15.994952,231.243748,607.54602,4889.0,5496.54602,25,0.342832,0.038822,1772649303.357289
FP000142,L0_X0_Y2,L0_X14_Y0,21,L2_X14_Y1,5136.258377,16.014629,247.258377,607.54602,4889.0,5496.54602,25,0.342832,0.038822,1772649303.357289
FP000142,L0_X0_Y2,L0_X14_Y0,22,L2_X14_Y0,5152.27301,16.014633,263.27301,607.54602,4889.0,5496.54602,25,0.342832,0.038822,1772649303.357289
FP000142,L0_X0_Y2,L0_X14_Y0,23,L1_X14_Y0,5153.49221,1.2192,264.49221,607.54602,4889.0,5496.54602,25,0.342832,0.038822,1772649303.357289
FP000142,L0_X0_Y2,L0_X14_Y0,24,L0_X14_Y0,5154.71141,1.2192,265.71141,607.54602,4889.0,5496.54602,25,0.342832,0.038822,1772649303.357289
FP000142,L0_X0_Y2,L0_X14_Y0,25,L0_X14_Y0,5214.71141,60.0,325.71141,607.54602,4889.0,5496.54602,25,0.342832,0.038822,1772649303.357289
FP000142,L0_X0_Y2,L0_X14_Y0,26,L1_X14_Y0,5236.93061,22.2192,347.93061,607.54602,4889.0,5496.54602,25,0.342832,0.038822,1772649303.357289
FP000142,L0_X0_Y2,L0_X14_Y0,27,L2_X14_Y0,5238.14981,1.2192,349.14981,607.54602,4889.0,5496.54602,25,0.342832,0.038822,1772649303.357289
FP000142,L0_X0_Y2,L0_X14_Y0,28,L2_X14_Y1,5254.164443,16.014633,365.164443,607.54602,4889.0,5496.54602,25,0.342832,0.038822,1772649303.357289
FP000142,L0_X0_Y2,L0_X14_Y0,29,L2_X14_Y2,5270.179072,16.014629,381.179072,607.54602,4889.0,5496.54602,25,0.342832,0.038822,1772649303.357289
FP000142,L0_X0_Y2,L0_X14_Y0,30,L2_X13_Y2,5286.174025,15.994952,397.174025,607.54602,4889.0,5496.54602,25,0.342832,0.038822,1772649303.357289
FP000142,L0_X0_Y2,L0_X14_Y0,31,L2_X12_Y2,5302.168968,15.994944,413.168968,607.54602,4889.0,5496.54602,25,0.342832,0.038822,1772649303.357289
FP000142,L0_X0_Y2,L0_X14_Y0,32,L2_X11_Y2,5318.163903,15.994935,429.163903,607.54602,4889.0,5496.54602,25,0.342832,0.038822,1772649303.357289
FP000142,L0_X0_Y2,L0_X14_Y0,33,L2_X10_Y2,5334.15883,15.994926,445.15883,607.54602,4889.0,5496.54602,25,0.342832,0.038822,1772649303.357289
FP000142,L0_X0_Y2,L0_X14_Y0,34,L2_X9_Y2,5350.153748,15.994918,461.153748,607.54602,4889.0,5496.54602,25,0.342832,0.038822,1772649303.357289
FP000142,L0_X0_Y2,L0_X14_Y0,35,L2_X8_Y2,5366.148657,15.994909,477.148657,607.54602,4889.0,5496.54602,25,0.342832,0.038822,1772649303.357289
FP000142,L0_X0_Y2,L0_X14_Y0,36,L2_X7_Y2,5382.143557,15.994901,493.143557,607.54602,4889.0,5496.54602,25,0.342832,0.038822,1772649303.357289
FP000142,L0_X0_Y2,L0_X14_Y0,37,L2_X6_Y2,5398.138449,15.994892,509.138449,607.54602,4889.0,5496.54602,25,0.342832,0.038822,1772649303.357289
FP000142,L0_X0_Y2,L0_X14_Y0,38,L2_X5_Y2,5414.133333,15.994883,525.133333,607.54602,4889.0,5496.54602,25,0.342832,0.038822,1772649303.357289
FP000142,L0_X0_Y2,L0_X14_Y0,39,L2_X4_Y2,5430.128207,15.994875,541.128207,607.54602,4889.0,5496.54602,25,0.342832,0.038822,1772649303.357289
FP000142,L0_X0_Y2,L0_X14_Y0,40,L2_X3_Y2,5446.123074,15.994866,557.123074,607.54602,4889.0,5496.54602,25,0.342832,0.038822,1772649303.357289
FP000142,L0_X0_Y2,L0_X14_Y0,41,L2_X2_Y2,5462.117931,15.994857,573.117931,607.54602,4889.0,5496.54602,25,0.342832,0.038822,1772649303.357289
FP000142,L0_X0_Y2,L0_X14_Y0,42,L2_X1_Y2,5478.11278,15.994849,589.11278,607.54602,4889.0,5496.54602,25,0.342832,0.038822,1772649303.357289
FP000142,L0_X0_Y2,L0_X14_Y0,43,L2_X0_Y2,5494.10762,15.99484,605.10762,607.54602,4889.0,5496.54602,25,0.342832,0.038822,1772649303.357289
FP000142,L0_X0_Y2,L0_X14_Y0,44,L1_X0_Y2,5495.32682,1.2192,606.32682,607.54602,4889.0,5496.54602,25,0.342832,0.038822,1772649303.357289
FP000142,L0_X0_Y2,L0_X14_Y0,45,L0_X0_Y2,5496.54602,1.2192,607.54602,607.54602,4889.0,5496.54602,25,0.342832,0.038822,1772649303.357289
FP000143,L0_X14_Y6,L0_X10_Y1,0,L0_X14_Y6,4922.0,0.0,0.0,384.86752,4916.0,5300.86752,25,0.065563,0.414232,1772649303.961922
FP000143,L0_X14_Y6,L0_X10_Y1,1,L1_X14_Y6,4923.2192,1.2192,7.2192,384.86752,4916.0,5300.86752,25,0.065563,0.414232,1772649303.961922
FP000143,L0_X14_Y6,L0_X10_Y1,2,L2_X14_Y6,4924.4384,1.2192,8.4384,384.86752,4916.0,5300.86752,25,0.065563,0.414232,1772649303.961922
FP000143,L0_X14_Y6,L0_X10_Y1,3,L2_X14_Y5,4940.453013,16.014613,24.453013,384.86752,4916.0,5300.86752,25,0.065563,0.414232,1772649303.961922
FP000143,L0_X14_Y6,L0_X10_Y1,4,L2_X13_Y5,4956.447952,15.99494,40.447952,384.86752,4916.0,5300.86752,25,0.065563,0.414232,1772649303.961922
FP000143,L0_X14_Y6,L0_X10_Y1,5,L2_X13_Y4,4972.463315,16.015363,56.463315,384.86752,4916.0,5300.86752,25,0.065563,0.414232,1772649303.961922
FP000143,L0_X14_Y6,L0_X10_Y1,6,L2_X13_Y3,4988.478682,16.015367,72.478682,384.86752,4916.0,5300.86752,25,0.065563,0.414232,1772649303.961922
FP000143,L0_X14_Y6,L0_X10_Y1,7,L2_X13_Y2,5004.494054,16.015371,88.494054,384.86752,4916.0,5300.86752,25,0.065563,0.414232,1772649303.961922
FP000143,L0_X14_Y6,L0_X10_Y1,8,L2_X12_Y2,5020.488997,15.994944,104.488997,384.86752,4916.0,5300.86752,25,0.065563,0.414232,1772649303.961922
FP000143,L0_X14_Y6,L0_X10_Y1,9,L2_X11_Y2,5036.483933,15.994935,120.483933,384.86752,4916.0,5300.86752,25,0.065563,0.414232,1772649303.961922
FP000143,L0_X14_Y6,L0_X10_Y1,10,L2_X10_Y2,5052.478859,15.994926,136.478859,384.86752,4916.0,5300.86752,25,0.065563,0.414232,1772649303.961922
FP000143,L0_X14_Y6,L0_X10_Y1,11,L2_X10_Y1,5068.496473,16.017614,152.496473,384.86752,4916.0,5300.86752,25,0.065563,0.414232,1772649303.961922
FP000143,L0_X14_Y6,L0_X10_Y1,12,L1_X10_Y1,5069.715673,1.2192,153.715673,384.86752,4916.0,5300.86752,25,0.065563,0.414232,1772649303.961922
FP000143,L0_X14_Y6,L0_X10_Y1,13,L0_X10_Y1,5070.934873,1.2192,154.934873,384.86752,4916.0,5300.86752,25,0.065563,0.414232,1772649303.961922
FP000143,L0_X14_Y6,L0_X10_Y1,14,L0_X10_Y1,5130.934873,60.0,214.934873,384.86752,4916.0,5300.86752,25,0.065563,0.414232,1772649303.961922
FP000143,L0_X14_Y6,L0_X10_Y1,15,L1_X10_Y1,5153.154073,22.2192,237.154073,384.86752,4916.0,5300.86752,25,0.065563,0.414232,1772649303.961922
FP000143,L0_X14_Y6,L0_X10_Y1,16,L2_X10_Y1,5154.373273,1.2192,238.373273,384.86752,4916.0,5300.86752,25,0.065563,0.414232,1772649303.961922
FP000143,L0_X14_Y6,L0_X10_Y1,17,L2_X10_Y2,5170.390887,16.017614,254.390887,384.86752,4916.0,5300.86752,25,0.065563,0.414232,1772649303.961922
FP000143,L0_X14_Y6,L0_X10_Y1,18,L2_X11_Y2,5186.385814,15.994926,270.385814,384.86752,4916.0,5300.86752,25,0.065563,0.414232,1772649303.961922
FP000143,L0_X14_Y6,L0_X10_Y1,19,L2_X12_Y2,5202.380749,15.994935,286.380749,384.86752,4916.0,5300.86752,25,0.065563,0.414232,1772649303.961922
FP000143,L0_X14_Y6,L0_X10_Y1,20,L2_X13_Y2,5218.375692,15.994944,302.375692,384.86752,4916.0,5300.86752,25,0.065563,0.414232,1772649303.961922
FP000143,L0_X14_Y6,L0_X10_Y1,21,L2_X14_Y2,5234.370645,15.994952,318.370645,384.86752,4916.0,5300.86752,25,0.065563,0.414232,1772649303.961922
FP000143,L0_X14_Y6,L0_X10_Y1,22,L2_X14_Y3,5250.38527,16.014625,334.38527,384.86752,4916.0,5300.86752,25,0.065563,0.414232,1772649303.961922
FP000143,L0_X14_Y6,L0_X10_Y1,23,L2_X14_Y4,5266.399891,16.014621,350.399891,384.86752,4916.0,5300.86752,25,0.065563,0.414232,1772649303.961922
FP000143,L0_X14_Y6,L0_X10_Y1,24,L2_X14_Y5,5282.414507,16.014617,366.414507,384.86752,4916.0,5300.86752,25,0.065563,0.414232,1772649303.961922
FP000143,L0_X14_Y6,L0_X10_Y1,25,L2_X14_Y6,5298.42912,16.014613,382.42912,384.86752,4916.0,5300.86752,25,0.065563,0.414232,1772649303.961922
FP000143,L0_X14_Y6,L0_X10_Y1,26,L1_X14_Y6,5299.64832,1.2192,383.64832,384.86752,4916.0,5300.86752,25,0.065563,0.414232,1772649303.961922
FP000143,L0_X14_Y6,L0_X10_Y1,27,L0_X14_Y6,5300.86752,1.2192,384.86752,384.86752,4916.0,5300.86752,25,0.065563,0.414232,1772649303.961922
FP000144,L0_X14_Y6,L0_X14_Y2,0,L0_X14_Y6,4943.0,0.0,0.0,241.308951,4923.0,5164.308951,25,0.02514,0.101267,1772649304.175741
FP000144,L0_X14_Y6,L0_X14_Y2,1,L1_X14_Y6,4944.2192,1.2192,21.2192,241.308951,4923.0,5164.308951,25,0.02514,0.101267,1772649304.175741
FP000144,L0_X14_Y6,L0_X14_Y2,2,L2_X14_Y6,4945.4384,1.2192,22.4384,241.308951,4923.0,5164.308951,25,0.02514,0.101267,1772649304.175741
FP000144,L0_X14_Y6,L0_X14_Y2,3,L3_X14_Y6,4946.6576,1.2192,23.6576,241.308951,4923.0,5164.308951,25,0.02514,0.101267,1772649304.175741
FP000144,L0_X14_Y6,L0_X14_Y2,4,L3_X14_Y5,4962.672213,16.014613,39.672213,241.308951,4923.0,5164.308951,25,0.02514,0.101267,1772649304.175741
FP000144,L0_X14_Y6,L0_X14_Y2,5,L3_X14_Y4,4978.686829,16.014617,55.686829,241.308951,4923.0,5164.308951,25,0.02514,0.101267,1772649304.175741
FP000144,L0_X14_Y6,L0_X14_Y2,6,L3_X14_Y3,4994.70145,16.014621,71.70145,241.308951,4923.0,5164.308951,25,0.02514,0.101267,1772649304.175741
FP000144,L0_X14_Y6,L0_X14_Y2,7,L3_X14_Y2,5010.716075,16.014625,87.716075,241.308951,4923.0,5164.308951,25,0.02514,0.101267,1772649304.175741
FP000144,L0_X14_Y6,L0_X14_Y2,8,L2_X14_Y2,5011.935275,1.2192,88.935275,241.308951,4923.0,5164.308951,25,0.02514,0.101267,1772649304.175741
FP000144,L0_X14_Y6,L0_X14_Y2,9,L1_X14_Y2,5013.154475,1.2192,90.154475,241.308951,4923.0,5164.308951,25,0.02514,0.101267,1772649304.175741
FP000144,L0_X14_Y6,L0_X14_Y2,10,L0_X14_Y2,5014.373675,1.2192,91.373675,241.308951,4923.0,5164.308951,25,0.02514,0.101267,1772649304.175741
FP000144,L0_X14_Y6,L0_X14_Y2,11,L0_X14_Y2,5074.373675,60.0,151.373675,241.308951,4923.0,5164.308951,25,0.02514,0.101267,1772649304.175741
FP000144,L0_X14_Y6,L0_X14_Y2,12,L1_X14_Y2,5096.592875,22.2192,173.592875,241.308951,4923.0,5164.308951,25,0.02514,0.101267,1772649304.175741
FP000144,L0_X14_Y6,L0_X14_Y2,13,L2_X14_Y2,5097.812075,1.2192,174.812075,241.308951,4923.0,5164.308951,25,0.02514,0.101267,1772649304.175741
FP000144,L0_X14_Y6,L0_X14_Y2,14,L2_X14_Y3,5113.8267,16.014625,190.8267,241.308951,4923.0,5164.308951,25,0.02514,0.101267,1772649304.175741
FP000144,L0_X14_Y6,L0_X14_Y2,15,L2_X14_Y4,5129.841321,16.014621,206.841321,241.308951,4923.0,5164.308951,25,0.02514,0.101267,1772649304.175741
FP000144,L0_X14_Y6,L0_X14_Y2,16,L2_X14_Y5,5145.855938,16.014617,222.855938,241.308951,4923.0,5164.308951,25,0.02514,0.101267,1772649304.175741
FP000144,L0_X14_Y6,L0_X14_Y2,17,L2_X14_Y6,5161.870551,16.014613,238.870551,241.308951,4923.0,5164.308951,25,0.02514,0.101267,1772649304.175741
FP000144,L0_X14_Y6,L0_X14_Y2,18,L1_X14_Y6,5163.089751,1.2192,240.089751,241.308951,4923.0,5164.308951,25,0.02514,0.101267,1772649304.175741
FP000144,L0_X14_Y6,L0_X14_Y2,19,L0_X14_Y6,5164.308951,1.2192,241.308951,241.308951,4923.0,5164.308951,25,0.02514,0.101267,1772649304.175741
FP000145,L0_X0_Y2,L0_X11_Y6,0,L0_X0_Y2,4944.0,0.0,0.0,573.222448,4944.0,5517.222448,25,1.324661,0.047888,1772649306.17195
FP000145,L0_X0_Y2,L0_X11_Y6,1,L1_X0_Y2,4945.2192,1.2192,1.2192,573.222448,4944.0,5517.222448,25,1.324661,0.047888,1772649306.17195
FP000145,L0_X0_Y2,L0_X11_Y6,2,L2_X0_Y2,4946.4384,1.2192,2.4384,573.222448,4944.0,5517.222448,25,1.324661,0.047888,1772649306.17195
FP000145,L0_X0_Y2,L0_X11_Y6,3,L2_X0_Y3,4962.463467,16.025067,18.463467,573.222448,4944.0,5517.222448,25,1.324661,0.047888,1772649306.17195
FP000145,L0_X0_Y2,L0_X11_Y6,4,L2_X1_Y3,4978.458303,15.994836,34.458303,573.222448,4944.0,5517.222448,25,1.324661,0.047888,1772649306.17195
FP000145,L0_X0_Y2,L0_X11_Y6,5,L2_X2_Y3,4994.453148,15.994845,50.453148,573.222448,4944.0,5517.222448,25,1.324661,0.047888,1772649306.17195
FP000145,L0_X0_Y2,L0_X11_Y6,6,L2_X3_Y3,5010.448001,15.994853,66.448001,573.222448,4944.0,5517.222448,25,1.324661,0.047888,1772649306.17195
FP000145,L0_X0_Y2,L0_X11_Y6,7,L2_X4_Y3,5026.442863,15.994862,82.442863,573.222448,4944.0,5517.222448,25,1.324661,0.047888,1772649306.17195
FP000145,L0_X0_Y2,L0_X11_Y6,8,L2_X5_Y3,5042.437733,15.994871,98.437733,573.222448,4944.0,5517.222448,25,1.324661,0.047888,1772649306.17195
FP000145,L0_X0_Y2,L0_X11_Y6,9,L2_X6_Y3,5058.432612,15.994879,114.432612,573.222448,4944.0,5517.222448,25,1.324661,0.047888,1772649306.17195
FP000145,L0_X0_Y2,L0_X11_Y6,10,L2_X7_Y3,5074.4275,15.994888,130.4275,573.222448,4944.0,5517.222448,25,1.324661,0.047888,1772649306.17195
FP000145,L0_X0_Y2,L0_X11_Y6,11,L2_X8_Y3,5090.422397,15.994896,146.422397,573.222448,4944.0,5517.222448,25,1.324661,0.047888,1772649306.17195
FP000145,L0_X0_Y2,L0_X11_Y6,12,L2_X9_Y3,5106.417302,15.994905,162.417302,573.222448,4944.0,5517.222448,25,1.324661,0.047888,1772649306.17195
FP000145,L0_X0_Y2,L0_X11_Y6,13,L2_X10_Y3,5122.412215,15.994914,178.412215,573.222448,4944.0,5517.222448,25,1.324661,0.047888,1772649306.17195
FP000145,L0_X0_Y2,L0_X11_Y6,14,L2_X11_Y3,5138.407138,15.994922,194.407138,573.222448,4944.0,5517.222448,25,1.324661,0.047888,1772649306.17195
FP000145,L0_X0_Y2,L0_X11_Y6,15,L2_X11_Y4,5154.423997,16.016859,210.423997,573.222448,4944.0,5517.222448,25,1.324661,0.047888,1772649306.17195
FP000145,L0_X0_Y2,L0_X11_Y6,16,L2_X11_Y5,5170.440852,16.016855,226.440852,573.222448,4944.0,5517.222448,25,1.324661,0.047888,1772649306.17195
FP000145,L0_X0_Y2,L0_X11_Y6,17,L2_X11_Y6,5186.457703,16.016851,242.457703,573.222448,4944.0,5517.222448,25,1.324661,0.047888,1772649306.17195
FP000145,L0_X0_Y2,L0_X11_Y6,18,L1_X11_Y6,5187.676903,1.2192,243.676903,573.222448,4944.0,5517.222448,25,1.324661,0.047888,1772649306.17195
FP000145,L0_X0_Y2,L0_X11_Y6,19,L0_X11_Y6,5188.896103,1.2192,244.896103,573.222448,4944.0,5517.222448,25,1.324661,0.047888,1772649306.17195
FP000145,L0_X0_Y2,L0_X11_Y6,20,L0_X11_Y6,5248.896103,60.0,304.896103,573.222448,4944.0,5517.222448,25,1.324661,0.047888,1772649306.17195
FP000145,L0_X0_Y2,L0_X11_Y6,21,L1_X11_Y6,5271.115303,22.2192,327.115303,573.222448,4944.0,5517.222448,25,1.324661,0.047888,1772649306.17195
FP000145,L0_X0_Y2,L0_X11_Y6,22,L2_X11_Y6,5272.334503,1.2192,328.334503,573.222448,4944.0,5517.222448,25,1.324661,0.047888,1772649306.17195
FP000145,L0_X0_Y2,L0_X11_Y6,23,L2_X11_Y5,5288.351353,16.016851,344.351353,573.222448,4944.0,5517.222448,25,1.324661,0.047888,1772649306.17195
FP000145,L0_X0_Y2,L0_X11_Y6,24,L2_X11_Y4,5304.368208,16.016855,360.368208,573.222448,4944.0,5517.222448,25,1.324661,0.047888,1772649306.17195
FP000145,L0_X0_Y2,L0_X11_Y6,25,L1_X11_Y4,5305.587408,1.2192,361.587408,573.222448,4944.0,5517.222448,25,1.324661,0.047888,1772649306.17195
FP000145,L0_X0_Y2,L0_X11_Y6,26,L1_X11_Y3,5321.604268,16.016859,377.604268,573.222448,4944.0,5517.222448,25,1.324661,0.047888,1772649306.17195
FP000145,L0_X0_Y2,L0_X11_Y6,27,L2_X11_Y3,5322.823468,1.2192,378.823468,573.222448,4944.0,5517.222448,25,1.324661,0.047888,1772649306.17195
FP000145,L0_X0_Y2,L0_X11_Y6,28,L2_X11_Y2,5338.840331,16.016864,394.840331,573.222448,4944.0,5517.222448,25,1.324661,0.047888,1772649306.17195
FP000145,L0_X0_Y2,L0_X11_Y6,29,L2_X10_Y2,5354.835258,15.994926,410.835258,573.222448,4944.0,5517.222448,25,1.324661,0.047888,1772649306.17195
FP000145,L0_X0_Y2,L0_X11_Y6,30,L2_X9_Y2,5370.830175,15.994918,426.830175,573.222448,4944.0,5517.222448,25,1.324661,0.047888,1772649306.17195
FP000145,L0_X0_Y2,L0_X11_Y6,31,L2_X8_Y2,5386.825085,15.994909,442.825085,573.222448,4944.0,5517.222448,25,1.324661,0.047888,1772649306.17195
FP000145,L0_X0_Y2,L0_X11_Y6,32,L2_X7_Y2,5402.819985,15.994901,458.819985,573.222448,4944.0,5517.222448,25,1.324661,0.047888,1772649306.17195
FP000145,L0_X0_Y2,L0_X11_Y6,33,L2_X6_Y2,5418.814877,15.994892,474.814877,573.222448,4944.0,5517.222448,25,1.324661,0.047888,1772649306.17195
FP000145,L0_X0_Y2,L0_X11_Y6,34,L2_X5_Y2,5434.809761,15.994883,490.809761,573.222448,4944.0,5517.222448,25,1.324661,0.047888,1772649306.17195
FP000145,L0_X0_Y2,L0_X11_Y6,35,L2_X4_Y2,5450.804635,15.994875,506.804635,573.222448,4944.0,5517.222448,25,1.324661,0.047888,1772649306.17195
FP000145,L0_X0_Y2,L0_X11_Y6,36,L2_X3_Y2,5466.799501,15.994866,522.799501,573.222448,4944.0,5517.222448,25,1.324661,0.047888,1772649306.17195
FP000145,L0_X0_Y2,L0_X11_Y6,37,L2_X2_Y2,5482.794359,15.994857,538.794359,573.222448,4944.0,5517.222448,25,1.324661,0.047888,1772649306.17195
FP000145,L0_X0_Y2,L0_X11_Y6,38,L2_X1_Y2,5498.789208,15.994849,554.789208,573.222448,4944.0,5517.222448,25,1.324661,0.047888,1772649306.17195
FP000145,L0_X0_Y2,L0_X11_Y6,39,L2_X0_Y2,5514.784048,15.99484,570.784048,573.222448,4944.0,5517.222448,25,1.324661,0.047888,1772649306.17195
FP000145,L0_X0_Y2,L0_X11_Y6,40,L1_X0_Y2,5516.003248,1.2192,572.003248,573.222448,4944.0,5517.222448,25,1.324661,0.047888,1772649306.17195
FP000145,L0_X0_Y2,L0_X11_Y6,41,L0_X0_Y2,5517.222448,1.2192,573.222448,573.222448,4944.0,5517.222448,25,1.324661,0.047888,1772649306.17195
FP000147,L0_X14_Y6,L0_X8_Y2,0,L0_X14_Y6,5013.0,0.0,0.0,426.820108,4997.0,5423.820108,25,0.117938,0.006003,1772649306.732845
FP000147,L0_X14_Y6,L0_X8_Y2,1,L1_X14_Y6,5014.2192,1.2192,17.2192,426.820108,4997.0,5423.820108,25,0.117938,0.006003,1772649306.732845
FP000147,L0_X14_Y6,L0_X8_Y2,2,L2_X14_Y6,5015.4384,1.2192,18.4384,426.820108,4997.0,5423.820108,25,0.117938,0.006003,1772649306.732845
FP000147,L0_X14_Y6,L0_X8_Y2,3,L2_X13_Y6,5031.433336,15.994936,34.433336,426.820108,4997.0,5423.820108,25,0.117938,0.006003,1772649306.732845
FP000147,L0_X14_Y6,L0_X8_Y2,4,L2_X13_Y5,5047.448694,16.015359,50.448694,426.820108,4997.0,5423.820108,25,0.117938,0.006003,1772649306.732845
FP000147,L0_X14_Y6,L0_X8_Y2,5,L2_X13_Y4,5063.464057,16.015363,66.464057,426.820108,4997.0,5423.820108,25,0.117938,0.006003,1772649306.732845
FP000147,L0_X14_Y6,L0_X8_Y2,6,L2_X12_Y4,5079.458993,15.994935,82.458993,426.820108,4997.0,5423.820108,25,0.117938,0.006003,1772649306.732845
FP000147,L0_X14_Y6,L0_X8_Y2,7,L2_X12_Y3,5095.475106,16.016113,98.475106,426.820108,4997.0,5423.820108,25,0.117938,0.006003,1772649306.732845
FP000147,L0_X14_Y6,L0_X8_Y2,8,L2_X12_Y2,5111.491223,16.016117,114.491223,426.820108,4997.0,5423.820108,25,0.117938,0.006003,1772649306.732845
FP000147,L0_X14_Y6,L0_X8_Y2,9,L2_X11_Y2,5127.486158,15.994935,130.486158,426.820108,4997.0,5423.820108,25,0.117938,0.006003,1772649306.732845
FP000147,L0_X14_Y6,L0_X8_Y2,10,L2_X10_Y2,5143.481085,15.994926,146.481085,426.820108,4997.0,5423.820108,25,0.117938,0.006003,1772649306.732845
FP000147,L0_X14_Y6,L0_X8_Y2,11,L2_X9_Y2,5159.476003,15.994918,162.476003,426.820108,4997.0,5423.820108,25,0.117938,0.006003,1772649306.732845
FP000147,L0_X14_Y6,L0_X8_Y2,12,L2_X8_Y2,5175.470912,15.994909,178.470912,426.820108,4997.0,5423.820108,25,0.117938,0.006003,1772649306.732845
FP000147,L0_X14_Y6,L0_X8_Y2,13,L1_X8_Y2,5176.690112,1.2192,179.690112,426.820108,4997.0,5423.820108,25,0.117938,0.006003,1772649306.732845
FP000147,L0_X14_Y6,L0_X8_Y2,14,L0_X8_Y2,5177.909312,1.2192,180.909312,426.820108,4997.0,5423.820108,25,0.117938,0.006003,1772649306.732845
FP000147,L0_X14_Y6,L0_X8_Y2,15,L0_X8_Y2,5237.909312,60.0,240.909312,426.820108,4997.0,5423.820108,25,0.117938,0.006003,1772649306.732845
FP000147,L0_X14_Y6,L0_X8_Y2,16,L1_X8_Y2,5260.128512,22.2192,263.128512,426.820108,4997.0,5423.820108,25,0.117938,0.006003,1772649306.732845
FP000147,L0_X14_Y6,L0_X8_Y2,17,L2_X8_Y2,5261.347712,1.2192,264.347712,426.820108,4997.0,5423.820108,25,0.117938,0.006003,1772649306.732845
FP000147,L0_X14_Y6,L0_X8_Y2,18,L2_X9_Y2,5277.342621,15.994909,280.342621,426.820108,4997.0,5423.820108,25,0.117938,0.006003,1772649306.732845
FP000147,L0_X14_Y6,L0_X8_Y2,19,L2_X10_Y2,5293.337539,15.994918,296.337539,426.820108,4997.0,5423.820108,25,0.117938,0.006003,1772649306.732845
FP000147,L0_X14_Y6,L0_X8_Y2,20,L2_X10_Y3,5309.355149,16.01761,312.355149,426.820108,4997.0,5423.820108,25,0.117938,0.006003,1772649306.732845
FP000147,L0_X14_Y6,L0_X8_Y2,21,L2_X10_Y4,5325.372754,16.017605,328.372754,426.820108,4997.0,5423.820108,25,0.117938,0.006003,1772649306.732845
FP000147,L0_X14_Y6,L0_X8_Y2,22,L2_X11_Y4,5341.367672,15.994918,344.367672,426.820108,4997.0,5423.820108,25,0.117938,0.006003,1772649306.732845
FP000147,L0_X14_Y6,L0_X8_Y2,23,L2_X12_Y4,5357.362599,15.994927,360.362599,426.820108,4997.0,5423.820108,25,0.117938,0.006003,1772649306.732845
FP000147,L0_X14_Y6,L0_X8_Y2,24,L2_X13_Y4,5373.357534,15.994935,376.357534,426.820108,4997.0,5423.820108,25,0.117938,0.006003,1772649306.732845
FP000147,L0_X14_Y6,L0_X8_Y2,25,L2_X14_Y4,5389.352478,15.994944,392.352478,426.820108,4997.0,5423.820108,25,0.117938,0.006003,1772649306.732845
FP000147,L0_X14_Y6,L0_X8_Y2,26,L2_X14_Y5,5405.367095,16.014617,408.367095,426.820108,4997.0,5423.820108,25,0.117938,0.006003,1772649306.732845
FP000147,L0_X14_Y6,L0_X8_Y2,27,L2_X14_Y6,5421.381708,16.014613,424.381708,426.820108,4997.0,5423.820108,25,0.117938,0.006003,1772649306.732845
FP000147,L0_X14_Y6,L0_X8_Y2,28,L1_X14_Y6,5422.600908,1.2192,425.600908,426.820108,4997.0,5423.820108,25,0.117938,0.006003,1772649306.732845
FP000147,L0_X14_Y6,L0_X8_Y2,29,L0_X14_Y6,5423.820108,1.2192,426.820108,426.820108,4997.0,5423.820108,25,0.117938,0.006003,1772649306.732845
FP000149,L0_X0_Y2,L0_X3_Y2,0,L0_X0_Y2,5056.0,0.0,0.0,229.722693,5013.0,5242.722693,25,0.01814,0.063978,1772649307.168451
FP000149,L0_X0_Y2,L0_X3_Y2,1,L1_X0_Y2,5057.2192,1.2192,44.2192,229.722693,5013.0,5242.722693,25,0.01814,0.063978,1772649307.168451
FP000149,L0_X0_Y2,L0_X3_Y2,2,L2_X0_Y2,5058.4384,1.2192,45.4384,229.722693,5013.0,5242.722693,25,0.01814,0.063978,1772649307.168451
FP000149,L0_X0_Y2,L0_X3_Y2,3,L2_X1_Y2,5074.43324,15.99484,61.43324,229.722693,5013.0,5242.722693,25,0.01814,0.063978,1772649307.168451
FP000149,L0_X0_Y2,L0_X3_Y2,4,L2_X2_Y2,5090.428089,15.994849,77.428089,229.722693,5013.0,5242.722693,25,0.01814,0.063978,1772649307.168451
FP000149,L0_X0_Y2,L0_X3_Y2,5,L2_X3_Y2,5106.422946,15.994857,93.422946,229.722693,5013.0,5242.722693,25,0.01814,0.063978,1772649307.168451
FP000149,L0_X0_Y2,L0_X3_Y2,6,L1_X3_Y2,5107.642146,1.2192,94.642146,229.722693,5013.0,5242.722693,25,0.01814,0.063978,1772649307.168451
FP000149,L0_X0_Y2,L0_X3_Y2,7,L0_X3_Y2,5108.861346,1.2192,95.861346,229.722693,5013.0,5242.722693,25,0.01814,0.063978,1772649307.168451
FP000149,L0_X0_Y2,L0_X3_Y2,8,L0_X3_Y2,5168.861346,60.0,155.861346,229.722693,5013.0,5242.722693,25,0.01814,0.063978,1772649307.168451
FP000149,L0_X0_Y2,L0_X3_Y2,9,L1_X3_Y2,5191.080546,22.2192,178.080546,229.722693,5013.0,5242.722693,25,0.01814,0.063978,1772649307.168451
FP000149,L0_X0_Y2,L0_X3_Y2,10,L2_X3_Y2,5192.299746,1.2192,179.299746,229.722693,5013.0,5242.722693,25,0.01814,0.063978,1772649307.168451
FP000149,L0_X0_Y2,L0_X3_Y2,11,L2_X2_Y2,5208.294604,15.994857,195.294604,229.722693,5013.0,5242.722693,25,0.01814,0.063978,1772649307.168451
FP000149,L0_X0_Y2,L0_X3_Y2,12,L2_X1_Y2,5224.289453,15.994849,211.289453,229.722693,5013.0,5242.722693,25,0.01814,0.063978,1772649307.168451
FP000149,L0_X0_Y2,L0_X3_Y2,13,L2_X0_Y2,5240.284293,15.99484,227.284293,229.722693,5013.0,5242.722693,25,0.01814,0.063978,1772649307.168451
FP000149,L0_X0_Y2,L0_X3_Y2,14,L1_X0_Y2,5241.503493,1.2192,228.503493,229.722693,5013.0,5242.722693,25,0.01814,0.063978,1772649307.168451
FP000149,L0_X0_Y2,L0_X3_Y2,15,L0_X0_Y2,5242.722693,1.2192,229.722693,229.722693,5013.0,5242.722693,25,0.01814,0.063978,1772649307.168451
FP000150,L0_X0_Y2,L0_X2_Y1,0,L0_X0_Y2,5077.0,0.0,0.0,204.78014,5059.0,5263.78014,25,0.01362,0.044126,1772649308.698417
FP000150,L0_X0_Y2,L0_X2_Y1,1,L1_X0_Y2,5078.2192,1.2192,19.2192,204.78014,5059.0,5263.78014,25,0.01362,0.044126,1772649308.698417
FP000150,L0_X0_Y2,L0_X2_Y1,2,L2_X0_Y2,5079.4384,1.2192,20.4384,204.78014,5059.0,5263.78014,25,0.01362,0.044126,1772649308.698417
FP000150,L0_X0_Y2,L0_X2_Y1,3,L2_X1_Y2,5095.43324,15.99484,36.43324,204.78014,5059.0,5263.78014,25,0.01362,0.044126,1772649308.698417
FP000150,L0_X0_Y2,L0_X2_Y1,4,L2_X2_Y2,5111.428089,15.994849,52.428089,204.78014,5059.0,5263.78014,25,0.01362,0.044126,1772649308.698417
FP000150,L0_X0_Y2,L0_X2_Y1,5,L2_X2_Y1,5127.45167,16.023581,68.45167,204.78014,5059.0,5263.78014,25,0.01362,0.044126,1772649308.698417
FP000150,L0_X0_Y2,L0_X2_Y1,6,L1_X2_Y1,5128.67087,1.2192,69.67087,204.78014,5059.0,5263.78014,25,0.01362,0.044126,1772649308.698417
FP000150,L0_X0_Y2,L0_X2_Y1,7,L0_X2_Y1,5129.89007,1.2192,70.89007,204.78014,5059.0,5263.78014,25,0.01362,0.044126,1772649308.698417
FP000150,L0_X0_Y2,L0_X2_Y1,8,L0_X2_Y1,5189.89007,60.0,130.89007,204.78014,5059.0,5263.78014,25,0.01362,0.044126,1772649308.698417
FP000150,L0_X0_Y2,L0_X2_Y1,9,L1_X2_Y1,5212.10927,22.2192,153.10927,204.78014,5059.0,5263.78014,25,0.01362,0.044126,1772649308.698417
FP000150,L0_X0_Y2,L0_X2_Y1,10,L2_X2_Y1,5213.32847,1.2192,154.32847,204.78014,5059.0,5263.78014,25,0.01362,0.044126,1772649308.698417
FP000150,L0_X0_Y2,L0_X2_Y1,11,L2_X2_Y2,5229.352051,16.023581,170.352051,204.78014,5059.0,5263.78014,25,0.01362,0.044126,1772649308.698417
FP000150,L0_X0_Y2,L0_X2_Y1,12,L2_X1_Y2,5245.3469,15.994849,186.3469,204.78014,5059.0,5263.78014,25,0.01362,0.044126,1772649308.698417
FP000150,L0_X0_Y2,L0_X2_Y1,13,L2_X0_Y2,5261.34174,15.99484,202.34174,204.78014,5059.0,5263.78014,25,0.01362,0.044126,1772649308.698417
FP000150,L0_X0_Y2,L0_X2_Y1,14,L1_X0_Y2,5262.56094,1.2192,203.56094,204.78014,5059.0,5263.78014,25,0.01362,0.044126,1772649308.698417
FP000150,L0_X0_Y2,L0_X2_Y1,15,L0_X0_Y2,5263.78014,1.2192,204.78014,204.78014,5059.0,5263.78014,25,0.01362,0.044126,1772649308.698417
FP000153,L0_X14_Y6,L0_X9_Y6,0,L0_X14_Y6,5321.0,0.0,0.0,285.702783,5286.0,5571.702783,25,0.108386,0.046323,1772649316.431925
FP000153,L0_X14_Y6,L0_X9_Y6,1,L1_X14_Y6,5322.2192,1.2192,36.2192,285.702783,5286.0,5571.702783,25,0.108386,0.046323,1772649316.431925
FP000153,L0_X14_Y6,L0_X9_Y6,2,L2_X14_Y6,5323.4384,1.2192,37.4384,285.702783,5286.0,5571.702783,25,0.108386,0.046323,1772649316.431925
FP000153,L0_X14_Y6,L0_X9_Y6,3,L2_X13_Y6,5339.433336,15.994936,53.433336,285.702783,5286.0,5571.702783,25,0.108386,0.046323,1772649316.431925
FP000153,L0_X14_Y6,L0_X9_Y6,4,L2_X12_Y6,5355.428263,15.994927,69.428263,285.702783,5286.0,5571.702783,25,0.108386,0.046323,1772649316.431925
FP000153,L0_X14_Y6,L0_X9_Y6,5,L2_X11_Y6,5371.423181,15.994918,85.423181,285.702783,5286.0,5571.702783,25,0.108386,0.046323,1772649316.431925
FP000153,L0_X14_Y6,L0_X9_Y6,6,L2_X10_Y6,5387.418091,15.99491,101.418091,285.702783,5286.0,5571.702783,25,0.108386,0.046323,1772649316.431925
FP000153,L0_X14_Y6,L0_X9_Y6,7,L2_X9_Y6,5403.412992,15.994901,117.412992,285.702783,5286.0,5571.702783,25,0.108386,0.046323,1772649316.431925
FP000153,L0_X14_Y6,L0_X9_Y6,8,L1_X9_Y6,5404.632192,1.2192,118.632192,285.702783,5286.0,5571.702783,25,0.108386,0.046323,1772649316.431925
FP000153,L0_X14_Y6,L0_X9_Y6,9,L0_X9_Y6,5405.851392,1.2192,119.851392,285.702783,5286.0,5571.702783,25,0.108386,0.046323,1772649316.431925
FP000153,L0_X14_Y6,L0_X9_Y6,10,L0_X9_Y6,5465.851392,60.0,179.851392,285.702783,5286.0,5571.702783,25,0.108386,0.046323,1772649316.431925
FP000153,L0_X14_Y6,L0_X9_Y6,11,L1_X9_Y6,5488.070592,22.2192,202.070592,285.702783,5286.0,5571.702783,25,0.108386,0.046323,1772649316.431925
FP000153,L0_X14_Y6,L0_X9_Y6,12,L2_X9_Y6,5489.289792,1.2192,203.289792,285.702783,5286.0,5571.702783,25,0.108386,0.046323,1772649316.431925
FP000153,L0_X14_Y6,L0_X9_Y6,13,L2_X10_Y6,5505.284693,15.994901,219.284693,285.702783,5286.0,5571.702783,25,0.108386,0.046323,1772649316.431925
FP000153,L0_X14_Y6,L0_X9_Y6,14,L2_X11_Y6,5521.279602,15.99491,235.279602,285.702783,5286.0,5571.702783,25,0.108386,0.046323,1772649316.431925
FP000153,L0_X14_Y6,L0_X9_Y6,15,L2_X12_Y6,5537.274521,15.994918,251.274521,285.702783,5286.0,5571.702783,25,0.108386,0.046323,1772649316.431925
FP000153,L0_X14_Y6,L0_X9_Y6,16,L2_X13_Y6,5553.269448,15.994927,267.269448,285.702783,5286.0,5571.702783,25,0.108386,0.046323,1772649316.431925
FP000153,L0_X14_Y6,L0_X9_Y6,17,L2_X14_Y6,5569.264383,15.994936,283.264383,285.702783,5286.0,5571.702783,25,0.108386,0.046323,1772649316.431925
FP000153,L0_X14_Y6,L0_X9_Y6,18,L1_X14_Y6,5570.483583,1.2192,284.483583,285.702783,5286.0,5571.702783,25,0.108386,0.046323,1772649316.431925
FP000153,L0_X14_Y6,L0_X9_Y6,19,L0_X14_Y6,5571.702783,1.2192,285.702783,285.702783,5286.0,5571.702783,25,0.108386,0.046323,1772649316.431925
FP000154,L0_X14_Y6,L0_X12_Y4,0,L0_X14_Y6,5342.0,0.0,0.0,276.491018,5316.0,5592.491018,25,0.88936,2.972889,1772649320.231725
FP000154,L0_X14_Y6,L0_X12_Y4,1,L1_X14_Y6,5343.2192,1.2192,27.2192,276.491018,5316.0,5592.491018,25,0.88936,2.972889,1772649320.231725
FP000154,L0_X14_Y6,L0_X12_Y4,2,L2_X14_Y6,5344.4384,1.2192,28.4384,276.491018,5316.0,5592.491018,25,0.88936,2.972889,1772649320.231725
FP000154,L0_X14_Y6,L0_X12_Y4,3,L2_X14_Y5,5360.453013,16.014613,44.453013,276.491018,5316.0,5592.491018,25,0.88936,2.972889,1772649320.231725
FP000154,L0_X14_Y6,L0_X12_Y4,4,L1_X14_Y5,5361.672213,1.2192,45.672213,276.491018,5316.0,5592.491018,25,0.88936,2.972889,1772649320.231725
FP000154,L0_X14_Y6,L0_X12_Y4,5,L1_X14_Y4,5377.686829,16.014617,61.686829,276.491018,5316.0,5592.491018,25,0.88936,2.972889,1772649320.231725
FP000154,L0_X14_Y6,L0_X12_Y4,6,L1_X13_Y4,5393.681773,15.994944,77.681773,276.491018,5316.0,5592.491018,25,0.88936,2.972889,1772649320.231725
FP000154,L0_X14_Y6,L0_X12_Y4,7,L1_X12_Y4,5409.676709,15.994935,93.676709,276.491018,5316.0,5592.491018,25,0.88936,2.972889,1772649320.231725
FP000154,L0_X14_Y6,L0_X12_Y4,8,L0_X12_Y4,5410.895909,1.2192,94.895909,276.491018,5316.0,5592.491018,25,0.88936,2.972889,1772649320.231725
FP000154,L0_X14_Y6,L0_X12_Y4,9,L0_X12_Y4,5470.895909,60.0,154.895909,276.491018,5316.0,5592.491018,25,0.88936,2.972889,1772649320.231725
FP000154,L0_X14_Y6,L0_X12_Y4,10,L1_X12_Y4,5493.115109,22.2192,177.115109,276.491018,5316.0,5592.491018,25,0.88936,2.972889,1772649320.231725
FP000154,L0_X14_Y6,L0_X12_Y4,11,L2_X12_Y4,5494.334309,1.2192,178.334309,276.491018,5316.0,5592.491018,25,0.88936,2.972889,1772649320.231725
FP000154,L0_X14_Y6,L0_X12_Y4,12,L3_X12_Y4,5495.553509,1.2192,179.553509,276.491018,5316.0,5592.491018,25,0.88936,2.972889,1772649320.231725
FP000154,L0_X14_Y6,L0_X12_Y4,13,L2_X12_Y4,5496.772709,1.2192,180.772709,276.491018,5316.0,5592.491018,25,0.88936,2.972889,1772649320.231725
FP000154,L0_X14_Y6,L0_X12_Y4,14,L3_X12_Y4,5497.991909,1.2192,181.991909,276.491018,5316.0,5592.491018,25,0.88936,2.972889,1772649320.231725
FP000154,L0_X14_Y6,L0_X12_Y4,15,L4_X12_Y4,5499.211109,1.2192,183.211109,276.491018,5316.0,5592.491018,25,0.88936,2.972889,1772649320.231725
FP000154,L0_X14_Y6,L0_X12_Y4,16,L3_X12_Y4,5500.430309,1.2192,184.430309,276.491018,5316.0,5592.491018,25,0.88936,2.972889,1772649320.231725
FP000154,L0_X14_Y6,L0_X12_Y4,17,L2_X12_Y4,5501.649509,1.2192,185.649509,276.491018,5316.0,5592.491018,25,0.88936,2.972889,1772649320.231725
FP000154,L0_X14_Y6,L0_X12_Y4,18,L1_X12_Y4,5502.868709,1.2192,186.868709,276.491018,5316.0,5592.491018,25,0.88936,2.972889,1772649320.231725
FP000154,L0_X14_Y6,L0_X12_Y4,19,L2_X12_Y4,5504.087909,1.2192,188.087909,276.491018,5316.0,5592.491018,25,0.88936,2.972889,1772649320.231725
FP000154,L0_X14_Y6,L0_X12_Y4,20,L1_X12_Y4,5505.307109,1.2192,189.307109,276.491018,5316.0,5592.491018,25,0.88936,2.972889,1772649320.231725
FP000154,L0_X14_Y6,L0_X12_Y4,21,L2_X12_Y4,5506.526309,1.2192,190.526309,276.491018,5316.0,5592.491018,25,0.88936,2.972889,1772649320.231725
FP000154,L0_X14_Y6,L0_X12_Y4,22,L3_X12_Y4,5507.745509,1.2192,191.745509,276.491018,5316.0,5592.491018,25,0.88936,2.972889,1772649320.231725
FP000154,L0_X14_Y6,L0_X12_Y4,23,L2_X12_Y4,5508.964709,1.2192,192.964709,276.491018,5316.0,5592.491018,25,0.88936,2.972889,1772649320.231725
FP000154,L0_X14_Y6,L0_X12_Y4,24,L1_X12_Y4,5510.183909,1.2192,194.183909,276.491018,5316.0,5592.491018,25,0.88936,2.972889,1772649320.231725
FP000154,L0_X14_Y6,L0_X12_Y4,25,L2_X12_Y4,5511.403109,1.2192,195.403109,276.491018,5316.0,5592.491018,25,0.88936,2.972889,1772649320.231725
FP000154,L0_X14_Y6,L0_X12_Y4,26,L1_X12_Y4,5512.622309,1.2192,196.622309,276.491018,5316.0,5592.491018,25,0.88936,2.972889,1772649320.231725
FP000154,L0_X14_Y6,L0_X12_Y4,27,L2_X12_Y4,5513.841509,1.2192,197.841509,276.491018,5316.0,5592.491018,25,0.88936,2.972889,1772649320.231725
FP000154,L0_X14_Y6,L0_X12_Y4,28,L3_X12_Y4,5515.060709,1.2192,199.060709,276.491018,5316.0,5592.491018,25,0.88936,2.972889,1772649320.231725
FP000154,L0_X14_Y6,L0_X12_Y4,29,L4_X12_Y4,5516.279909,1.2192,200.279909,276.491018,5316.0,5592.491018,25,0.88936,2.972889,1772649320.231725
FP000154,L0_X14_Y6,L0_X12_Y4,30,L3_X12_Y4,5517.499109,1.2192,201.499109,276.491018,5316.0,5592.491018,25,0.88936,2.972889,1772649320.231725
FP000154,L0_X14_Y6,L0_X12_Y4,31,L2_X12_Y4,5518.718309,1.2192,202.718309,276.491018,5316.0,5592.491018,25,0.88936,2.972889,1772649320.231725
FP000154,L0_X14_Y6,L0_X12_Y4,32,L3_X12_Y4,5519.937509,1.2192,203.937509,276.491018,5316.0,5592.491018,25,0.88936,2.972889,1772649320.231725
FP000154,L0_X14_Y6,L0_X12_Y4,33,L3_X13_Y4,5535.932444,15.994935,219.932444,276.491018,5316.0,5592.491018,25,0.88936,2.972889,1772649320.231725
FP000154,L0_X14_Y6,L0_X12_Y4,34,L2_X13_Y4,5537.151644,1.2192,221.151644,276.491018,5316.0,5592.491018,25,0.88936,2.972889,1772649320.231725
FP000154,L0_X14_Y6,L0_X12_Y4,35,L3_X13_Y4,5538.370844,1.2192,222.370844,276.491018,5316.0,5592.491018,25,0.88936,2.972889,1772649320.231725
FP000154,L0_X14_Y6,L0_X12_Y4,36,L3_X14_Y4,5554.365788,15.994944,238.365788,276.491018,5316.0,5592.491018,25,0.88936,2.972889,1772649320.231725
FP000154,L0_X14_Y6,L0_X12_Y4,37,L2_X14_Y4,5555.584988,1.2192,239.584988,276.491018,5316.0,5592.491018,25,0.88936,2.972889,1772649320.231725
FP000154,L0_X14_Y6,L0_X12_Y4,38,L3_X14_Y4,5556.804188,1.2192,240.804188,276.491018,5316.0,5592.491018,25,0.88936,2.972889,1772649320.231725
FP000154,L0_X14_Y6,L0_X12_Y4,39,L3_X14_Y5,5572.818805,16.014617,256.818805,276.491018,5316.0,5592.491018,25,0.88936,2.972889,1772649320.231725
FP000154,L0_X14_Y6,L0_X12_Y4,40,L2_X14_Y5,5574.038005,1.2192,258.038005,276.491018,5316.0,5592.491018,25,0.88936,2.972889,1772649320.231725
FP000154,L0_X14_Y6,L0_X12_Y4,41,L2_X14_Y6,5590.052618,16.014613,274.052618,276.491018,5316.0,5592.491018,25,0.88936,2.972889,1772649320.231725
FP000154,L0_X14_Y6,L0_X12_Y4,42,L1_X14_Y6,5591.271818,1.2192,275.271818,276.491018,5316.0,5592.491018,25,0.88936,2.972889,1772649320.231725
FP000154,L0_X14_Y6,L0_X12_Y4,43,L0_X14_Y6,5592.491018,1.2192,276.491018,276.491018,5316.0,5592.491018,25,0.88936,2.972889,1772649320.231725
FP000155,L0_X0_Y2,L0_X4_Y3,0,L0_X0_Y2,5323.0,0.0,0.0,250.756595,5323.0,5573.756595,25,0.039271,5.381586,1772649324.733353
FP000155,L0_X0_Y2,L0_X4_Y3,1,L1_X0_Y2,5324.2192,1.2192,1.2192,250.756595,5323.0,5573.756595,25,0.039271,5.381586,1772649324.733353
FP000155,L0_X0_Y2,L0_X4_Y3,2,L2_X0_Y2,5325.4384,1.2192,2.4384,250.756595,5323.0,5573.756595,25,0.039271,5.381586,1772649324.733353
FP000155,L0_X0_Y2,L0_X4_Y3,3,L2_X1_Y2,5341.43324,15.99484,18.43324,250.756595,5323.0,5573.756595,25,0.039271,5.381586,1772649324.733353
FP000155,L0_X0_Y2,L0_X4_Y3,4,L2_X2_Y2,5357.428089,15.994849,34.428089,250.756595,5323.0,5573.756595,25,0.039271,5.381586,1772649324.733353
FP000155,L0_X0_Y2,L0_X4_Y3,5,L2_X3_Y2,5373.422946,15.994857,50.422946,250.756595,5323.0,5573.756595,25,0.039271,5.381586,1772649324.733353
FP000155,L0_X0_Y2,L0_X4_Y3,6,L2_X4_Y2,5389.417812,15.994866,66.417812,250.756595,5323.0,5573.756595,25,0.039271,5.381586,1772649324.733353
FP000155,L0_X0_Y2,L0_X4_Y3,7,L2_X4_Y3,5405.439897,16.022085,82.439897,250.756595,5323.0,5573.756595,25,0.039271,5.381586,1772649324.733353
FP000155,L0_X0_Y2,L0_X4_Y3,8,L1_X4_Y3,5406.659097,1.2192,83.659097,250.756595,5323.0,5573.756595,25,0.039271,5.381586,1772649324.733353
FP000155,L0_X0_Y2,L0_X4_Y3,9,L0_X4_Y3,5407.878297,1.2192,84.878297,250.756595,5323.0,5573.756595,25,0.039271,5.381586,1772649324.733353
FP000155,L0_X0_Y2,L0_X4_Y3,10,L0_X4_Y3,5467.878297,60.0,144.878297,250.756595,5323.0,5573.756595,25,0.039271,5.381586,1772649324.733353
FP000155,L0_X0_Y2,L0_X4_Y3,11,L1_X4_Y3,5490.097497,22.2192,167.097497,250.756595,5323.0,5573.756595,25,0.039271,5.381586,1772649324.733353
FP000155,L0_X0_Y2,L0_X4_Y3,12,L2_X4_Y3,5491.316697,1.2192,168.316697,250.756595,5323.0,5573.756595,25,0.039271,5.381586,1772649324.733353
FP000155,L0_X0_Y2,L0_X4_Y3,13,L2_X4_Y2,5507.338782,16.022085,184.338782,250.756595,5323.0,5573.756595,25,0.039271,5.381586,1772649324.733353
FP000155,L0_X0_Y2,L0_X4_Y3,14,L2_X3_Y2,5523.333648,15.994866,200.333648,250.756595,5323.0,5573.756595,25,0.039271,5.381586,1772649324.733353
FP000155,L0_X0_Y2,L0_X4_Y3,15,L2_X2_Y2,5539.328506,15.994857,216.328506,250.756595,5323.0,5573.756595,25,0.039271,5.381586,1772649324.733353
FP000155,L0_X0_Y2,L0_X4_Y3,16,L2_X1_Y2,5555.323355,15.994849,232.323355,250.756595,5323.0,5573.756595,25,0.039271,5.381586,1772649324.733353
FP000155,L0_X0_Y2,L0_X4_Y3,17,L2_X0_Y2,5571.318195,15.99484,248.318195,250.756595,5323.0,5573.756595,25,0.039271,5.381586,1772649324.733353
FP000155,L0_X0_Y2,L0_X4_Y3,18,L1_X0_Y2,5572.537395,1.2192,249.537395,250.756595,5323.0,5573.756595,25,0.039271,5.381586,1772649324.733353
FP000155,L0_X0_Y2,L0_X4_Y3,19,L0_X0_Y2,5573.756595,1.2192,250.756595,250.756595,5323.0,5573.756595,25,0.039271,5.381586,1772649324.733353
FP000156,L0_X14_Y6,L0_X6_Y2,0,L0_X14_Y6,5363.0,0.0,0.0,496.791531,5341.0,5837.791531,25,0.338113,0.072249,1772649325.107602
FP000156,L0_X14_Y6,L0_X6_Y2,1,L1_X14_Y6,5364.2192,1.2192,23.2192,496.791531,5341.0,5837.791531,25,0.338113,0.072249,1772649325.107602
FP000156,L0_X14_Y6,L0_X6_Y2,2,L2_X14_Y6,5365.4384,1.2192,24.4384,496.791531,5341.0,5837.791531,25,0.338113,0.072249,1772649325.107602
FP000156,L0_X14_Y6,L0_X6_Y2,3,L2_X14_Y5,5381.453013,16.014613,40.453013,496.791531,5341.0,5837.791531,25,0.338113,0.072249,1772649325.107602
FP000156,L0_X14_Y6,L0_X6_Y2,4,L2_X13_Y5,5397.447952,15.99494,56.447952,496.791531,5341.0,5837.791531,25,0.338113,0.072249,1772649325.107602
FP000156,L0_X14_Y6,L0_X6_Y2,5,L2_X13_Y4,5413.463315,16.015363,72.463315,496.791531,5341.0,5837.791531,25,0.338113,0.072249,1772649325.107602
FP000156,L0_X14_Y6,L0_X6_Y2,6,L2_X13_Y3,5429.478682,16.015367,88.478682,496.791531,5341.0,5837.791531,25,0.338113,0.072249,1772649325.107602
FP000156,L0_X14_Y6,L0_X6_Y2,7,L2_X13_Y2,5445.494054,16.015371,104.494054,496.791531,5341.0,5837.791531,25,0.338113,0.072249,1772649325.107602
FP000156,L0_X14_Y6,L0_X6_Y2,8,L2_X12_Y2,5461.488997,15.994944,120.488997,496.791531,5341.0,5837.791531,25,0.338113,0.072249,1772649325.107602
FP000156,L0_X14_Y6,L0_X6_Y2,9,L2_X11_Y2,5477.483933,15.994935,136.483933,496.791531,5341.0,5837.791531,25,0.338113,0.072249,1772649325.107602
FP000156,L0_X14_Y6,L0_X6_Y2,10,L2_X10_Y2,5493.478859,15.994926,152.478859,496.791531,5341.0,5837.791531,25,0.338113,0.072249,1772649325.107602
FP000156,L0_X14_Y6,L0_X6_Y2,11,L2_X9_Y2,5509.473777,15.994918,168.473777,496.791531,5341.0,5837.791531,25,0.338113,0.072249,1772649325.107602
FP000156,L0_X14_Y6,L0_X6_Y2,12,L2_X8_Y2,5525.468686,15.994909,184.468686,496.791531,5341.0,5837.791531,25,0.338113,0.072249,1772649325.107602
FP000156,L0_X14_Y6,L0_X6_Y2,13,L2_X7_Y2,5541.463587,15.994901,200.463587,496.791531,5341.0,5837.791531,25,0.338113,0.072249,1772649325.107602
FP000156,L0_X14_Y6,L0_X6_Y2,14,L2_X6_Y2,5557.458479,15.994892,216.458479,496.791531,5341.0,5837.791531,25,0.338113,0.072249,1772649325.107602
FP000156,L0_X14_Y6,L0_X6_Y2,15,L1_X6_Y2,5558.677679,1.2192,217.677679,496.791531,5341.0,5837.791531,25,0.338113,0.072249,1772649325.107602
FP000156,L0_X14_Y6,L0_X6_Y2,16,L0_X6_Y2,5559.896879,1.2192,218.896879,496.791531,5341.0,5837.791531,25,0.338113,0.072249,1772649325.107602
FP000156,L0_X14_Y6,L0_X6_Y2,17,L0_X6_Y2,5619.896879,60.0,278.896879,496.791531,5341.0,5837.791531,25,0.338113,0.072249,1772649325.107602
FP000156,L0_X14_Y6,L0_X6_Y2,18,L1_X6_Y2,5642.116079,22.2192,301.116079,496.791531,5341.0,5837.791531,25,0.338113,0.072249,1772649325.107602
FP000156,L0_X14_Y6,L0_X6_Y2,19,L2_X6_Y2,5643.335279,1.2192,302.335279,496.791531,5341.0,5837.791531,25,0.338113,0.072249,1772649325.107602
FP000156,L0_X14_Y6,L0_X6_Y2,20,L2_X7_Y2,5659.330171,15.994892,318.330171,496.791531,5341.0,5837.791531,25,0.338113,0.072249,1772649325.107602
FP000156,L0_X14_Y6,L0_X6_Y2,21,L2_X8_Y2,5675.325071,15.994901,334.325071,496.791531,5341.0,5837.791531,25,0.338113,0.072249,1772649325.107602
FP000156,L0_X14_Y6,L0_X6_Y2,22,L2_X9_Y2,5691.31998,15.994909,350.31998,496.791531,5341.0,5837.791531,25,0.338113,0.072249,1772649325.107602
FP000156,L0_X14_Y6,L0_X6_Y2,23,L2_X10_Y2,5707.314898,15.994918,366.314898,496.791531,5341.0,5837.791531,25,0.338113,0.072249,1772649325.107602
FP000156,L0_X14_Y6,L0_X6_Y2,24,L2_X11_Y2,5723.309825,15.994926,382.309825,496.791531,5341.0,5837.791531,25,0.338113,0.072249,1772649325.107602
FP000156,L0_X14_Y6,L0_X6_Y2,25,L2_X12_Y2,5739.30476,15.994935,398.30476,496.791531,5341.0,5837.791531,25,0.338113,0.072249,1772649325.107602
FP000156,L0_X14_Y6,L0_X6_Y2,26,L2_X13_Y2,5755.299703,15.994944,414.299703,496.791531,5341.0,5837.791531,25,0.338113,0.072249,1772649325.107602
FP000156,L0_X14_Y6,L0_X6_Y2,27,L2_X14_Y2,5771.294656,15.994952,430.294656,496.791531,5341.0,5837.791531,25,0.338113,0.072249,1772649325.107602
FP000156,L0_X14_Y6,L0_X6_Y2,28,L2_X14_Y3,5787.309281,16.014625,446.309281,496.791531,5341.0,5837.791531,25,0.338113,0.072249,1772649325.107602
FP000156,L0_X14_Y6,L0_X6_Y2,29,L2_X14_Y4,5803.323902,16.014621,462.323902,496.791531,5341.0,5837.791531,25,0.338113,0.072249,1772649325.107602
FP000156,L0_X14_Y6,L0_X6_Y2,30,L2_X14_Y5,5819.338518,16.014617,478.338518,496.791531,5341.0,5837.791531,25,0.338113,0.072249,1772649325.107602
FP000156,L0_X14_Y6,L0_X6_Y2,31,L2_X14_Y6,5835.353131,16.014613,494.353131,496.791531,5341.0,5837.791531,25,0.338113,0.072249,1772649325.107602
FP000156,L0_X14_Y6,L0_X6_Y2,32,L1_X14_Y6,5836.572331,1.2192,495.572331,496.791531,5341.0,5837.791531,25,0.338113,0.072249,1772649325.107602
FP000156,L0_X14_Y6,L0_X6_Y2,33,L0_X14_Y6,5837.791531,1.2192,496.791531,496.791531,5341.0,5837.791531,25,0.338113,0.072249,1772649325.107602
FP000157,L0_X0_Y2,L0_X4_Y1,0,L0_X0_Y2,5416.0,0.0,0.0,253.195004,5416.0,5669.195004,25,0.052118,0.389357,1772649325.211054
FP000157,L0_X0_Y2,L0_X4_Y1,1,L1_X0_Y2,5417.2192,1.2192,1.2192,253.195004,5416.0,5669.195004,25,0.052118,0.389357,1772649325.211054
FP000157,L0_X0_Y2,L0_X4_Y1,2,L2_X0_Y2,5418.4384,1.2192,2.4384,253.195004,5416.0,5669.195004,25,0.052118,0.389357,1772649325.211054
FP000157,L0_X0_Y2,L0_X4_Y1,3,L2_X1_Y2,5434.43324,15.99484,18.43324,253.195004,5416.0,5669.195004,25,0.052118,0.389357,1772649325.211054
FP000157,L0_X0_Y2,L0_X4_Y1,4,L3_X1_Y2,5435.65244,1.2192,19.65244,253.195004,5416.0,5669.195004,25,0.052118,0.389357,1772649325.211054
FP000157,L0_X0_Y2,L0_X4_Y1,5,L3_X2_Y2,5451.647289,15.994849,35.647289,253.195004,5416.0,5669.195004,25,0.052118,0.389357,1772649325.211054
FP000157,L0_X0_Y2,L0_X4_Y1,6,L3_X3_Y2,5467.642146,15.994857,51.642146,253.195004,5416.0,5669.195004,25,0.052118,0.389357,1772649325.211054
FP000157,L0_X0_Y2,L0_X4_Y1,7,L3_X4_Y2,5483.637012,15.994866,67.637012,253.195004,5416.0,5669.195004,25,0.052118,0.389357,1772649325.211054
FP000157,L0_X0_Y2,L0_X4_Y1,8,L3_X4_Y1,5499.659102,16.02209,83.659102,253.195004,5416.0,5669.195004,25,0.052118,0.389357,1772649325.211054
FP000157,L0_X0_Y2,L0_X4_Y1,9,L2_X4_Y1,5500.878302,1.2192,84.878302,253.195004,5416.0,5669.195004,25,0.052118,0.389357,1772649325.211054
FP000157,L0_X0_Y2,L0_X4_Y1,10,L1_X4_Y1,5502.097502,1.2192,86.097502,253.195004,5416.0,5669.195004,25,0.052118,0.389357,1772649325.211054
FP000157,L0_X0_Y2,L0_X4_Y1,11,L0_X4_Y1,5503.316702,1.2192,87.316702,253.195004,5416.0,5669.195004,25,0.052118,0.389357,1772649325.211054
FP000157,L0_X0_Y2,L0_X4_Y1,12,L0_X4_Y1,5563.316702,60.0,147.316702,253.195004,5416.0,5669.195004,25,0.052118,0.389357,1772649325.211054
FP000157,L0_X0_Y2,L0_X4_Y1,13,L1_X4_Y1,5585.535902,22.2192,169.535902,253.195004,5416.0,5669.195004,25,0.052118,0.389357,1772649325.211054
FP000157,L0_X0_Y2,L0_X4_Y1,14,L1_X4_Y2,5601.557992,16.02209,185.557992,253.195004,5416.0,5669.195004,25,0.052118,0.389357,1772649325.211054
FP000157,L0_X0_Y2,L0_X4_Y1,15,L1_X3_Y2,5617.552858,15.994866,201.552858,253.195004,5416.0,5669.195004,25,0.052118,0.389357,1772649325.211054
FP000157,L0_X0_Y2,L0_X4_Y1,16,L2_X3_Y2,5618.772058,1.2192,202.772058,253.195004,5416.0,5669.195004,25,0.052118,0.389357,1772649325.211054
FP000157,L0_X0_Y2,L0_X4_Y1,17,L2_X2_Y2,5634.766915,15.994857,218.766915,253.195004,5416.0,5669.195004,25,0.052118,0.389357,1772649325.211054
FP000157,L0_X0_Y2,L0_X4_Y1,18,L2_X1_Y2,5650.761764,15.994849,234.761764,253.195004,5416.0,5669.195004,25,0.052118,0.389357,1772649325.211054
FP000157,L0_X0_Y2,L0_X4_Y1,19,L2_X0_Y2,5666.756604,15.99484,250.756604,253.195004,5416.0,5669.195004,25,0.052118,0.389357,1772649325.211054
FP000157,L0_X0_Y2,L0_X4_Y1,20,L1_X0_Y2,5667.975804,1.2192,251.975804,253.195004,5416.0,5669.195004,25,0.052118,0.389357,1772649325.211054
FP000157,L0_X0_Y2,L0_X4_Y1,21,L0_X0_Y2,5669.195004,1.2192,253.195004,253.195004,5416.0,5669.195004,25,0.052118,0.389357,1772649325.211054
FP000158,L0_X14_Y6,L0_X4_Y1,0,L0_X14_Y6,5462.0,0.0,0.0,570.819677,5462.0,6032.819677,25,0.989888,0.086397,1772649326.234978
FP000158,L0_X14_Y6,L0_X4_Y1,1,L1_X14_Y6,5463.2192,1.2192,1.2192,570.819677,5462.0,6032.819677,25,0.989888,0.086397,1772649326.234978
FP000158,L0_X14_Y6,L0_X4_Y1,2,L2_X14_Y6,5464.4384,1.2192,2.4384,570.819677,5462.0,6032.819677,25,0.989888,0.086397,1772649326.234978
FP000158,L0_X14_Y6,L0_X4_Y1,3,L2_X14_Y5,5480.453013,16.014613,18.453013,570.819677,5462.0,6032.819677,25,0.989888,0.086397,1772649326.234978
FP000158,L0_X14_Y6,L0_X4_Y1,4,L2_X14_Y4,5496.467629,16.014617,34.467629,570.819677,5462.0,6032.819677,25,0.989888,0.086397,1772649326.234978
FP000158,L0_X14_Y6,L0_X4_Y1,5,L2_X14_Y3,5512.48225,16.014621,50.48225,570.819677,5462.0,6032.819677,25,0.989888,0.086397,1772649326.234978
FP000158,L0_X14_Y6,L0_X4_Y1,6,L2_X13_Y3,5528.477198,15.994948,66.477198,570.819677,5462.0,6032.819677,25,0.989888,0.086397,1772649326.234978
FP000158,L0_X14_Y6,L0_X4_Y1,7,L2_X12_Y3,5544.472138,15.99494,82.472138,570.819677,5462.0,6032.819677,25,0.989888,0.086397,1772649326.234978
FP000158,L0_X14_Y6,L0_X4_Y1,8,L2_X11_Y3,5560.467069,15.994931,98.467069,570.819677,5462.0,6032.819677,25,0.989888,0.086397,1772649326.234978
FP000158,L0_X14_Y6,L0_X4_Y1,9,L2_X10_Y3,5576.461991,15.994922,114.461991,570.819677,5462.0,6032.819677,25,0.989888,0.086397,1772649326.234978
FP000158,L0_X14_Y6,L0_X4_Y1,10,L2_X9_Y3,5592.456905,15.994914,130.456905,570.819677,5462.0,6032.819677,25,0.989888,0.086397,1772649326.234978
FP000158,L0_X14_Y6,L0_X4_Y1,11,L2_X8_Y3,5608.45181,15.994905,146.45181,570.819677,5462.0,6032.819677,25,0.989888,0.086397,1772649326.234978
FP000158,L0_X14_Y6,L0_X4_Y1,12,L2_X7_Y3,5624.446706,15.994896,162.446706,570.819677,5462.0,6032.819677,25,0.989888,0.086397,1772649326.234978
FP000158,L0_X14_Y6,L0_X4_Y1,13,L2_X6_Y3,5640.441594,15.994888,178.441594,570.819677,5462.0,6032.819677,25,0.989888,0.086397,1772649326.234978
FP000158,L0_X14_Y6,L0_X4_Y1,14,L2_X5_Y3,5656.436473,15.994879,194.436473,570.819677,5462.0,6032.819677,25,0.989888,0.086397,1772649326.234978
FP000158,L0_X14_Y6,L0_X4_Y1,15,L2_X5_Y2,5672.457812,16.021339,210.457812,570.819677,5462.0,6032.819677,25,0.989888,0.086397,1772649326.234978
FP000158,L0_X14_Y6,L0_X4_Y1,16,L2_X4_Y2,5688.452687,15.994875,226.452687,570.819677,5462.0,6032.819677,25,0.989888,0.086397,1772649326.234978
FP000158,L0_X14_Y6,L0_X4_Y1,17,L2_X4_Y1,5704.474777,16.02209,242.474777,570.819677,5462.0,6032.819677,25,0.989888,0.086397,1772649326.234978
FP000158,L0_X14_Y6,L0_X4_Y1,18,L1_X4_Y1,5705.693977,1.2192,243.693977,570.819677,5462.0,6032.819677,25,0.989888,0.086397,1772649326.234978
FP000158,L0_X14_Y6,L0_X4_Y1,19,L0_X4_Y1,5706.913177,1.2192,244.913177,570.819677,5462.0,6032.819677,25,0.989888,0.086397,1772649326.234978
FP000158,L0_X14_Y6,L0_X4_Y1,20,L0_X4_Y1,5766.913177,60.0,304.913177,570.819677,5462.0,6032.819677,25,0.989888,0.086397,1772649326.234978
FP000158,L0_X14_Y6,L0_X4_Y1,21,L1_X4_Y1,5789.132377,22.2192,327.132377,570.819677,5462.0,6032.819677,25,0.989888,0.086397,1772649326.234978
FP000158,L0_X14_Y6,L0_X4_Y1,22,L2_X4_Y1,5790.351577,1.2192,328.351577,570.819677,5462.0,6032.819677,25,0.989888,0.086397,1772649326.234978
FP000158,L0_X14_Y6,L0_X4_Y1,23,L2_X4_Y2,5806.373666,16.02209,344.373666,570.819677,5462.0,6032.819677,25,0.989888,0.086397,1772649326.234978
FP000158,L0_X14_Y6,L0_X4_Y1,24,L2_X5_Y2,5822.368541,15.994875,360.368541,570.819677,5462.0,6032.819677,25,0.989888,0.086397,1772649326.234978
FP000158,L0_X14_Y6,L0_X4_Y1,25,L2_X6_Y2,5838.363424,15.994883,376.363424,570.819677,5462.0,6032.819677,25,0.989888,0.086397,1772649326.234978
FP000158,L0_X14_Y6,L0_X4_Y1,26,L2_X7_Y2,5854.358316,15.994892,392.358316,570.819677,5462.0,6032.819677,25,0.989888,0.086397,1772649326.234978
FP000158,L0_X14_Y6,L0_X4_Y1,27,L2_X8_Y2,5870.353217,15.994901,408.353217,570.819677,5462.0,6032.819677,25,0.989888,0.086397,1772649326.234978
FP000158,L0_X14_Y6,L0_X4_Y1,28,L2_X9_Y2,5886.348126,15.994909,424.348126,570.819677,5462.0,6032.819677,25,0.989888,0.086397,1772649326.234978
FP000158,L0_X14_Y6,L0_X4_Y1,29,L2_X10_Y2,5902.343044,15.994918,440.343044,570.819677,5462.0,6032.819677,25,0.989888,0.086397,1772649326.234978
FP000158,L0_X14_Y6,L0_X4_Y1,30,L2_X11_Y2,5918.33797,15.994926,456.33797,570.819677,5462.0,6032.819677,25,0.989888,0.086397,1772649326.234978
FP000158,L0_X14_Y6,L0_X4_Y1,31,L2_X12_Y2,5934.332906,15.994935,472.332906,570.819677,5462.0,6032.819677,25,0.989888,0.086397,1772649326.234978
FP000158,L0_X14_Y6,L0_X4_Y1,32,L2_X13_Y2,5950.327849,15.994944,488.327849,570.819677,5462.0,6032.819677,25,0.989888,0.086397,1772649326.234978
FP000158,L0_X14_Y6,L0_X4_Y1,33,L2_X14_Y2,5966.322802,15.994952,504.322802,570.819677,5462.0,6032.819677,25,0.989888,0.086397,1772649326.234978
FP000158,L0_X14_Y6,L0_X4_Y1,34,L2_X14_Y3,5982.337427,16.014625,520.337427,570.819677,5462.0,6032.819677,25,0.989888,0.086397,1772649326.234978
FP000158,L0_X14_Y6,L0_X4_Y1,35,L2_X14_Y4,5998.352047,16.014621,536.352047,570.819677,5462.0,6032.819677,25,0.989888,0.086397,1772649326.234978
FP000158,L0_X14_Y6,L0_X4_Y1,36,L2_X14_Y5,6014.366664,16.014617,552.366664,570.819677,5462.0,6032.819677,25,0.989888,0.086397,1772649326.234978
FP000158,L0_X14_Y6,L0_X4_Y1,37,L2_X14_Y6,6030.381277,16.014613,568.381277,570.819677,5462.0,6032.819677,25,0.989888,0.086397,1772649326.234978
FP000158,L0_X14_Y6,L0_X4_Y1,38,L1_X14_Y6,6031.600477,1.2192,569.600477,570.819677,5462.0,6032.819677,25,0.989888,0.086397,1772649326.234978
FP000158,L0_X14_Y6,L0_X4_Y1,39,L0_X14_Y6,6032.819677,1.2192,570.819677,570.819677,5462.0,6032.819677,25,0.989888,0.086397,1772649326.234978
FP000159,L0_X0_Y2,L0_X7_Y5,0,L0_X0_Y2,5538.0,0.0,0.0,454.677583,5499.0,5953.677583,25,0.156992,1.045514,1772649326.448591
FP000159,L0_X0_Y2,L0_X7_Y5,1,L1_X0_Y2,5539.2192,1.2192,40.2192,454.677583,5499.0,5953.677583,25,0.156992,1.045514,1772649326.448591
FP000159,L0_X0_Y2,L0_X7_Y5,2,L2_X0_Y2,5540.4384,1.2192,41.4384,454.677583,5499.0,5953.677583,25,0.156992,1.045514,1772649326.448591
FP000159,L0_X0_Y2,L0_X7_Y5,3,L3_X0_Y2,5541.6576,1.2192,42.6576,454.677583,5499.0,5953.677583,25,0.156992,1.045514,1772649326.448591
FP000159,L0_X0_Y2,L0_X7_Y5,4,L3_X1_Y2,5557.65244,15.99484,58.65244,454.677583,5499.0,5953.677583,25,0.156992,1.045514,1772649326.448591
FP000159,L0_X0_Y2,L0_X7_Y5,5,L3_X2_Y2,5573.647289,15.994849,74.647289,454.677583,5499.0,5953.677583,25,0.156992,1.045514,1772649326.448591
FP000159,L0_X0_Y2,L0_X7_Y5,6,L3_X3_Y2,5589.642146,15.994857,90.642146,454.677583,5499.0,5953.677583,25,0.156992,1.045514,1772649326.448591
FP000159,L0_X0_Y2,L0_X7_Y5,7,L3_X4_Y2,5605.637012,15.994866,106.637012,454.677583,5499.0,5953.677583,25,0.156992,1.045514,1772649326.448591
FP000159,L0_X0_Y2,L0_X7_Y5,8,L3_X5_Y2,5621.631887,15.994875,122.631887,454.677583,5499.0,5953.677583,25,0.156992,1.045514,1772649326.448591
FP000159,L0_X0_Y2,L0_X7_Y5,9,L3_X6_Y2,5637.626771,15.994883,138.626771,454.677583,5499.0,5953.677583,25,0.156992,1.045514,1772649326.448591
FP000159,L0_X0_Y2,L0_X7_Y5,10,L3_X7_Y2,5653.621662,15.994892,154.621662,454.677583,5499.0,5953.677583,25,0.156992,1.045514,1772649326.448591
FP000159,L0_X0_Y2,L0_X7_Y5,11,L3_X7_Y3,5669.64151,16.019848,170.64151,454.677583,5499.0,5953.677583,25,0.156992,1.045514,1772649326.448591
FP000159,L0_X0_Y2,L0_X7_Y5,12,L3_X7_Y4,5685.661353,16.019843,186.661353,454.677583,5499.0,5953.677583,25,0.156992,1.045514,1772649326.448591
FP000159,L0_X0_Y2,L0_X7_Y5,13,L3_X7_Y5,5701.681191,16.019838,202.681191,454.677583,5499.0,5953.677583,25,0.156992,1.045514,1772649326.448591
FP000159,L0_X0_Y2,L0_X7_Y5,14,L2_X7_Y5,5702.900391,1.2192,203.900391,454.677583,5499.0,5953.677583,25,0.156992,1.045514,1772649326.448591
FP000159,L0_X0_Y2,L0_X7_Y5,15,L1_X7_Y5,5704.119591,1.2192,205.119591,454.677583,5499.0,5953.677583,25,0.156992,1.045514,1772649326.448591
FP000159,L0_X0_Y2,L0_X7_Y5,16,L0_X7_Y5,5705.338791,1.2192,206.338791,454.677583,5499.0,5953.677583,25,0.156992,1.045514,1772649326.448591
FP000159,L0_X0_Y2,L0_X7_Y5,17,L0_X7_Y5,5765.338791,60.0,266.338791,454.677583,5499.0,5953.677583,25,0.156992,1.045514,1772649326.448591
FP000159,L0_X0_Y2,L0_X7_Y5,18,L1_X7_Y5,5787.557991,22.2192,288.557991,454.677583,5499.0,5953.677583,25,0.156992,1.045514,1772649326.448591
FP000159,L0_X0_Y2,L0_X7_Y5,19,L2_X7_Y5,5788.777191,1.2192,289.777191,454.677583,5499.0,5953.677583,25,0.156992,1.045514,1772649326.448591
FP000159,L0_X0_Y2,L0_X7_Y5,20,L3_X7_Y5,5789.996391,1.2192,290.996391,454.677583,5499.0,5953.677583,25,0.156992,1.045514,1772649326.448591
FP000159,L0_X0_Y2,L0_X7_Y5,21,L3_X7_Y4,5806.01623,16.019838,307.01623,454.677583,5499.0,5953.677583,25,0.156992,1.045514,1772649326.448591
FP000159,L0_X0_Y2,L0_X7_Y5,22,L3_X7_Y3,5822.036073,16.019843,323.036073,454.677583,5499.0,5953.677583,25,0.156992,1.045514,1772649326.448591
FP000159,L0_X0_Y2,L0_X7_Y5,23,L3_X7_Y2,5838.05592,16.019848,339.05592,454.677583,5499.0,5953.677583,25,0.156992,1.045514,1772649326.448591
FP000159,L0_X0_Y2,L0_X7_Y5,24,L3_X6_Y2,5854.050812,15.994892,355.050812,454.677583,5499.0,5953.677583,25,0.156992,1.045514,1772649326.448591
FP000159,L0_X0_Y2,L0_X7_Y5,25,L3_X5_Y2,5870.045696,15.994883,371.045696,454.677583,5499.0,5953.677583,25,0.156992,1.045514,1772649326.448591
FP000159,L0_X0_Y2,L0_X7_Y5,26,L3_X4_Y2,5886.04057,15.994875,387.04057,454.677583,5499.0,5953.677583,25,0.156992,1.045514,1772649326.448591
FP000159,L0_X0_Y2,L0_X7_Y5,27,L3_X3_Y2,5902.035436,15.994866,403.035436,454.677583,5499.0,5953.677583,25,0.156992,1.045514,1772649326.448591
FP000159,L0_X0_Y2,L0_X7_Y5,28,L3_X2_Y2,5918.030294,15.994857,419.030294,454.677583,5499.0,5953.677583,25,0.156992,1.045514,1772649326.448591
FP000159,L0_X0_Y2,L0_X7_Y5,29,L3_X1_Y2,5934.025143,15.994849,435.025143,454.677583,5499.0,5953.677583,25,0.156992,1.045514,1772649326.448591
FP000159,L0_X0_Y2,L0_X7_Y5,30,L3_X0_Y2,5950.019983,15.99484,451.019983,454.677583,5499.0,5953.677583,25,0.156992,1.045514,1772649326.448591
FP000159,L0_X0_Y2,L0_X7_Y5,31,L2_X0_Y2,5951.239183,1.2192,452.239183,454.677583,5499.0,5953.677583,25,0.156992,1.045514,1772649326.448591
FP000159,L0_X0_Y2,L0_X7_Y5,32,L1_X0_Y2,5952.458383,1.2192,453.458383,454.677583,5499.0,5953.677583,25,0.156992,1.045514,1772649326.448591
FP000159,L0_X0_Y2,L0_X7_Y5,33,L0_X0_Y2,5953.677583,1.2192,454.677583,454.677583,5499.0,5953.677583,25,0.156992,1.045514,1772649326.448591
FP000160,L0_X14_Y6,L0_X4_Y4,0,L0_X14_Y6,5499.0,0.0,0.0,477.148562,5499.0,5976.148562,25,0.247676,0.204443,1772649326.746243
FP000160,L0_X14_Y6,L0_X4_Y4,1,L1_X14_Y6,5500.2192,1.2192,1.2192,477.148562,5499.0,5976.148562,25,0.247676,0.204443,1772649326.746243
FP000160,L0_X14_Y6,L0_X4_Y4,2,L2_X14_Y6,5501.4384,1.2192,2.4384,477.148562,5499.0,5976.148562,25,0.247676,0.204443,1772649326.746243
FP000160,L0_X14_Y6,L0_X4_Y4,3,L2_X14_Y5,5517.453013,16.014613,18.453013,477.148562,5499.0,5976.148562,25,0.247676,0.204443,1772649326.746243
FP000160,L0_X14_Y6,L0_X4_Y4,4,L1_X14_Y5,5518.672213,1.2192,19.672213,477.148562,5499.0,5976.148562,25,0.247676,0.204443,1772649326.746243
FP000160,L0_X14_Y6,L0_X4_Y4,5,L1_X14_Y4,5534.686829,16.014617,35.686829,477.148562,5499.0,5976.148562,25,0.247676,0.204443,1772649326.746243
FP000160,L0_X14_Y6,L0_X4_Y4,6,L1_X13_Y4,5550.681773,15.994944,51.681773,477.148562,5499.0,5976.148562,25,0.247676,0.204443,1772649326.746243
FP000160,L0_X14_Y6,L0_X4_Y4,7,L1_X12_Y4,5566.676709,15.994935,67.676709,477.148562,5499.0,5976.148562,25,0.247676,0.204443,1772649326.746243
FP000160,L0_X14_Y6,L0_X4_Y4,8,L1_X11_Y4,5582.671635,15.994927,83.671635,477.148562,5499.0,5976.148562,25,0.247676,0.204443,1772649326.746243
FP000160,L0_X14_Y6,L0_X4_Y4,9,L1_X10_Y4,5598.666554,15.994918,99.666554,477.148562,5499.0,5976.148562,25,0.247676,0.204443,1772649326.746243
FP000160,L0_X14_Y6,L0_X4_Y4,10,L2_X10_Y4,5599.885754,1.2192,100.885754,477.148562,5499.0,5976.148562,25,0.247676,0.204443,1772649326.746243
FP000160,L0_X14_Y6,L0_X4_Y4,11,L2_X9_Y4,5615.880663,15.994909,116.880663,477.148562,5499.0,5976.148562,25,0.247676,0.204443,1772649326.746243
FP000160,L0_X14_Y6,L0_X4_Y4,12,L2_X8_Y4,5631.875564,15.994901,132.875564,477.148562,5499.0,5976.148562,25,0.247676,0.204443,1772649326.746243
FP000160,L0_X14_Y6,L0_X4_Y4,13,L2_X7_Y4,5647.870456,15.994892,148.870456,477.148562,5499.0,5976.148562,25,0.247676,0.204443,1772649326.746243
FP000160,L0_X14_Y6,L0_X4_Y4,14,L2_X6_Y4,5663.86534,15.994884,164.86534,477.148562,5499.0,5976.148562,25,0.247676,0.204443,1772649326.746243
FP000160,L0_X14_Y6,L0_X4_Y4,15,L2_X5_Y4,5679.860215,15.994875,180.860215,477.148562,5499.0,5976.148562,25,0.247676,0.204443,1772649326.746243
FP000160,L0_X14_Y6,L0_X4_Y4,16,L2_X4_Y4,5695.855081,15.994866,196.855081,477.148562,5499.0,5976.148562,25,0.247676,0.204443,1772649326.746243
FP000160,L0_X14_Y6,L0_X4_Y4,17,L1_X4_Y4,5697.074281,1.2192,198.074281,477.148562,5499.0,5976.148562,25,0.247676,0.204443,1772649326.746243
FP000160,L0_X14_Y6,L0_X4_Y4,18,L0_X4_Y4,5698.293481,1.2192,199.293481,477.148562,5499.0,5976.148562,25,0.247676,0.204443,1772649326.746243
FP000160,L0_X14_Y6,L0_X4_Y4,19,L0_X4_Y4,5758.293481,60.0,259.293481,477.148562,5499.0,5976.148562,25,0.247676,0.204443,1772649326.746243
FP000160,L0_X14_Y6,L0_X4_Y4,20,L1_X4_Y4,5780.512681,22.2192,281.512681,477.148562,5499.0,5976.148562,25,0.247676,0.204443,1772649326.746243
FP000160,L0_X14_Y6,L0_X4_Y4,21,L2_X4_Y4,5781.731881,1.2192,282.731881,477.148562,5499.0,5976.148562,25,0.247676,0.204443,1772649326.746243
FP000160,L0_X14_Y6,L0_X4_Y4,22,L2_X5_Y4,5797.726747,15.994866,298.726747,477.148562,5499.0,5976.148562,25,0.247676,0.204443,1772649326.746243
FP000160,L0_X14_Y6,L0_X4_Y4,23,L2_X6_Y4,5813.721622,15.994875,314.721622,477.148562,5499.0,5976.148562,25,0.247676,0.204443,1772649326.746243
FP000160,L0_X14_Y6,L0_X4_Y4,24,L2_X7_Y4,5829.716506,15.994884,330.716506,477.148562,5499.0,5976.148562,25,0.247676,0.204443,1772649326.746243
FP000160,L0_X14_Y6,L0_X4_Y4,25,L2_X8_Y4,5845.711398,15.994892,346.711398,477.148562,5499.0,5976.148562,25,0.247676,0.204443,1772649326.746243
FP000160,L0_X14_Y6,L0_X4_Y4,26,L2_X9_Y4,5861.706299,15.994901,362.706299,477.148562,5499.0,5976.148562,25,0.247676,0.204443,1772649326.746243
FP000160,L0_X14_Y6,L0_X4_Y4,27,L2_X10_Y4,5877.701208,15.994909,378.701208,477.148562,5499.0,5976.148562,25,0.247676,0.204443,1772649326.746243
FP000160,L0_X14_Y6,L0_X4_Y4,28,L2_X11_Y4,5893.696126,15.994918,394.696126,477.148562,5499.0,5976.148562,25,0.247676,0.204443,1772649326.746243
FP000160,L0_X14_Y6,L0_X4_Y4,29,L2_X12_Y4,5909.691053,15.994927,410.691053,477.148562,5499.0,5976.148562,25,0.247676,0.204443,1772649326.746243
FP000160,L0_X14_Y6,L0_X4_Y4,30,L2_X13_Y4,5925.685988,15.994935,426.685988,477.148562,5499.0,5976.148562,25,0.247676,0.204443,1772649326.746243
FP000160,L0_X14_Y6,L0_X4_Y4,31,L2_X14_Y4,5941.680932,15.994944,442.680932,477.148562,5499.0,5976.148562,25,0.247676,0.204443,1772649326.746243
FP000160,L0_X14_Y6,L0_X4_Y4,32,L2_X14_Y5,5957.695549,16.014617,458.695549,477.148562,5499.0,5976.148562,25,0.247676,0.204443,1772649326.746243
FP000160,L0_X14_Y6,L0_X4_Y4,33,L2_X14_Y6,5973.710162,16.014613,474.710162,477.148562,5499.0,5976.148562,25,0.247676,0.204443,1772649326.746243
FP000160,L0_X14_Y6,L0_X4_Y4,34,L1_X14_Y6,5974.929362,1.2192,475.929362,477.148562,5499.0,5976.148562,25,0.247676,0.204443,1772649326.746243
FP000160,L0_X14_Y6,L0_X4_Y4,35,L0_X14_Y6,5976.148562,1.2192,477.148562,477.148562,5499.0,5976.148562,25,0.247676,0.204443,1772649326.746243
FP000161,L0_X14_Y6,L0_X2_Y6,0,L0_X14_Y6,5613.0,0.0,0.0,578.578167,5578.0,6156.578167,25,0.242048,0.315879,1772649327.057494
FP000161,L0_X14_Y6,L0_X2_Y6,1,L1_X14_Y6,5614.2192,1.2192,36.2192,578.578167,5578.0,6156.578167,25,0.242048,0.315879,1772649327.057494
FP000161,L0_X14_Y6,L0_X2_Y6,2,L2_X14_Y6,5615.4384,1.2192,37.4384,578.578167,5578.0,6156.578167,25,0.242048,0.315879,1772649327.057494
FP000161,L0_X14_Y6,L0_X2_Y6,3,L2_X14_Y5,5631.453013,16.014613,53.453013,578.578167,5578.0,6156.578167,25,0.242048,0.315879,1772649327.057494
FP000161,L0_X14_Y6,L0_X2_Y6,4,L2_X13_Y5,5647.447952,15.99494,69.447952,578.578167,5578.0,6156.578167,25,0.242048,0.315879,1772649327.057494
FP000161,L0_X14_Y6,L0_X2_Y6,5,L3_X13_Y5,5648.667152,1.2192,70.667152,578.578167,5578.0,6156.578167,25,0.242048,0.315879,1772649327.057494
FP000161,L0_X14_Y6,L0_X2_Y6,6,L3_X12_Y5,5664.662084,15.994931,86.662084,578.578167,5578.0,6156.578167,25,0.242048,0.315879,1772649327.057494
FP000161,L0_X14_Y6,L0_X2_Y6,7,L3_X11_Y5,5680.657006,15.994923,102.657006,578.578167,5578.0,6156.578167,25,0.242048,0.315879,1772649327.057494
FP000161,L0_X14_Y6,L0_X2_Y6,8,L3_X10_Y5,5696.65192,15.994914,118.65192,578.578167,5578.0,6156.578167,25,0.242048,0.315879,1772649327.057494
FP000161,L0_X14_Y6,L0_X2_Y6,9,L3_X9_Y5,5712.646825,15.994905,134.646825,578.578167,5578.0,6156.578167,25,0.242048,0.315879,1772649327.057494
FP000161,L0_X14_Y6,L0_X2_Y6,10,L3_X8_Y5,5728.641722,15.994897,150.641722,578.578167,5578.0,6156.578167,25,0.242048,0.315879,1772649327.057494
FP000161,L0_X14_Y6,L0_X2_Y6,11,L3_X7_Y5,5744.63661,15.994888,166.63661,578.578167,5578.0,6156.578167,25,0.242048,0.315879,1772649327.057494
FP000161,L0_X14_Y6,L0_X2_Y6,12,L3_X6_Y5,5760.631489,15.994879,182.631489,578.578167,5578.0,6156.578167,25,0.242048,0.315879,1772649327.057494
FP000161,L0_X14_Y6,L0_X2_Y6,13,L3_X6_Y6,5776.652069,16.020579,198.652069,578.578167,5578.0,6156.578167,25,0.242048,0.315879,1772649327.057494
FP000161,L0_X14_Y6,L0_X2_Y6,14,L3_X5_Y6,5792.646935,15.994867,214.646935,578.578167,5578.0,6156.578167,25,0.242048,0.315879,1772649327.057494
FP000161,L0_X14_Y6,L0_X2_Y6,15,L3_X4_Y6,5808.641793,15.994858,230.641793,578.578167,5578.0,6156.578167,25,0.242048,0.315879,1772649327.057494
FP000161,L0_X14_Y6,L0_X2_Y6,16,L3_X3_Y6,5824.636643,15.994849,246.636643,578.578167,5578.0,6156.578167,25,0.242048,0.315879,1772649327.057494
FP000161,L0_X14_Y6,L0_X2_Y6,17,L3_X2_Y6,5840.631483,15.994841,262.631483,578.578167,5578.0,6156.578167,25,0.242048,0.315879,1772649327.057494
FP000161,L0_X14_Y6,L0_X2_Y6,18,L2_X2_Y6,5841.850683,1.2192,263.850683,578.578167,5578.0,6156.578167,25,0.242048,0.315879,1772649327.057494
FP000161,L0_X14_Y6,L0_X2_Y6,19,L1_X2_Y6,5843.069883,1.2192,265.069883,578.578167,5578.0,6156.578167,25,0.242048,0.315879,1772649327.057494
FP000161,L0_X14_Y6,L0_X2_Y6,20,L0_X2_Y6,5844.289083,1.2192,266.289083,578.578167,5578.0,6156.578167,25,0.242048,0.315879,1772649327.057494
FP000161,L0_X14_Y6,L0_X2_Y6,21,L0_X2_Y6,5904.289083,60.0,326.289083,578.578167,5578.0,6156.578167,25,0.242048,0.315879,1772649327.057494
FP000161,L0_X14_Y6,L0_X2_Y6,22,L1_X2_Y6,5926.508283,22.2192,348.508283,578.578167,5578.0,6156.578167,25,0.242048,0.315879,1772649327.057494
FP000161,L0_X14_Y6,L0_X2_Y6,23,L2_X2_Y6,5927.727483,1.2192,349.727483,578.578167,5578.0,6156.578167,25,0.242048,0.315879,1772649327.057494
FP000161,L0_X14_Y6,L0_X2_Y6,24,L3_X2_Y6,5928.946683,1.2192,350.946683,578.578167,5578.0,6156.578167,25,0.242048,0.315879,1772649327.057494
FP000161,L0_X14_Y6,L0_X2_Y6,25,L3_X3_Y6,5944.941524,15.994841,366.941524,578.578167,5578.0,6156.578167,25,0.242048,0.315879,1772649327.057494
FP000161,L0_X14_Y6,L0_X2_Y6,26,L3_X4_Y6,5960.936373,15.994849,382.936373,578.578167,5578.0,6156.578167,25,0.242048,0.315879,1772649327.057494
FP000161,L0_X14_Y6,L0_X2_Y6,27,L3_X5_Y6,5976.931231,15.994858,398.931231,578.578167,5578.0,6156.578167,25,0.242048,0.315879,1772649327.057494
FP000161,L0_X14_Y6,L0_X2_Y6,28,L3_X6_Y6,5992.926098,15.994867,414.926098,578.578167,5578.0,6156.578167,25,0.242048,0.315879,1772649327.057494
FP000161,L0_X14_Y6,L0_X2_Y6,29,L3_X6_Y5,6008.946677,16.020579,430.946677,578.578167,5578.0,6156.578167,25,0.242048,0.315879,1772649327.057494
FP000161,L0_X14_Y6,L0_X2_Y6,30,L3_X7_Y5,6024.941557,15.994879,446.941557,578.578167,5578.0,6156.578167,25,0.242048,0.315879,1772649327.057494
FP000161,L0_X14_Y6,L0_X2_Y6,31,L3_X8_Y5,6040.936445,15.994888,462.936445,578.578167,5578.0,6156.578167,25,0.242048,0.315879,1772649327.057494
FP000161,L0_X14_Y6,L0_X2_Y6,32,L3_X9_Y5,6056.931341,15.994897,478.931341,578.578167,5578.0,6156.578167,25,0.242048,0.315879,1772649327.057494
FP000161,L0_X14_Y6,L0_X2_Y6,33,L3_X10_Y5,6072.926246,15.994905,494.926246,578.578167,5578.0,6156.578167,25,0.242048,0.315879,1772649327.057494
FP000161,L0_X14_Y6,L0_X2_Y6,34,L3_X11_Y5,6088.92116,15.994914,510.92116,578.578167,5578.0,6156.578167,25,0.242048,0.315879,1772649327.057494
FP000161,L0_X14_Y6,L0_X2_Y6,35,L3_X12_Y5,6104.916083,15.994923,526.916083,578.578167,5578.0,6156.578167,25,0.242048,0.315879,1772649327.057494
FP000161,L0_X14_Y6,L0_X2_Y6,36,L3_X13_Y5,6120.911014,15.994931,542.911014,578.578167,5578.0,6156.578167,25,0.242048,0.315879,1772649327.057494
FP000161,L0_X14_Y6,L0_X2_Y6,37,L3_X14_Y5,6136.905954,15.99494,558.905954,578.578167,5578.0,6156.578167,25,0.242048,0.315879,1772649327.057494
FP000161,L0_X14_Y6,L0_X2_Y6,38,L3_X14_Y6,6152.920567,16.014613,574.920567,578.578167,5578.0,6156.578167,25,0.242048,0.315879,1772649327.057494
FP000161,L0_X14_Y6,L0_X2_Y6,39,L2_X14_Y6,6154.139767,1.2192,576.139767,578.578167,5578.0,6156.578167,25,0.242048,0.315879,1772649327.057494
FP000161,L0_X14_Y6,L0_X2_Y6,40,L1_X14_Y6,6155.358967,1.2192,577.358967,578.578167,5578.0,6156.578167,25,0.242048,0.315879,1772649327.057494
FP000161,L0_X14_Y6,L0_X2_Y6,41,L0_X14_Y6,6156.578167,1.2192,578.578167,578.578167,5578.0,6156.578167,25,0.242048,0.315879,1772649327.057494
FP000162,L0_X0_Y2,L0_X10_Y2,0,L0_X0_Y2,5594.0,0.0,0.0,423.52798,5586.0,6009.52798,25,0.3272,0.313725,1772649327.458372
FP000162,L0_X0_Y2,L0_X10_Y2,1,L1_X0_Y2,5595.2192,1.2192,9.2192,423.52798,5586.0,6009.52798,25,0.3272,0.313725,1772649327.458372
FP000162,L0_X0_Y2,L0_X10_Y2,2,L2_X0_Y2,5596.4384,1.2192,10.4384,423.52798,5586.0,6009.52798,25,0.3272,0.313725,1772649327.458372
FP000162,L0_X0_Y2,L0_X10_Y2,3,L2_X1_Y2,5612.43324,15.99484,26.43324,423.52798,5586.0,6009.52798,25,0.3272,0.313725,1772649327.458372
FP000162,L0_X0_Y2,L0_X10_Y2,4,L3_X1_Y2,5613.65244,1.2192,27.65244,423.52798,5586.0,6009.52798,25,0.3272,0.313725,1772649327.458372
FP000162,L0_X0_Y2,L0_X10_Y2,5,L3_X2_Y2,5629.647289,15.994849,43.647289,423.52798,5586.0,6009.52798,25,0.3272,0.313725,1772649327.458372
FP000162,L0_X0_Y2,L0_X10_Y2,6,L3_X3_Y2,5645.642146,15.994857,59.642146,423.52798,5586.0,6009.52798,25,0.3272,0.313725,1772649327.458372
FP000162,L0_X0_Y2,L0_X10_Y2,7,L3_X4_Y2,5661.637012,15.994866,75.637012,423.52798,5586.0,6009.52798,25,0.3272,0.313725,1772649327.458372
FP000162,L0_X0_Y2,L0_X10_Y2,8,L3_X5_Y2,5677.631887,15.994875,91.631887,423.52798,5586.0,6009.52798,25,0.3272,0.313725,1772649327.458372
FP000162,L0_X0_Y2,L0_X10_Y2,9,L3_X6_Y2,5693.626771,15.994883,107.626771,423.52798,5586.0,6009.52798,25,0.3272,0.313725,1772649327.458372
FP000162,L0_X0_Y2,L0_X10_Y2,10,L3_X7_Y2,5709.621662,15.994892,123.621662,423.52798,5586.0,6009.52798,25,0.3272,0.313725,1772649327.458372
FP000162,L0_X0_Y2,L0_X10_Y2,11,L3_X8_Y2,5725.616563,15.994901,139.616563,423.52798,5586.0,6009.52798,25,0.3272,0.313725,1772649327.458372
FP000162,L0_X0_Y2,L0_X10_Y2,12,L3_X9_Y2,5741.611472,15.994909,155.611472,423.52798,5586.0,6009.52798,25,0.3272,0.313725,1772649327.458372
FP000162,L0_X0_Y2,L0_X10_Y2,13,L3_X10_Y2,5757.60639,15.994918,171.60639,423.52798,5586.0,6009.52798,25,0.3272,0.313725,1772649327.458372
FP000162,L0_X0_Y2,L0_X10_Y2,14,L2_X10_Y2,5758.82559,1.2192,172.82559,423.52798,5586.0,6009.52798,25,0.3272,0.313725,1772649327.458372
FP000162,L0_X0_Y2,L0_X10_Y2,15,L1_X10_Y2,5760.04479,1.2192,174.04479,423.52798,5586.0,6009.52798,25,0.3272,0.313725,1772649327.458372
FP000162,L0_X0_Y2,L0_X10_Y2,16,L0_X10_Y2,5761.26399,1.2192,175.26399,423.52798,5586.0,6009.52798,25,0.3272,0.313725,1772649327.458372
FP000162,L0_X0_Y2,L0_X10_Y2,17,L0_X10_Y2,5821.26399,60.0,235.26399,423.52798,5586.0,6009.52798,25,0.3272,0.313725,1772649327.458372
FP000162,L0_X0_Y2,L0_X10_Y2,18,L1_X10_Y2,5843.48319,22.2192,257.48319,423.52798,5586.0,6009.52798,25,0.3272,0.313725,1772649327.458372
FP000162,L0_X0_Y2,L0_X10_Y2,19,L2_X10_Y2,5844.70239,1.2192,258.70239,423.52798,5586.0,6009.52798,25,0.3272,0.313725,1772649327.458372
FP000162,L0_X0_Y2,L0_X10_Y2,20,L3_X10_Y2,5845.92159,1.2192,259.92159,423.52798,5586.0,6009.52798,25,0.3272,0.313725,1772649327.458372
FP000162,L0_X0_Y2,L0_X10_Y2,21,L3_X9_Y2,5861.916508,15.994918,275.916508,423.52798,5586.0,6009.52798,25,0.3272,0.313725,1772649327.458372
FP000162,L0_X0_Y2,L0_X10_Y2,22,L3_X8_Y2,5877.911417,15.994909,291.911417,423.52798,5586.0,6009.52798,25,0.3272,0.313725,1772649327.458372
FP000162,L0_X0_Y2,L0_X10_Y2,23,L3_X7_Y2,5893.906318,15.994901,307.906318,423.52798,5586.0,6009.52798,25,0.3272,0.313725,1772649327.458372
FP000162,L0_X0_Y2,L0_X10_Y2,24,L3_X6_Y2,5909.90121,15.994892,323.90121,423.52798,5586.0,6009.52798,25,0.3272,0.313725,1772649327.458372
FP000162,L0_X0_Y2,L0_X10_Y2,25,L3_X5_Y2,5925.896093,15.994883,339.896093,423.52798,5586.0,6009.52798,25,0.3272,0.313725,1772649327.458372
FP000162,L0_X0_Y2,L0_X10_Y2,26,L3_X4_Y2,5941.890968,15.994875,355.890968,423.52798,5586.0,6009.52798,25,0.3272,0.313725,1772649327.458372
FP000162,L0_X0_Y2,L0_X10_Y2,27,L3_X3_Y2,5957.885834,15.994866,371.885834,423.52798,5586.0,6009.52798,25,0.3272,0.313725,1772649327.458372
FP000162,L0_X0_Y2,L0_X10_Y2,28,L3_X2_Y2,5973.880691,15.994857,387.880691,423.52798,5586.0,6009.52798,25,0.3272,0.313725,1772649327.458372
FP000162,L0_X0_Y2,L0_X10_Y2,29,L3_X1_Y2,5989.87554,15.994849,403.87554,423.52798,5586.0,6009.52798,25,0.3272,0.313725,1772649327.458372
FP000162,L0_X0_Y2,L0_X10_Y2,30,L3_X0_Y2,6005.87038,15.99484,419.87038,423.52798,5586.0,6009.52798,25,0.3272,0.313725,1772649327.458372
FP000162,L0_X0_Y2,L0_X10_Y2,31,L2_X0_Y2,6007.08958,1.2192,421.08958,423.52798,5586.0,6009.52798,25,0.3272,0.313725,1772649327.458372
FP000162,L0_X0_Y2,L0_X10_Y2,32,L1_X0_Y2,6008.30878,1.2192,422.30878,423.52798,5586.0,6009.52798,25,0.3272,0.313725,1772649327.458372
FP000162,L0_X0_Y2,L0_X10_Y2,33,L0_X0_Y2,6009.52798,1.2192,423.52798,423.52798,5586.0,6009.52798,25,0.3272,0.313725,1772649327.458372
FP000163,L0_X0_Y2,L0_X8_Y4,0,L0_X0_Y2,5615.0,0.0,0.0,427.630656,5603.0,6030.630656,25,2.164684,0.388526,1772649329.685382
FP000163,L0_X0_Y2,L0_X8_Y4,1,L1_X0_Y2,5616.2192,1.2192,13.2192,427.630656,5603.0,6030.630656,25,2.164684,0.388526,1772649329.685382
FP000163,L0_X0_Y2,L0_X8_Y4,2,L2_X0_Y2,5617.4384,1.2192,14.4384,427.630656,5603.0,6030.630656,25,2.164684,0.388526,1772649329.685382
FP000163,L0_X0_Y2,L0_X8_Y4,3,L2_X0_Y3,5633.463467,16.025067,30.463467,427.630656,5603.0,6030.630656,25,2.164684,0.388526,1772649329.685382
FP000163,L0_X0_Y2,L0_X8_Y4,4,L2_X1_Y3,5649.458303,15.994836,46.458303,427.630656,5603.0,6030.630656,25,2.164684,0.388526,1772649329.685382
FP000163,L0_X0_Y2,L0_X8_Y4,5,L2_X2_Y3,5665.453148,15.994845,62.453148,427.630656,5603.0,6030.630656,25,2.164684,0.388526,1772649329.685382
FP000163,L0_X0_Y2,L0_X8_Y4,6,L2_X3_Y3,5681.448001,15.994853,78.448001,427.630656,5603.0,6030.630656,25,2.164684,0.388526,1772649329.685382
FP000163,L0_X0_Y2,L0_X8_Y4,7,L2_X4_Y3,5697.442863,15.994862,94.442863,427.630656,5603.0,6030.630656,25,2.164684,0.388526,1772649329.685382
FP000163,L0_X0_Y2,L0_X8_Y4,8,L2_X5_Y3,5713.437733,15.994871,110.437733,427.630656,5603.0,6030.630656,25,2.164684,0.388526,1772649329.685382
FP000163,L0_X0_Y2,L0_X8_Y4,9,L2_X6_Y3,5729.432612,15.994879,126.432612,427.630656,5603.0,6030.630656,25,2.164684,0.388526,1772649329.685382
FP000163,L0_X0_Y2,L0_X8_Y4,10,L2_X7_Y3,5745.4275,15.994888,142.4275,427.630656,5603.0,6030.630656,25,2.164684,0.388526,1772649329.685382
FP000163,L0_X0_Y2,L0_X8_Y4,11,L2_X8_Y3,5761.422397,15.994896,158.422397,427.630656,5603.0,6030.630656,25,2.164684,0.388526,1772649329.685382
FP000163,L0_X0_Y2,L0_X8_Y4,12,L2_X8_Y4,5777.441494,16.019097,174.441494,427.630656,5603.0,6030.630656,25,2.164684,0.388526,1772649329.685382
FP000163,L0_X0_Y2,L0_X8_Y4,13,L1_X8_Y4,5778.660694,1.2192,175.660694,427.630656,5603.0,6030.630656,25,2.164684,0.388526,1772649329.685382
FP000163,L0_X0_Y2,L0_X8_Y4,14,L0_X8_Y4,5779.879894,1.2192,176.879894,427.630656,5603.0,6030.630656,25,2.164684,0.388526,1772649329.685382
FP000163,L0_X0_Y2,L0_X8_Y4,15,L0_X8_Y4,5839.879894,60.0,236.879894,427.630656,5603.0,6030.630656,25,2.164684,0.388526,1772649329.685382
FP000163,L0_X0_Y2,L0_X8_Y4,16,L1_X8_Y4,5862.099094,22.2192,259.099094,427.630656,5603.0,6030.630656,25,2.164684,0.388526,1772649329.685382
FP000163,L0_X0_Y2,L0_X8_Y4,17,L1_X8_Y3,5878.118191,16.019097,275.118191,427.630656,5603.0,6030.630656,25,2.164684,0.388526,1772649329.685382
FP000163,L0_X0_Y2,L0_X8_Y4,18,L2_X8_Y3,5879.337391,1.2192,276.337391,427.630656,5603.0,6030.630656,25,2.164684,0.388526,1772649329.685382
FP000163,L0_X0_Y2,L0_X8_Y4,19,L3_X8_Y3,5880.556591,1.2192,277.556591,427.630656,5603.0,6030.630656,25,2.164684,0.388526,1772649329.685382
FP000163,L0_X0_Y2,L0_X8_Y4,20,L4_X8_Y3,5881.775791,1.2192,278.775791,427.630656,5603.0,6030.630656,25,2.164684,0.388526,1772649329.685382
FP000163,L0_X0_Y2,L0_X8_Y4,21,L4_X8_Y2,5897.794893,16.019102,294.794893,427.630656,5603.0,6030.630656,25,2.164684,0.388526,1772649329.685382
FP000163,L0_X0_Y2,L0_X8_Y4,22,L4_X7_Y2,5913.789793,15.994901,310.789793,427.630656,5603.0,6030.630656,25,2.164684,0.388526,1772649329.685382
FP000163,L0_X0_Y2,L0_X8_Y4,23,L4_X6_Y2,5929.784685,15.994892,326.784685,427.630656,5603.0,6030.630656,25,2.164684,0.388526,1772649329.685382
FP000163,L0_X0_Y2,L0_X8_Y4,24,L4_X5_Y2,5945.779568,15.994883,342.779568,427.630656,5603.0,6030.630656,25,2.164684,0.388526,1772649329.685382
FP000163,L0_X0_Y2,L0_X8_Y4,25,L4_X4_Y2,5961.774443,15.994875,358.774443,427.630656,5603.0,6030.630656,25,2.164684,0.388526,1772649329.685382
FP000163,L0_X0_Y2,L0_X8_Y4,26,L4_X3_Y2,5977.769309,15.994866,374.769309,427.630656,5603.0,6030.630656,25,2.164684,0.388526,1772649329.685382
FP000163,L0_X0_Y2,L0_X8_Y4,27,L4_X2_Y2,5993.764167,15.994857,390.764167,427.630656,5603.0,6030.630656,25,2.164684,0.388526,1772649329.685382
FP000163,L0_X0_Y2,L0_X8_Y4,28,L4_X1_Y2,6009.759015,15.994849,406.759015,427.630656,5603.0,6030.630656,25,2.164684,0.388526,1772649329.685382
FP000163,L0_X0_Y2,L0_X8_Y4,29,L4_X0_Y2,6025.753856,15.99484,422.753856,427.630656,5603.0,6030.630656,25,2.164684,0.388526,1772649329.685382
FP000163,L0_X0_Y2,L0_X8_Y4,30,L3_X0_Y2,6026.973056,1.2192,423.973056,427.630656,5603.0,6030.630656,25,2.164684,0.388526,1772649329.685382
FP000163,L0_X0_Y2,L0_X8_Y4,31,L2_X0_Y2,6028.192256,1.2192,425.192256,427.630656,5603.0,6030.630656,25,2.164684,0.388526,1772649329.685382
FP000163,L0_X0_Y2,L0_X8_Y4,32,L1_X0_Y2,6029.411456,1.2192,426.411456,427.630656,5603.0,6030.630656,25,2.164684,0.388526,1772649329.685382
FP000163,L0_X0_Y2,L0_X8_Y4,33,L0_X0_Y2,6030.630656,1.2192,427.630656,427.630656,5603.0,6030.630656,25,2.164684,0.388526,1772649329.685382
FP000164,L0_X0_Y2,L0_X11_Y3,0,L0_X0_Y2,5690.0,0.0,0.0,509.676244,5655.0,6164.676244,25,0.183764,2.222424,1772649329.928808
FP000164,L0_X0_Y2,L0_X11_Y3,1,L1_X0_Y2,5691.2192,1.2192,36.2192,509.676244,5655.0,6164.676244,25,0.183764,2.222424,1772649329.928808
FP000164,L0_X0_Y2,L0_X11_Y3,2,L2_X0_Y2,5692.4384,1.2192,37.4384,509.676244,5655.0,6164.676244,25,0.183764,2.222424,1772649329.928808
FP000164,L0_X0_Y2,L0_X11_Y3,3,L2_X1_Y2,5708.43324,15.99484,53.43324,509.676244,5655.0,6164.676244,25,0.183764,2.222424,1772649329.928808
FP000164,L0_X0_Y2,L0_X11_Y3,4,L2_X2_Y2,5724.428089,15.994849,69.428089,509.676244,5655.0,6164.676244,25,0.183764,2.222424,1772649329.928808
FP000164,L0_X0_Y2,L0_X11_Y3,5,L2_X3_Y2,5740.422946,15.994857,85.422946,509.676244,5655.0,6164.676244,25,0.183764,2.222424,1772649329.928808
FP000164,L0_X0_Y2,L0_X11_Y3,6,L2_X4_Y2,5756.417812,15.994866,101.417812,509.676244,5655.0,6164.676244,25,0.183764,2.222424,1772649329.928808
FP000164,L0_X0_Y2,L0_X11_Y3,7,L2_X5_Y2,5772.412687,15.994875,117.412687,509.676244,5655.0,6164.676244,25,0.183764,2.222424,1772649329.928808
FP000164,L0_X0_Y2,L0_X11_Y3,8,L2_X6_Y2,5788.407571,15.994883,133.407571,509.676244,5655.0,6164.676244,25,0.183764,2.222424,1772649329.928808
FP000164,L0_X0_Y2,L0_X11_Y3,9,L2_X7_Y2,5804.402462,15.994892,149.402462,509.676244,5655.0,6164.676244,25,0.183764,2.222424,1772649329.928808
FP000164,L0_X0_Y2,L0_X11_Y3,10,L2_X8_Y2,5820.397363,15.994901,165.397363,509.676244,5655.0,6164.676244,25,0.183764,2.222424,1772649329.928808
FP000164,L0_X0_Y2,L0_X11_Y3,11,L2_X9_Y2,5836.392272,15.994909,181.392272,509.676244,5655.0,6164.676244,25,0.183764,2.222424,1772649329.928808
FP000164,L0_X0_Y2,L0_X11_Y3,12,L2_X9_Y3,5852.410628,16.018356,197.410628,509.676244,5655.0,6164.676244,25,0.183764,2.222424,1772649329.928808
FP000164,L0_X0_Y2,L0_X11_Y3,13,L2_X10_Y3,5868.405542,15.994914,213.405542,509.676244,5655.0,6164.676244,25,0.183764,2.222424,1772649329.928808
FP000164,L0_X0_Y2,L0_X11_Y3,14,L1_X10_Y3,5869.624742,1.2192,214.624742,509.676244,5655.0,6164.676244,25,0.183764,2.222424,1772649329.928808
FP000164,L0_X0_Y2,L0_X11_Y3,15,L1_X11_Y3,5885.619664,15.994922,230.619664,509.676244,5655.0,6164.676244,25,0.183764,2.222424,1772649329.928808
FP000164,L0_X0_Y2,L0_X11_Y3,16,L0_X11_Y3,5886.838864,1.2192,231.838864,509.676244,5655.0,6164.676244,25,0.183764,2.222424,1772649329.928808
FP000164,L0_X0_Y2,L0_X11_Y3,17,L0_X11_Y3,5946.838864,60.0,291.838864,509.676244,5655.0,6164.676244,25,0.183764,2.222424,1772649329.928808
FP000164,L0_X0_Y2,L0_X11_Y3,18,L1_X11_Y3,5969.058064,22.2192,314.058064,509.676244,5655.0,6164.676244,25,0.183764,2.222424,1772649329.928808
FP000164,L0_X0_Y2,L0_X11_Y3,19,L1_X11_Y2,5985.074928,16.016864,330.074928,509.676244,5655.0,6164.676244,25,0.183764,2.222424,1772649329.928808
FP000164,L0_X0_Y2,L0_X11_Y3,20,L2_X11_Y2,5986.294128,1.2192,331.294128,509.676244,5655.0,6164.676244,25,0.183764,2.222424,1772649329.928808
FP000164,L0_X0_Y2,L0_X11_Y3,21,L2_X10_Y2,6002.289054,15.994926,347.289054,509.676244,5655.0,6164.676244,25,0.183764,2.222424,1772649329.928808
FP000164,L0_X0_Y2,L0_X11_Y3,22,L2_X9_Y2,6018.283972,15.994918,363.283972,509.676244,5655.0,6164.676244,25,0.183764,2.222424,1772649329.928808
FP000164,L0_X0_Y2,L0_X11_Y3,23,L2_X8_Y2,6034.278881,15.994909,379.278881,509.676244,5655.0,6164.676244,25,0.183764,2.222424,1772649329.928808
FP000164,L0_X0_Y2,L0_X11_Y3,24,L2_X7_Y2,6050.273782,15.994901,395.273782,509.676244,5655.0,6164.676244,25,0.183764,2.222424,1772649329.928808
FP000164,L0_X0_Y2,L0_X11_Y3,25,L2_X6_Y2,6066.268674,15.994892,411.268674,509.676244,5655.0,6164.676244,25,0.183764,2.222424,1772649329.928808
FP000164,L0_X0_Y2,L0_X11_Y3,26,L2_X5_Y2,6082.263557,15.994883,427.263557,509.676244,5655.0,6164.676244,25,0.183764,2.222424,1772649329.928808
FP000164,L0_X0_Y2,L0_X11_Y3,27,L2_X4_Y2,6098.258432,15.994875,443.258432,509.676244,5655.0,6164.676244,25,0.183764,2.222424,1772649329.928808
FP000164,L0_X0_Y2,L0_X11_Y3,28,L2_X3_Y2,6114.253298,15.994866,459.253298,509.676244,5655.0,6164.676244,25,0.183764,2.222424,1772649329.928808
FP000164,L0_X0_Y2,L0_X11_Y3,29,L2_X2_Y2,6130.248155,15.994857,475.248155,509.676244,5655.0,6164.676244,25,0.183764,2.222424,1772649329.928808
FP000164,L0_X0_Y2,L0_X11_Y3,30,L2_X1_Y2,6146.243004,15.994849,491.243004,509.676244,5655.0,6164.676244,25,0.183764,2.222424,1772649329.928808
FP000164,L0_X0_Y2,L0_X11_Y3,31,L2_X0_Y2,6162.237844,15.99484,507.237844,509.676244,5655.0,6164.676244,25,0.183764,2.222424,1772649329.928808
FP000164,L0_X0_Y2,L0_X11_Y3,32,L1_X0_Y2,6163.457044,1.2192,508.457044,509.676244,5655.0,6164.676244,25,0.183764,2.222424,1772649329.928808
FP000164,L0_X0_Y2,L0_X11_Y3,33,L0_X0_Y2,6164.676244,1.2192,509.676244,509.676244,5655.0,6164.676244,25,0.183764,2.222424,1772649329.928808
FP000165,L0_X0_Y2,L0_X9_Y2,0,L0_X0_Y2,5711.0,0.0,0.0,424.661345,5665.0,6089.661345,25,0.114901,0.232071,1772649330.09353
FP000165,L0_X0_Y2,L0_X9_Y2,1,L1_X0_Y2,5712.2192,1.2192,47.2192,424.661345,5665.0,6089.661345,25,0.114901,0.232071,1772649330.09353
FP000165,L0_X0_Y2,L0_X9_Y2,2,L2_X0_Y2,5713.4384,1.2192,48.4384,424.661345,5665.0,6089.661345,25,0.114901,0.232071,1772649330.09353
FP000165,L0_X0_Y2,L0_X9_Y2,3,L2_X1_Y2,5729.43324,15.99484,64.43324,424.661345,5665.0,6089.661345,25,0.114901,0.232071,1772649330.09353
FP000165,L0_X0_Y2,L0_X9_Y2,4,L2_X2_Y2,5745.428089,15.994849,80.428089,424.661345,5665.0,6089.661345,25,0.114901,0.232071,1772649330.09353
FP000165,L0_X0_Y2,L0_X9_Y2,5,L2_X3_Y2,5761.422946,15.994857,96.422946,424.661345,5665.0,6089.661345,25,0.114901,0.232071,1772649330.09353
FP000165,L0_X0_Y2,L0_X9_Y2,6,L2_X4_Y2,5777.417812,15.994866,112.417812,424.661345,5665.0,6089.661345,25,0.114901,0.232071,1772649330.09353
FP000165,L0_X0_Y2,L0_X9_Y2,7,L2_X5_Y2,5793.412687,15.994875,128.412687,424.661345,5665.0,6089.661345,25,0.114901,0.232071,1772649330.09353
FP000165,L0_X0_Y2,L0_X9_Y2,8,L2_X6_Y2,5809.407571,15.994883,144.407571,424.661345,5665.0,6089.661345,25,0.114901,0.232071,1772649330.09353
FP000165,L0_X0_Y2,L0_X9_Y2,9,L2_X7_Y2,5825.402462,15.994892,160.402462,424.661345,5665.0,6089.661345,25,0.114901,0.232071,1772649330.09353
FP000165,L0_X0_Y2,L0_X9_Y2,10,L2_X8_Y2,5841.397363,15.994901,176.397363,424.661345,5665.0,6089.661345,25,0.114901,0.232071,1772649330.09353
FP000165,L0_X0_Y2,L0_X9_Y2,11,L2_X9_Y2,5857.392272,15.994909,192.392272,424.661345,5665.0,6089.661345,25,0.114901,0.232071,1772649330.09353
FP000165,L0_X0_Y2,L0_X9_Y2,12,L1_X9_Y2,5858.611472,1.2192,193.611472,424.661345,5665.0,6089.661345,25,0.114901,0.232071,1772649330.09353
FP000165,L0_X0_Y2,L0_X9_Y2,13,L0_X9_Y2,5859.830672,1.2192,194.830672,424.661345,5665.0,6089.661345,25,0.114901,0.232071,1772649330.09353
FP000165,L0_X0_Y2,L0_X9_Y2,14,L0_X9_Y2,5919.830672,60.0,254.830672,424.661345,5665.0,6089.661345,25,0.114901,0.232071,1772649330.09353
FP000165,L0_X0_Y2,L0_X9_Y2,15,L1_X9_Y2,5942.049872,22.2192,277.049872,424.661345,5665.0,6089.661345,25,0.114901,0.232071,1772649330.09353
FP000165,L0_X0_Y2,L0_X9_Y2,16,L2_X9_Y2,5943.269072,1.2192,278.269072,424.661345,5665.0,6089.661345,25,0.114901,0.232071,1772649330.09353
FP000165,L0_X0_Y2,L0_X9_Y2,17,L2_X8_Y2,5959.263981,15.994909,294.263981,424.661345,5665.0,6089.661345,25,0.114901,0.232071,1772649330.09353
FP000165,L0_X0_Y2,L0_X9_Y2,18,L2_X7_Y2,5975.258882,15.994901,310.258882,424.661345,5665.0,6089.661345,25,0.114901,0.232071,1772649330.09353
FP000165,L0_X0_Y2,L0_X9_Y2,19,L2_X6_Y2,5991.253774,15.994892,326.253774,424.661345,5665.0,6089.661345,25,0.114901,0.232071,1772649330.09353
FP000165,L0_X0_Y2,L0_X9_Y2,20,L2_X5_Y2,6007.248657,15.994883,342.248657,424.661345,5665.0,6089.661345,25,0.114901,0.232071,1772649330.09353
FP000165,L0_X0_Y2,L0_X9_Y2,21,L2_X4_Y2,6023.243532,15.994875,358.243532,424.661345,5665.0,6089.661345,25,0.114901,0.232071,1772649330.09353
FP000165,L0_X0_Y2,L0_X9_Y2,22,L2_X3_Y2,6039.238398,15.994866,374.238398,424.661345,5665.0,6089.661345,25,0.114901,0.232071,1772649330.09353
FP000165,L0_X0_Y2,L0_X9_Y2,23,L2_X2_Y2,6055.233256,15.994857,390.233256,424.661345,5665.0,6089.661345,25,0.114901,0.232071,1772649330.09353
FP000165,L0_X0_Y2,L0_X9_Y2,24,L2_X1_Y2,6071.228104,15.994849,406.228104,424.661345,5665.0,6089.661345,25,0.114901,0.232071,1772649330.09353
FP000165,L0_X0_Y2,L0_X9_Y2,25,L2_X0_Y2,6087.222945,15.99484,422.222945,424.661345,5665.0,6089.661345,25,0.114901,0.232071,1772649330.09353
FP000165,L0_X0_Y2,L0_X9_Y2,26,L1_X0_Y2,6088.442145,1.2192,423.442145,424.661345,5665.0,6089.661345,25,0.114901,0.232071,1772649330.09353
FP000165,L0_X0_Y2,L0_X9_Y2,27,L0_X0_Y2,6089.661345,1.2192,424.661345,424.661345,5665.0,6089.661345,25,0.114901,0.232071,1772649330.09353
FP000166,L0_X14_Y6,L0_X4_Y6,0,L0_X14_Y6,5730.0,0.0,0.0,479.598787,5730.0,6209.598787,25,0.169945,0.155163,1772649331.219831
FP000166,L0_X14_Y6,L0_X4_Y6,1,L1_X14_Y6,5731.2192,1.2192,1.2192,479.598787,5730.0,6209.598787,25,0.169945,0.155163,1772649331.219831
FP000166,L0_X14_Y6,L0_X4_Y6,2,L2_X14_Y6,5732.4384,1.2192,2.4384,479.598787,5730.0,6209.598787,25,0.169945,0.155163,1772649331.219831
FP000166,L0_X14_Y6,L0_X4_Y6,3,L2_X14_Y5,5748.453013,16.014613,18.453013,479.598787,5730.0,6209.598787,25,0.169945,0.155163,1772649331.219831
FP000166,L0_X14_Y6,L0_X4_Y6,4,L3_X14_Y5,5749.672213,1.2192,19.672213,479.598787,5730.0,6209.598787,25,0.169945,0.155163,1772649331.219831
FP000166,L0_X14_Y6,L0_X4_Y6,5,L3_X13_Y5,5765.667152,15.99494,35.667152,479.598787,5730.0,6209.598787,25,0.169945,0.155163,1772649331.219831
FP000166,L0_X14_Y6,L0_X4_Y6,6,L3_X12_Y5,5781.662084,15.994931,51.662084,479.598787,5730.0,6209.598787,25,0.169945,0.155163,1772649331.219831
FP000166,L0_X14_Y6,L0_X4_Y6,7,L3_X11_Y5,5797.657006,15.994923,67.657006,479.598787,5730.0,6209.598787,25,0.169945,0.155163,1772649331.219831
FP000166,L0_X14_Y6,L0_X4_Y6,8,L3_X10_Y5,5813.65192,15.994914,83.65192,479.598787,5730.0,6209.598787,25,0.169945,0.155163,1772649331.219831
FP000166,L0_X14_Y6,L0_X4_Y6,9,L3_X9_Y5,5829.646825,15.994905,99.646825,479.598787,5730.0,6209.598787,25,0.169945,0.155163,1772649331.219831
FP000166,L0_X14_Y6,L0_X4_Y6,10,L3_X8_Y5,5845.641722,15.994897,115.641722,479.598787,5730.0,6209.598787,25,0.169945,0.155163,1772649331.219831
FP000166,L0_X14_Y6,L0_X4_Y6,11,L3_X7_Y5,5861.63661,15.994888,131.63661,479.598787,5730.0,6209.598787,25,0.169945,0.155163,1772649331.219831
FP000166,L0_X14_Y6,L0_X4_Y6,12,L3_X6_Y5,5877.631489,15.994879,147.631489,479.598787,5730.0,6209.598787,25,0.169945,0.155163,1772649331.219831
FP000166,L0_X14_Y6,L0_X4_Y6,13,L3_X6_Y6,5893.652069,16.020579,163.652069,479.598787,5730.0,6209.598787,25,0.169945,0.155163,1772649331.219831
FP000166,L0_X14_Y6,L0_X4_Y6,14,L3_X5_Y6,5909.646935,15.994867,179.646935,479.598787,5730.0,6209.598787,25,0.169945,0.155163,1772649331.219831
FP000166,L0_X14_Y6,L0_X4_Y6,15,L3_X4_Y6,5925.641793,15.994858,195.641793,479.598787,5730.0,6209.598787,25,0.169945,0.155163,1772649331.219831
FP000166,L0_X14_Y6,L0_X4_Y6,16,L2_X4_Y6,5926.860993,1.2192,196.860993,479.598787,5730.0,6209.598787,25,0.169945,0.155163,1772649331.219831
FP000166,L0_X14_Y6,L0_X4_Y6,17,L1_X4_Y6,5928.080193,1.2192,198.080193,479.598787,5730.0,6209.598787,25,0.169945,0.155163,1772649331.219831
FP000166,L0_X14_Y6,L0_X4_Y6,18,L0_X4_Y6,5929.299393,1.2192,199.299393,479.598787,5730.0,6209.598787,25,0.169945,0.155163,1772649331.219831
FP000166,L0_X14_Y6,L0_X4_Y6,19,L0_X4_Y6,5989.299393,60.0,259.299393,479.598787,5730.0,6209.598787,25,0.169945,0.155163,1772649331.219831
FP000166,L0_X14_Y6,L0_X4_Y6,20,L1_X4_Y6,6011.518593,22.2192,281.518593,479.598787,5730.0,6209.598787,25,0.169945,0.155163,1772649331.219831
FP000166,L0_X14_Y6,L0_X4_Y6,21,L2_X4_Y6,6012.737793,1.2192,282.737793,479.598787,5730.0,6209.598787,25,0.169945,0.155163,1772649331.219831
FP000166,L0_X14_Y6,L0_X4_Y6,22,L3_X4_Y6,6013.956993,1.2192,283.956993,479.598787,5730.0,6209.598787,25,0.169945,0.155163,1772649331.219831
FP000166,L0_X14_Y6,L0_X4_Y6,23,L3_X5_Y6,6029.951851,15.994858,299.951851,479.598787,5730.0,6209.598787,25,0.169945,0.155163,1772649331.219831
FP000166,L0_X14_Y6,L0_X4_Y6,24,L3_X6_Y6,6045.946718,15.994867,315.946718,479.598787,5730.0,6209.598787,25,0.169945,0.155163,1772649331.219831
FP000166,L0_X14_Y6,L0_X4_Y6,25,L3_X6_Y5,6061.967297,16.020579,331.967297,479.598787,5730.0,6209.598787,25,0.169945,0.155163,1772649331.219831
FP000166,L0_X14_Y6,L0_X4_Y6,26,L3_X7_Y5,6077.962177,15.994879,347.962177,479.598787,5730.0,6209.598787,25,0.169945,0.155163,1772649331.219831
FP000166,L0_X14_Y6,L0_X4_Y6,27,L3_X8_Y5,6093.957065,15.994888,363.957065,479.598787,5730.0,6209.598787,25,0.169945,0.155163,1772649331.219831
FP000166,L0_X14_Y6,L0_X4_Y6,28,L3_X9_Y5,6109.951961,15.994897,379.951961,479.598787,5730.0,6209.598787,25,0.169945,0.155163,1772649331.219831
FP000166,L0_X14_Y6,L0_X4_Y6,29,L3_X10_Y5,6125.946867,15.994905,395.946867,479.598787,5730.0,6209.598787,25,0.169945,0.155163,1772649331.219831
FP000166,L0_X14_Y6,L0_X4_Y6,30,L3_X11_Y5,6141.94178,15.994914,411.94178,479.598787,5730.0,6209.598787,25,0.169945,0.155163,1772649331.219831
FP000166,L0_X14_Y6,L0_X4_Y6,31,L3_X12_Y5,6157.936703,15.994923,427.936703,479.598787,5730.0,6209.598787,25,0.169945,0.155163,1772649331.219831
FP000166,L0_X14_Y6,L0_X4_Y6,32,L3_X13_Y5,6173.931634,15.994931,443.931634,479.598787,5730.0,6209.598787,25,0.169945,0.155163,1772649331.219831
FP000166,L0_X14_Y6,L0_X4_Y6,33,L3_X14_Y5,6189.926574,15.99494,459.926574,479.598787,5730.0,6209.598787,25,0.169945,0.155163,1772649331.219831
FP000166,L0_X14_Y6,L0_X4_Y6,34,L3_X14_Y6,6205.941187,16.014613,475.941187,479.598787,5730.0,6209.598787,25,0.169945,0.155163,1772649331.219831
FP000166,L0_X14_Y6,L0_X4_Y6,35,L2_X14_Y6,6207.160387,1.2192,477.160387,479.598787,5730.0,6209.598787,25,0.169945,0.155163,1772649331.219831
FP000166,L0_X14_Y6,L0_X4_Y6,36,L1_X14_Y6,6208.379587,1.2192,478.379587,479.598787,5730.0,6209.598787,25,0.169945,0.155163,1772649331.219831
FP000166,L0_X14_Y6,L0_X4_Y6,37,L0_X14_Y6,6209.598787,1.2192,479.598787,479.598787,5730.0,6209.598787,25,0.169945,0.155163,1772649331.219831
FP000167,L0_X14_Y6,L0_X14_Y0,0,L0_X14_Y6,5763.0,0.0,0.0,290.244275,5763.0,6053.244275,25,0.080321,0.220948,1772649332.222999
FP000167,L0_X14_Y6,L0_X14_Y0,1,L1_X14_Y6,5764.2192,1.2192,1.2192,290.244275,5763.0,6053.244275,25,0.080321,0.220948,1772649332.222999
FP000167,L0_X14_Y6,L0_X14_Y0,2,L2_X14_Y6,5765.4384,1.2192,2.4384,290.244275,5763.0,6053.244275,25,0.080321,0.220948,1772649332.222999
FP000167,L0_X14_Y6,L0_X14_Y0,3,L2_X14_Y5,5781.453013,16.014613,18.453013,290.244275,5763.0,6053.244275,25,0.080321,0.220948,1772649332.222999
FP000167,L0_X14_Y6,L0_X14_Y0,4,L3_X14_Y5,5782.672213,1.2192,19.672213,290.244275,5763.0,6053.244275,25,0.080321,0.220948,1772649332.222999
FP000167,L0_X14_Y6,L0_X14_Y0,5,L3_X14_Y4,5798.686829,16.014617,35.686829,290.244275,5763.0,6053.244275,25,0.080321,0.220948,1772649332.222999
FP000167,L0_X14_Y6,L0_X14_Y0,6,L3_X14_Y3,5814.70145,16.014621,51.70145,290.244275,5763.0,6053.244275,25,0.080321,0.220948,1772649332.222999
FP000167,L0_X14_Y6,L0_X14_Y0,7,L3_X14_Y2,5830.716075,16.014625,67.716075,290.244275,5763.0,6053.244275,25,0.080321,0.220948,1772649332.222999
FP000167,L0_X14_Y6,L0_X14_Y0,8,L3_X14_Y1,5846.730704,16.014629,83.730704,290.244275,5763.0,6053.244275,25,0.080321,0.220948,1772649332.222999
FP000167,L0_X14_Y6,L0_X14_Y0,9,L2_X14_Y1,5847.949904,1.2192,84.949904,290.244275,5763.0,6053.244275,25,0.080321,0.220948,1772649332.222999
FP000167,L0_X14_Y6,L0_X14_Y0,10,L2_X14_Y0,5863.964538,16.014633,100.964538,290.244275,5763.0,6053.244275,25,0.080321,0.220948,1772649332.222999
FP000167,L0_X14_Y6,L0_X14_Y0,11,L1_X14_Y0,5865.183738,1.2192,102.183738,290.244275,5763.0,6053.244275,25,0.080321,0.220948,1772649332.222999
FP000167,L0_X14_Y6,L0_X14_Y0,12,L0_X14_Y0,5866.402938,1.2192,103.402938,290.244275,5763.0,6053.244275,25,0.080321,0.220948,1772649332.222999
FP000167,L0_X14_Y6,L0_X14_Y0,13,L0_X14_Y0,5926.402938,60.0,163.402938,290.244275,5763.0,6053.244275,25,0.080321,0.220948,1772649332.222999
FP000167,L0_X14_Y6,L0_X14_Y0,14,L1_X14_Y0,5948.622138,22.2192,185.622138,290.244275,5763.0,6053.244275,25,0.080321,0.220948,1772649332.222999
FP000167,L0_X14_Y6,L0_X14_Y0,15,L2_X14_Y0,5949.841338,1.2192,186.841338,290.244275,5763.0,6053.244275,25,0.080321,0.220948,1772649332.222999
FP000167,L0_X14_Y6,L0_X14_Y0,16,L2_X14_Y1,5965.855971,16.014633,202.855971,290.244275,5763.0,6053.244275,25,0.080321,0.220948,1772649332.222999
FP000167,L0_X14_Y6,L0_X14_Y0,17,L3_X14_Y1,5967.075171,1.2192,204.075171,290.244275,5763.0,6053.244275,25,0.080321,0.220948,1772649332.222999
FP000167,L0_X14_Y6,L0_X14_Y0,18,L3_X14_Y2,5983.0898,16.014629,220.0898,290.244275,5763.0,6053.244275,25,0.080321,0.220948,1772649332.222999
FP000167,L0_X14_Y6,L0_X14_Y0,19,L3_X14_Y3,5999.104425,16.014625,236.104425,290.244275,5763.0,6053.244275,25,0.080321,0.220948,1772649332.222999
FP000167,L0_X14_Y6,L0_X14_Y0,20,L3_X14_Y4,6015.119046,16.014621,252.119046,290.244275,5763.0,6053.244275,25,0.080321,0.220948,1772649332.222999
FP000167,L0_X14_Y6,L0_X14_Y0,21,L3_X14_Y5,6031.133662,16.014617,268.133662,290.244275,5763.0,6053.244275,25,0.080321,0.220948,1772649332.222999
FP000167,L0_X14_Y6,L0_X14_Y0,22,L3_X14_Y6,6047.148275,16.014613,284.148275,290.244275,5763.0,6053.244275,25,0.080321,0.220948,1772649332.222999
FP000167,L0_X14_Y6,L0_X14_Y0,23,L4_X14_Y6,6048.367475,1.2192,285.367475,290.244275,5763.0,6053.244275,25,0.080321,0.220948,1772649332.222999
FP000167,L0_X14_Y6,L0_X14_Y0,24,L3_X14_Y6,6049.586675,1.2192,286.586675,290.244275,5763.0,6053.244275,25,0.080321,0.220948,1772649332.222999
FP000167,L0_X14_Y6,L0_X14_Y0,25,L2_X14_Y6,6050.805875,1.2192,287.805875,290.244275,5763.0,6053.244275,25,0.080321,0.220948,1772649332.222999
FP000167,L0_X14_Y6,L0_X14_Y0,26,L1_X14_Y6,6052.025075,1.2192,289.025075,290.244275,5763.0,6053.244275,25,0.080321,0.220948,1772649332.222999
FP000167,L0_X14_Y6,L0_X14_Y0,27,L0_X14_Y6,6053.244275,1.2192,290.244275,290.244275,5763.0,6053.244275,25,0.080321,0.220948,1772649332.222999
FP000168,L0_X14_Y6,L0_X11_Y6,0,L0_X14_Y6,5928.0,0.0,0.0,186.723162,5928.0,6114.723162,25,0.010522,0.117311,1772649337.658762
FP000168,L0_X14_Y6,L0_X11_Y6,1,L1_X14_Y6,5929.2192,1.2192,1.2192,186.723162,5928.0,6114.723162,25,0.010522,0.117311,1772649337.658762
FP000168,L0_X14_Y6,L0_X11_Y6,2,L2_X14_Y6,5930.4384,1.2192,2.4384,186.723162,5928.0,6114.723162,25,0.010522,0.117311,1772649337.658762
FP000168,L0_X14_Y6,L0_X11_Y6,3,L2_X13_Y6,5946.433336,15.994936,18.433336,186.723162,5928.0,6114.723162,25,0.010522,0.117311,1772649337.658762
FP000168,L0_X14_Y6,L0_X11_Y6,4,L2_X12_Y6,5962.428263,15.994927,34.428263,186.723162,5928.0,6114.723162,25,0.010522,0.117311,1772649337.658762
FP000168,L0_X14_Y6,L0_X11_Y6,5,L2_X11_Y6,5978.423181,15.994918,50.423181,186.723162,5928.0,6114.723162,25,0.010522,0.117311,1772649337.658762
FP000168,L0_X14_Y6,L0_X11_Y6,6,L1_X11_Y6,5979.642381,1.2192,51.642381,186.723162,5928.0,6114.723162,25,0.010522,0.117311,1772649337.658762
FP000168,L0_X14_Y6,L0_X11_Y6,7,L0_X11_Y6,5980.861581,1.2192,52.861581,186.723162,5928.0,6114.723162,25,0.010522,0.117311,1772649337.658762
FP000168,L0_X14_Y6,L0_X11_Y6,8,L0_X11_Y6,6040.861581,60.0,112.861581,186.723162,5928.0,6114.723162,25,0.010522,0.117311,1772649337.658762
FP000168,L0_X14_Y6,L0_X11_Y6,9,L1_X11_Y6,6063.080781,22.2192,135.080781,186.723162,5928.0,6114.723162,25,0.010522,0.117311,1772649337.658762
FP000168,L0_X14_Y6,L0_X11_Y6,10,L2_X11_Y6,6064.299981,1.2192,136.299981,186.723162,5928.0,6114.723162,25,0.010522,0.117311,1772649337.658762
FP000168,L0_X14_Y6,L0_X11_Y6,11,L2_X12_Y6,6080.294899,15.994918,152.294899,186.723162,5928.0,6114.723162,25,0.010522,0.117311,1772649337.658762
FP000168,L0_X14_Y6,L0_X11_Y6,12,L2_X13_Y6,6096.289826,15.994927,168.289826,186.723162,5928.0,6114.723162,25,0.010522,0.117311,1772649337.658762
FP000168,L0_X14_Y6,L0_X11_Y6,13,L2_X14_Y6,6112.284762,15.994936,184.284762,186.723162,5928.0,6114.723162,25,0.010522,0.117311,1772649337.658762
FP000168,L0_X14_Y6,L0_X11_Y6,14,L1_X14_Y6,6113.503962,1.2192,185.503962,186.723162,5928.0,6114.723162,25,0.010522,0.117311,1772649337.658762
FP000168,L0_X14_Y6,L0_X11_Y6,15,L0_X14_Y6,6114.723162,1.2192,186.723162,186.723162,5928.0,6114.723162,25,0.010522,0.117311,1772649337.658762
FP000169,L0_X14_Y6,L0_X8_Y3,0,L0_X14_Y6,5949.0,0.0,0.0,383.782646,5944.0,6327.782646,25,0.129705,0.041899,1772649338.311306
FP000169,L0_X14_Y6,L0_X8_Y3,1,L1_X14_Y6,5950.2192,1.2192,6.2192,383.782646,5944.0,6327.782646,25,0.129705,0.041899,1772649338.311306
FP000169,L0_X14_Y6,L0_X8_Y3,2,L2_X14_Y6,5951.4384,1.2192,7.4384,383.782646,5944.0,6327.782646,25,0.129705,0.041899,1772649338.311306
FP000169,L0_X14_Y6,L0_X8_Y3,3,L2_X13_Y6,5967.433336,15.994936,23.433336,383.782646,5944.0,6327.782646,25,0.129705,0.041899,1772649338.311306
FP000169,L0_X14_Y6,L0_X8_Y3,4,L2_X13_Y5,5983.448694,16.015359,39.448694,383.782646,5944.0,6327.782646,25,0.129705,0.041899,1772649338.311306
FP000169,L0_X14_Y6,L0_X8_Y3,5,L2_X13_Y4,5999.464057,16.015363,55.464057,383.782646,5944.0,6327.782646,25,0.129705,0.041899,1772649338.311306
FP000169,L0_X14_Y6,L0_X8_Y3,6,L2_X13_Y3,6015.479424,16.015367,71.479424,383.782646,5944.0,6327.782646,25,0.129705,0.041899,1772649338.311306
FP000169,L0_X14_Y6,L0_X8_Y3,7,L2_X12_Y3,6031.474364,15.99494,87.474364,383.782646,5944.0,6327.782646,25,0.129705,0.041899,1772649338.311306
FP000169,L0_X14_Y6,L0_X8_Y3,8,L2_X11_Y3,6047.469295,15.994931,103.469295,383.782646,5944.0,6327.782646,25,0.129705,0.041899,1772649338.311306
FP000169,L0_X14_Y6,L0_X8_Y3,9,L2_X10_Y3,6063.464217,15.994922,119.464217,383.782646,5944.0,6327.782646,25,0.129705,0.041899,1772649338.311306
FP000169,L0_X14_Y6,L0_X8_Y3,10,L2_X9_Y3,6079.459131,15.994914,135.459131,383.782646,5944.0,6327.782646,25,0.129705,0.041899,1772649338.311306
FP000169,L0_X14_Y6,L0_X8_Y3,11,L2_X8_Y3,6095.454036,15.994905,151.454036,383.782646,5944.0,6327.782646,25,0.129705,0.041899,1772649338.311306
FP000169,L0_X14_Y6,L0_X8_Y3,12,L1_X8_Y3,6096.673236,1.2192,152.673236,383.782646,5944.0,6327.782646,25,0.129705,0.041899,1772649338.311306
FP000169,L0_X14_Y6,L0_X8_Y3,13,L0_X8_Y3,6097.892436,1.2192,153.892436,383.782646,5944.0,6327.782646,25,0.129705,0.041899,1772649338.311306
FP000169,L0_X14_Y6,L0_X8_Y3,14,L0_X8_Y3,6157.892436,60.0,213.892436,383.782646,5944.0,6327.782646,25,0.129705,0.041899,1772649338.311306
FP000169,L0_X14_Y6,L0_X8_Y3,15,L1_X8_Y3,6180.111636,22.2192,236.111636,383.782646,5944.0,6327.782646,25,0.129705,0.041899,1772649338.311306
FP000169,L0_X14_Y6,L0_X8_Y3,16,L1_X9_Y3,6196.106541,15.994905,252.106541,383.782646,5944.0,6327.782646,25,0.129705,0.041899,1772649338.311306
FP000169,L0_X14_Y6,L0_X8_Y3,17,L2_X9_Y3,6197.325741,1.2192,253.325741,383.782646,5944.0,6327.782646,25,0.129705,0.041899,1772649338.311306
FP000169,L0_X14_Y6,L0_X8_Y3,18,L2_X10_Y3,6213.320654,15.994914,269.320654,383.782646,5944.0,6327.782646,25,0.129705,0.041899,1772649338.311306
FP000169,L0_X14_Y6,L0_X8_Y3,19,L2_X11_Y3,6229.315577,15.994922,285.315577,383.782646,5944.0,6327.782646,25,0.129705,0.041899,1772649338.311306
FP000169,L0_X14_Y6,L0_X8_Y3,20,L2_X12_Y3,6245.310508,15.994931,301.310508,383.782646,5944.0,6327.782646,25,0.129705,0.041899,1772649338.311306
FP000169,L0_X14_Y6,L0_X8_Y3,21,L2_X13_Y3,6261.305447,15.99494,317.305447,383.782646,5944.0,6327.782646,25,0.129705,0.041899,1772649338.311306
FP000169,L0_X14_Y6,L0_X8_Y3,22,L2_X14_Y3,6277.300395,15.994948,333.300395,383.782646,5944.0,6327.782646,25,0.129705,0.041899,1772649338.311306
FP000169,L0_X14_Y6,L0_X8_Y3,23,L2_X14_Y4,6293.315016,16.014621,349.315016,383.782646,5944.0,6327.782646,25,0.129705,0.041899,1772649338.311306
FP000169,L0_X14_Y6,L0_X8_Y3,24,L2_X14_Y5,6309.329633,16.014617,365.329633,383.782646,5944.0,6327.782646,25,0.129705,0.041899,1772649338.311306
FP000169,L0_X14_Y6,L0_X8_Y3,25,L2_X14_Y6,6325.344246,16.014613,381.344246,383.782646,5944.0,6327.782646,25,0.129705,0.041899,1772649338.311306
FP000169,L0_X14_Y6,L0_X8_Y3,26,L1_X14_Y6,6326.563446,1.2192,382.563446,383.782646,5944.0,6327.782646,25,0.129705,0.041899,1772649338.311306
FP000169,L0_X14_Y6,L0_X8_Y3,27,L0_X14_Y6,6327.782646,1.2192,383.782646,383.782646,5944.0,6327.782646,25,0.129705,0.041899,1772649338.311306
FP000170,L0_X0_Y2,L0_X8_Y2,0,L0_X0_Y2,6051.0,0.0,0.0,359.109926,6041.0,6400.109926,25,0.086861,0.171817,1772649341.50015
FP000170,L0_X0_Y2,L0_X8_Y2,1,L1_X0_Y2,6052.2192,1.2192,11.2192,359.109926,6041.0,6400.109926,25,0.086861,0.171817,1772649341.50015
FP000170,L0_X0_Y2,L0_X8_Y2,2,L2_X0_Y2,6053.4384,1.2192,12.4384,359.109926,6041.0,6400.109926,25,0.086861,0.171817,1772649341.50015
FP000170,L0_X0_Y2,L0_X8_Y2,3,L3_X0_Y2,6054.6576,1.2192,13.6576,359.109926,6041.0,6400.109926,25,0.086861,0.171817,1772649341.50015
FP000170,L0_X0_Y2,L0_X8_Y2,4,L3_X1_Y2,6070.65244,15.99484,29.65244,359.109926,6041.0,6400.109926,25,0.086861,0.171817,1772649341.50015
FP000170,L0_X0_Y2,L0_X8_Y2,5,L3_X2_Y2,6086.647289,15.994849,45.647289,359.109926,6041.0,6400.109926,25,0.086861,0.171817,1772649341.50015
FP000170,L0_X0_Y2,L0_X8_Y2,6,L3_X3_Y2,6102.642146,15.994857,61.642146,359.109926,6041.0,6400.109926,25,0.086861,0.171817,1772649341.50015
FP000170,L0_X0_Y2,L0_X8_Y2,7,L3_X4_Y2,6118.637012,15.994866,77.637012,359.109926,6041.0,6400.109926,25,0.086861,0.171817,1772649341.50015
FP000170,L0_X0_Y2,L0_X8_Y2,8,L3_X5_Y2,6134.631887,15.994875,93.631887,359.109926,6041.0,6400.109926,25,0.086861,0.171817,1772649341.50015
FP000170,L0_X0_Y2,L0_X8_Y2,9,L3_X6_Y2,6150.626771,15.994883,109.626771,359.109926,6041.0,6400.109926,25,0.086861,0.171817,1772649341.50015
FP000170,L0_X0_Y2,L0_X8_Y2,10,L3_X7_Y2,6166.621662,15.994892,125.621662,359.109926,6041.0,6400.109926,25,0.086861,0.171817,1772649341.50015
FP000170,L0_X0_Y2,L0_X8_Y2,11,L3_X8_Y2,6182.616563,15.994901,141.616563,359.109926,6041.0,6400.109926,25,0.086861,0.171817,1772649341.50015
FP000170,L0_X0_Y2,L0_X8_Y2,12,L2_X8_Y2,6183.835763,1.2192,142.835763,359.109926,6041.0,6400.109926,25,0.086861,0.171817,1772649341.50015
FP000170,L0_X0_Y2,L0_X8_Y2,13,L1_X8_Y2,6185.054963,1.2192,144.054963,359.109926,6041.0,6400.109926,25,0.086861,0.171817,1772649341.50015
FP000170,L0_X0_Y2,L0_X8_Y2,14,L0_X8_Y2,6186.274163,1.2192,145.274163,359.109926,6041.0,6400.109926,25,0.086861,0.171817,1772649341.50015
FP000170,L0_X0_Y2,L0_X8_Y2,15,L0_X8_Y2,6246.274163,60.0,205.274163,359.109926,6041.0,6400.109926,25,0.086861,0.171817,1772649341.50015
FP000170,L0_X0_Y2,L0_X8_Y2,16,L1_X8_Y2,6268.493363,22.2192,227.493363,359.109926,6041.0,6400.109926,25,0.086861,0.171817,1772649341.50015
FP000170,L0_X0_Y2,L0_X8_Y2,17,L2_X8_Y2,6269.712563,1.2192,228.712563,359.109926,6041.0,6400.109926,25,0.086861,0.171817,1772649341.50015
FP000170,L0_X0_Y2,L0_X8_Y2,18,L2_X7_Y2,6285.707464,15.994901,244.707464,359.109926,6041.0,6400.109926,25,0.086861,0.171817,1772649341.50015
FP000170,L0_X0_Y2,L0_X8_Y2,19,L2_X6_Y2,6301.702356,15.994892,260.702356,359.109926,6041.0,6400.109926,25,0.086861,0.171817,1772649341.50015
FP000170,L0_X0_Y2,L0_X8_Y2,20,L2_X5_Y2,6317.697239,15.994883,276.697239,359.109926,6041.0,6400.109926,25,0.086861,0.171817,1772649341.50015
FP000170,L0_X0_Y2,L0_X8_Y2,21,L2_X4_Y2,6333.692114,15.994875,292.692114,359.109926,6041.0,6400.109926,25,0.086861,0.171817,1772649341.50015
FP000170,L0_X0_Y2,L0_X8_Y2,22,L2_X3_Y2,6349.68698,15.994866,308.68698,359.109926,6041.0,6400.109926,25,0.086861,0.171817,1772649341.50015
FP000170,L0_X0_Y2,L0_X8_Y2,23,L2_X2_Y2,6365.681837,15.994857,324.681837,359.109926,6041.0,6400.109926,25,0.086861,0.171817,1772649341.50015
FP000170,L0_X0_Y2,L0_X8_Y2,24,L2_X1_Y2,6381.676686,15.994849,340.676686,359.109926,6041.0,6400.109926,25,0.086861,0.171817,1772649341.50015
FP000170,L0_X0_Y2,L0_X8_Y2,25,L2_X0_Y2,6397.671526,15.99484,356.671526,359.109926,6041.0,6400.109926,25,0.086861,0.171817,1772649341.50015
FP000170,L0_X0_Y2,L0_X8_Y2,26,L1_X0_Y2,6398.890726,1.2192,357.890726,359.109926,6041.0,6400.109926,25,0.086861,0.171817,1772649341.50015
FP000170,L0_X0_Y2,L0_X8_Y2,27,L0_X0_Y2,6400.109926,1.2192,359.109926,359.109926,6041.0,6400.109926,25,0.086861,0.171817,1772649341.50015
FP000172,L0_X14_Y6,L0_X4_Y6,0,L0_X14_Y6,6230.0,0.0,0.0,485.598787,6224.0,6709.598787,25,0.150145,0.005001,1772649347.663804
FP000172,L0_X14_Y6,L0_X4_Y6,1,L1_X14_Y6,6231.2192,1.2192,7.2192,485.598787,6224.0,6709.598787,25,0.150145,0.005001,1772649347.663804
FP000172,L0_X14_Y6,L0_X4_Y6,2,L2_X14_Y6,6232.4384,1.2192,8.4384,485.598787,6224.0,6709.598787,25,0.150145,0.005001,1772649347.663804
FP000172,L0_X14_Y6,L0_X4_Y6,3,L2_X14_Y5,6248.453013,16.014613,24.453013,485.598787,6224.0,6709.598787,25,0.150145,0.005001,1772649347.663804
FP000172,L0_X14_Y6,L0_X4_Y6,4,L3_X14_Y5,6249.672213,1.2192,25.672213,485.598787,6224.0,6709.598787,25,0.150145,0.005001,1772649347.663804
FP000172,L0_X14_Y6,L0_X4_Y6,5,L3_X13_Y5,6265.667152,15.99494,41.667152,485.598787,6224.0,6709.598787,25,0.150145,0.005001,1772649347.663804
FP000172,L0_X14_Y6,L0_X4_Y6,6,L3_X12_Y5,6281.662084,15.994931,57.662084,485.598787,6224.0,6709.598787,25,0.150145,0.005001,1772649347.663804
FP000172,L0_X14_Y6,L0_X4_Y6,7,L3_X11_Y5,6297.657006,15.994923,73.657006,485.598787,6224.0,6709.598787,25,0.150145,0.005001,1772649347.663804
FP000172,L0_X14_Y6,L0_X4_Y6,8,L3_X10_Y5,6313.65192,15.994914,89.65192,485.598787,6224.0,6709.598787,25,0.150145,0.005001,1772649347.663804
FP000172,L0_X14_Y6,L0_X4_Y6,9,L3_X9_Y5,6329.646825,15.994905,105.646825,485.598787,6224.0,6709.598787,25,0.150145,0.005001,1772649347.663804
FP000172,L0_X14_Y6,L0_X4_Y6,10,L3_X8_Y5,6345.641722,15.994897,121.641722,485.598787,6224.0,6709.598787,25,0.150145,0.005001,1772649347.663804
FP000172,L0_X14_Y6,L0_X4_Y6,11,L3_X7_Y5,6361.63661,15.994888,137.63661,485.598787,6224.0,6709.598787,25,0.150145,0.005001,1772649347.663804
FP000172,L0_X14_Y6,L0_X4_Y6,12,L3_X6_Y5,6377.631489,15.994879,153.631489,485.598787,6224.0,6709.598787,25,0.150145,0.005001,1772649347.663804
FP000172,L0_X14_Y6,L0_X4_Y6,13,L3_X6_Y6,6393.652069,16.020579,169.652069,485.598787,6224.0,6709.598787,25,0.150145,0.005001,1772649347.663804
FP000172,L0_X14_Y6,L0_X4_Y6,14,L3_X5_Y6,6409.646935,15.994867,185.646935,485.598787,6224.0,6709.598787,25,0.150145,0.005001,1772649347.663804
FP000172,L0_X14_Y6,L0_X4_Y6,15,L3_X4_Y6,6425.641793,15.994858,201.641793,485.598787,6224.0,6709.598787,25,0.150145,0.005001,1772649347.663804
FP000172,L0_X14_Y6,L0_X4_Y6,16,L2_X4_Y6,6426.860993,1.2192,202.860993,485.598787,6224.0,6709.598787,25,0.150145,0.005001,1772649347.663804
FP000172,L0_X14_Y6,L0_X4_Y6,17,L1_X4_Y6,6428.080193,1.2192,204.080193,485.598787,6224.0,6709.598787,25,0.150145,0.005001,1772649347.663804
FP000172,L0_X14_Y6,L0_X4_Y6,18,L0_X4_Y6,6429.299393,1.2192,205.299393,485.598787,6224.0,6709.598787,25,0.150145,0.005001,1772649347.663804
FP000172,L0_X14_Y6,L0_X4_Y6,19,L0_X4_Y6,6489.299393,60.0,265.299393,485.598787,6224.0,6709.598787,25,0.150145,0.005001,1772649347.663804
FP000172,L0_X14_Y6,L0_X4_Y6,20,L1_X4_Y6,6511.518593,22.2192,287.518593,485.598787,6224.0,6709.598787,25,0.150145,0.005001,1772649347.663804
FP000172,L0_X14_Y6,L0_X4_Y6,21,L2_X4_Y6,6512.737793,1.2192,288.737793,485.598787,6224.0,6709.598787,25,0.150145,0.005001,1772649347.663804
FP000172,L0_X14_Y6,L0_X4_Y6,22,L3_X4_Y6,6513.956993,1.2192,289.956993,485.598787,6224.0,6709.598787,25,0.150145,0.005001,1772649347.663804
FP000172,L0_X14_Y6,L0_X4_Y6,23,L3_X5_Y6,6529.951851,15.994858,305.951851,485.598787,6224.0,6709.598787,25,0.150145,0.005001,1772649347.663804
FP000172,L0_X14_Y6,L0_X4_Y6,24,L3_X6_Y6,6545.946718,15.994867,321.946718,485.598787,6224.0,6709.598787,25,0.150145,0.005001,1772649347.663804
FP000172,L0_X14_Y6,L0_X4_Y6,25,L3_X6_Y5,6561.967297,16.020579,337.967297,485.598787,6224.0,6709.598787,25,0.150145,0.005001,1772649347.663804
FP000172,L0_X14_Y6,L0_X4_Y6,26,L3_X7_Y5,6577.962177,15.994879,353.962177,485.598787,6224.0,6709.598787,25,0.150145,0.005001,1772649347.663804
FP000172,L0_X14_Y6,L0_X4_Y6,27,L3_X8_Y5,6593.957065,15.994888,369.957065,485.598787,6224.0,6709.598787,25,0.150145,0.005001,1772649347.663804
FP000172,L0_X14_Y6,L0_X4_Y6,28,L3_X9_Y5,6609.951961,15.994897,385.951961,485.598787,6224.0,6709.598787,25,0.150145,0.005001,1772649347.663804
FP000172,L0_X14_Y6,L0_X4_Y6,29,L3_X10_Y5,6625.946867,15.994905,401.946867,485.598787,6224.0,6709.598787,25,0.150145,0.005001,1772649347.663804
FP000172,L0_X14_Y6,L0_X4_Y6,30,L3_X11_Y5,6641.94178,15.994914,417.94178,485.598787,6224.0,6709.598787,25,0.150145,0.005001,1772649347.663804
FP000172,L0_X14_Y6,L0_X4_Y6,31,L3_X12_Y5,6657.936703,15.994923,433.936703,485.598787,6224.0,6709.598787,25,0.150145,0.005001,1772649347.663804
FP000172,L0_X14_Y6,L0_X4_Y6,32,L3_X13_Y5,6673.931634,15.994931,449.931634,485.598787,6224.0,6709.598787,25,0.150145,0.005001,1772649347.663804
FP000172,L0_X14_Y6,L0_X4_Y6,33,L3_X14_Y5,6689.926574,15.99494,465.926574,485.598787,6224.0,6709.598787,25,0.150145,0.005001,1772649347.663804
FP000172,L0_X14_Y6,L0_X4_Y6,34,L3_X14_Y6,6705.941187,16.014613,481.941187,485.598787,6224.0,6709.598787,25,0.150145,0.005001,1772649347.663804
FP000172,L0_X14_Y6,L0_X4_Y6,35,L2_X14_Y6,6707.160387,1.2192,483.160387,485.598787,6224.0,6709.598787,25,0.150145,0.005001,1772649347.663804
FP000172,L0_X14_Y6,L0_X4_Y6,36,L1_X14_Y6,6708.379587,1.2192,484.379587,485.598787,6224.0,6709.598787,25,0.150145,0.005001,1772649347.663804
FP000172,L0_X14_Y6,L0_X4_Y6,37,L0_X14_Y6,6709.598787,1.2192,485.598787,485.598787,6224.0,6709.598787,25,0.150145,0.005001,1772649347.663804
FP000173,L0_X14_Y6,L0_X1_Y5,0,L0_X14_Y6,6251.0,0.0,0.0,565.403514,6234.0,6799.403514,25,0.307218,0.213086,1772649348.16569
FP000173,L0_X14_Y6,L0_X1_Y5,1,L1_X14_Y6,6252.2192,1.2192,18.2192,565.403514,6234.0,6799.403514,25,0.307218,0.213086,1772649348.16569
FP000173,L0_X14_Y6,L0_X1_Y5,2,L2_X14_Y6,6253.4384,1.2192,19.4384,565.403514,6234.0,6799.403514,25,0.307218,0.213086,1772649348.16569
FP000173,L0_X14_Y6,L0_X1_Y5,3,L2_X14_Y5,6269.453013,16.014613,35.453013,565.403514,6234.0,6799.403514,25,0.307218,0.213086,1772649348.16569
FP000173,L0_X14_Y6,L0_X1_Y5,4,L2_X13_Y5,6285.447952,15.99494,51.447952,565.403514,6234.0,6799.403514,25,0.307218,0.213086,1772649348.16569
FP000173,L0_X14_Y6,L0_X1_Y5,5,L3_X13_Y5,6286.667152,1.2192,52.667152,565.403514,6234.0,6799.403514,25,0.307218,0.213086,1772649348.16569
FP000173,L0_X14_Y6,L0_X1_Y5,6,L3_X12_Y5,6302.662084,15.994931,68.662084,565.403514,6234.0,6799.403514,25,0.307218,0.213086,1772649348.16569
FP000173,L0_X14_Y6,L0_X1_Y5,7,L4_X12_Y5,6303.881284,1.2192,69.881284,565.403514,6234.0,6799.403514,25,0.307218,0.213086,1772649348.16569
FP000173,L0_X14_Y6,L0_X1_Y5,8,L4_X11_Y5,6319.876206,15.994923,85.876206,565.403514,6234.0,6799.403514,25,0.307218,0.213086,1772649348.16569
FP000173,L0_X14_Y6,L0_X1_Y5,9,L4_X10_Y5,6335.87112,15.994914,101.87112,565.403514,6234.0,6799.403514,25,0.307218,0.213086,1772649348.16569
FP000173,L0_X14_Y6,L0_X1_Y5,10,L4_X9_Y5,6351.866025,15.994905,117.866025,565.403514,6234.0,6799.403514,25,0.307218,0.213086,1772649348.16569
FP000173,L0_X14_Y6,L0_X1_Y5,11,L4_X8_Y5,6367.860922,15.994897,133.860922,565.403514,6234.0,6799.403514,25,0.307218,0.213086,1772649348.16569
FP000173,L0_X14_Y6,L0_X1_Y5,12,L4_X7_Y5,6383.85581,15.994888,149.85581,565.403514,6234.0,6799.403514,25,0.307218,0.213086,1772649348.16569
FP000173,L0_X14_Y6,L0_X1_Y5,13,L4_X6_Y5,6399.850689,15.994879,165.850689,565.403514,6234.0,6799.403514,25,0.307218,0.213086,1772649348.16569
FP000173,L0_X14_Y6,L0_X1_Y5,14,L4_X5_Y5,6415.84556,15.994871,181.84556,565.403514,6234.0,6799.403514,25,0.307218,0.213086,1772649348.16569
FP000173,L0_X14_Y6,L0_X1_Y5,15,L4_X4_Y5,6431.840422,15.994862,197.840422,565.403514,6234.0,6799.403514,25,0.307218,0.213086,1772649348.16569
FP000173,L0_X14_Y6,L0_X1_Y5,16,L4_X3_Y5,6447.835276,15.994853,213.835276,565.403514,6234.0,6799.403514,25,0.307218,0.213086,1772649348.16569
FP000173,L0_X14_Y6,L0_X1_Y5,17,L4_X2_Y5,6463.830121,15.994845,229.830121,565.403514,6234.0,6799.403514,25,0.307218,0.213086,1772649348.16569
FP000173,L0_X14_Y6,L0_X1_Y5,18,L4_X1_Y5,6479.824957,15.994836,245.824957,565.403514,6234.0,6799.403514,25,0.307218,0.213086,1772649348.16569
FP000173,L0_X14_Y6,L0_X1_Y5,19,L3_X1_Y5,6481.044157,1.2192,247.044157,565.403514,6234.0,6799.403514,25,0.307218,0.213086,1772649348.16569
FP000173,L0_X14_Y6,L0_X1_Y5,20,L2_X1_Y5,6482.263357,1.2192,248.263357,565.403514,6234.0,6799.403514,25,0.307218,0.213086,1772649348.16569
FP000173,L0_X14_Y6,L0_X1_Y5,21,L1_X1_Y5,6483.482557,1.2192,249.482557,565.403514,6234.0,6799.403514,25,0.307218,0.213086,1772649348.16569
FP000173,L0_X14_Y6,L0_X1_Y5,22,L0_X1_Y5,6484.701757,1.2192,250.701757,565.403514,6234.0,6799.403514,25,0.307218,0.213086,1772649348.16569
FP000173,L0_X14_Y6,L0_X1_Y5,23,L0_X1_Y5,6544.701757,60.0,310.701757,565.403514,6234.0,6799.403514,25,0.307218,0.213086,1772649348.16569
FP000173,L0_X14_Y6,L0_X1_Y5,24,L1_X1_Y5,6566.920957,22.2192,332.920957,565.403514,6234.0,6799.403514,25,0.307218,0.213086,1772649348.16569
FP000173,L0_X14_Y6,L0_X1_Y5,25,L2_X1_Y5,6568.140157,1.2192,334.140157,565.403514,6234.0,6799.403514,25,0.307218,0.213086,1772649348.16569
FP000173,L0_X14_Y6,L0_X1_Y5,26,L3_X1_Y5,6569.359357,1.2192,335.359357,565.403514,6234.0,6799.403514,25,0.307218,0.213086,1772649348.16569
FP000173,L0_X14_Y6,L0_X1_Y5,27,L4_X1_Y5,6570.578557,1.2192,336.578557,565.403514,6234.0,6799.403514,25,0.307218,0.213086,1772649348.16569
FP000173,L0_X14_Y6,L0_X1_Y5,28,L4_X2_Y5,6586.573393,15.994836,352.573393,565.403514,6234.0,6799.403514,25,0.307218,0.213086,1772649348.16569
FP000173,L0_X14_Y6,L0_X1_Y5,29,L4_X3_Y5,6602.568238,15.994845,368.568238,565.403514,6234.0,6799.403514,25,0.307218,0.213086,1772649348.16569
FP000173,L0_X14_Y6,L0_X1_Y5,30,L4_X4_Y5,6618.563091,15.994853,384.563091,565.403514,6234.0,6799.403514,25,0.307218,0.213086,1772649348.16569
FP000173,L0_X14_Y6,L0_X1_Y5,31,L3_X4_Y5,6619.782291,1.2192,385.782291,565.403514,6234.0,6799.403514,25,0.307218,0.213086,1772649348.16569
FP000173,L0_X14_Y6,L0_X1_Y5,32,L3_X5_Y5,6635.777154,15.994862,401.777154,565.403514,6234.0,6799.403514,25,0.307218,0.213086,1772649348.16569
FP000173,L0_X14_Y6,L0_X1_Y5,33,L3_X6_Y5,6651.772024,15.994871,417.772024,565.403514,6234.0,6799.403514,25,0.307218,0.213086,1772649348.16569
FP000173,L0_X14_Y6,L0_X1_Y5,34,L3_X7_Y5,6667.766904,15.994879,433.766904,565.403514,6234.0,6799.403514,25,0.307218,0.213086,1772649348.16569
FP000173,L0_X14_Y6,L0_X1_Y5,35,L3_X8_Y5,6683.761792,15.994888,449.761792,565.403514,6234.0,6799.403514,25,0.307218,0.213086,1772649348.16569
FP000173,L0_X14_Y6,L0_X1_Y5,36,L3_X9_Y5,6699.756688,15.994897,465.756688,565.403514,6234.0,6799.403514,25,0.307218,0.213086,1772649348.16569
FP000173,L0_X14_Y6,L0_X1_Y5,37,L3_X10_Y5,6715.751594,15.994905,481.751594,565.403514,6234.0,6799.403514,25,0.307218,0.213086,1772649348.16569
FP000173,L0_X14_Y6,L0_X1_Y5,38,L3_X11_Y5,6731.746507,15.994914,497.746507,565.403514,6234.0,6799.403514,25,0.307218,0.213086,1772649348.16569
FP000173,L0_X14_Y6,L0_X1_Y5,39,L3_X12_Y5,6747.74143,15.994923,513.74143,565.403514,6234.0,6799.403514,25,0.307218,0.213086,1772649348.16569
FP000173,L0_X14_Y6,L0_X1_Y5,40,L3_X13_Y5,6763.736361,15.994931,529.736361,565.403514,6234.0,6799.403514,25,0.307218,0.213086,1772649348.16569
FP000173,L0_X14_Y6,L0_X1_Y5,41,L2_X13_Y5,6764.955561,1.2192,530.955561,565.403514,6234.0,6799.403514,25,0.307218,0.213086,1772649348.16569
FP000173,L0_X14_Y6,L0_X1_Y5,42,L2_X14_Y5,6780.950501,15.99494,546.950501,565.403514,6234.0,6799.403514,25,0.307218,0.213086,1772649348.16569
FP000173,L0_X14_Y6,L0_X1_Y5,43,L2_X14_Y6,6796.965114,16.014613,562.965114,565.403514,6234.0,6799.403514,25,0.307218,0.213086,1772649348.16569
FP000173,L0_X14_Y6,L0_X1_Y5,44,L1_X14_Y6,6798.184314,1.2192,564.184314,565.403514,6234.0,6799.403514,25,0.307218,0.213086,1772649348.16569
FP000173,L0_X14_Y6,L0_X1_Y5,45,L0_X14_Y6,6799.403514,1.2192,565.403514,565.403514,6234.0,6799.403514,25,0.307218,0.213086,1772649348.16569
FP000174,L0_X0_Y2,L0_X11_Y0,0,L0_X0_Y2,6241.0,0.0,0.0,511.585313,6241.0,6752.585313,25,0.309298,0.380114,1772649348.548956
FP000174,L0_X0_Y2,L0_X11_Y0,1,L1_X0_Y2,6242.2192,1.2192,1.2192,511.585313,6241.0,6752.585313,25,0.309298,0.380114,1772649348.548956
FP000174,L0_X0_Y2,L0_X11_Y0,2,L2_X0_Y2,6243.4384,1.2192,2.4384,511.585313,6241.0,6752.585313,25,0.309298,0.380114,1772649348.548956
FP000174,L0_X0_Y2,L0_X11_Y0,3,L2_X1_Y2,6259.43324,15.99484,18.43324,511.585313,6241.0,6752.585313,25,0.309298,0.380114,1772649348.548956
FP000174,L0_X0_Y2,L0_X11_Y0,4,L2_X2_Y2,6275.428089,15.994849,34.428089,511.585313,6241.0,6752.585313,25,0.309298,0.380114,1772649348.548956
FP000174,L0_X0_Y2,L0_X11_Y0,5,L3_X2_Y2,6276.647289,1.2192,35.647289,511.585313,6241.0,6752.585313,25,0.309298,0.380114,1772649348.548956
FP000174,L0_X0_Y2,L0_X11_Y0,6,L3_X3_Y2,6292.642146,15.994857,51.642146,511.585313,6241.0,6752.585313,25,0.309298,0.380114,1772649348.548956
FP000174,L0_X0_Y2,L0_X11_Y0,7,L3_X4_Y2,6308.637012,15.994866,67.637012,511.585313,6241.0,6752.585313,25,0.309298,0.380114,1772649348.548956
FP000174,L0_X0_Y2,L0_X11_Y0,8,L3_X5_Y2,6324.631887,15.994875,83.631887,511.585313,6241.0,6752.585313,25,0.309298,0.380114,1772649348.548956
FP000174,L0_X0_Y2,L0_X11_Y0,9,L3_X6_Y2,6340.626771,15.994883,99.626771,511.585313,6241.0,6752.585313,25,0.309298,0.380114,1772649348.548956
FP000174,L0_X0_Y2,L0_X11_Y0,10,L3_X7_Y2,6356.621662,15.994892,115.621662,511.585313,6241.0,6752.585313,25,0.309298,0.380114,1772649348.548956
FP000174,L0_X0_Y2,L0_X11_Y0,11,L3_X8_Y2,6372.616563,15.994901,131.616563,511.585313,6241.0,6752.585313,25,0.309298,0.380114,1772649348.548956
FP000174,L0_X0_Y2,L0_X11_Y0,12,L3_X9_Y2,6388.611472,15.994909,147.611472,511.585313,6241.0,6752.585313,25,0.309298,0.380114,1772649348.548956
FP000174,L0_X0_Y2,L0_X11_Y0,13,L3_X10_Y2,6404.60639,15.994918,163.60639,511.585313,6241.0,6752.585313,25,0.309298,0.380114,1772649348.548956
FP000174,L0_X0_Y2,L0_X11_Y0,14,L3_X11_Y2,6420.601317,15.994926,179.601317,511.585313,6241.0,6752.585313,25,0.309298,0.380114,1772649348.548956
FP000174,L0_X0_Y2,L0_X11_Y0,15,L3_X11_Y1,6436.618184,16.016868,195.618184,511.585313,6241.0,6752.585313,25,0.309298,0.380114,1772649348.548956
FP000174,L0_X0_Y2,L0_X11_Y0,16,L3_X11_Y0,6452.635057,16.016872,211.635057,511.585313,6241.0,6752.585313,25,0.309298,0.380114,1772649348.548956
FP000174,L0_X0_Y2,L0_X11_Y0,17,L2_X11_Y0,6453.854257,1.2192,212.854257,511.585313,6241.0,6752.585313,25,0.309298,0.380114,1772649348.548956
FP000174,L0_X0_Y2,L0_X11_Y0,18,L1_X11_Y0,6455.073457,1.2192,214.073457,511.585313,6241.0,6752.585313,25,0.309298,0.380114,1772649348.548956
FP000174,L0_X0_Y2,L0_X11_Y0,19,L0_X11_Y0,6456.292657,1.2192,215.292657,511.585313,6241.0,6752.585313,25,0.309298,0.380114,1772649348.548956
FP000174,L0_X0_Y2,L0_X11_Y0,20,L0_X11_Y0,6516.292657,60.0,275.292657,511.585313,6241.0,6752.585313,25,0.309298,0.380114,1772649348.548956
FP000174,L0_X0_Y2,L0_X11_Y0,21,L1_X11_Y0,6538.511857,22.2192,297.511857,511.585313,6241.0,6752.585313,25,0.309298,0.380114,1772649348.548956
FP000174,L0_X0_Y2,L0_X11_Y0,22,L2_X11_Y0,6539.731057,1.2192,298.731057,511.585313,6241.0,6752.585313,25,0.309298,0.380114,1772649348.548956
FP000174,L0_X0_Y2,L0_X11_Y0,23,L3_X11_Y0,6540.950257,1.2192,299.950257,511.585313,6241.0,6752.585313,25,0.309298,0.380114,1772649348.548956
FP000174,L0_X0_Y2,L0_X11_Y0,24,L3_X11_Y1,6556.967129,16.016872,315.967129,511.585313,6241.0,6752.585313,25,0.309298,0.380114,1772649348.548956
FP000174,L0_X0_Y2,L0_X11_Y0,25,L3_X11_Y2,6572.983997,16.016868,331.983997,511.585313,6241.0,6752.585313,25,0.309298,0.380114,1772649348.548956
FP000174,L0_X0_Y2,L0_X11_Y0,26,L3_X10_Y2,6588.978923,15.994926,347.978923,511.585313,6241.0,6752.585313,25,0.309298,0.380114,1772649348.548956
FP000174,L0_X0_Y2,L0_X11_Y0,27,L3_X9_Y2,6604.973841,15.994918,363.973841,511.585313,6241.0,6752.585313,25,0.309298,0.380114,1772649348.548956
FP000174,L0_X0_Y2,L0_X11_Y0,28,L3_X8_Y2,6620.96875,15.994909,379.96875,511.585313,6241.0,6752.585313,25,0.309298,0.380114,1772649348.548956
FP000174,L0_X0_Y2,L0_X11_Y0,29,L3_X7_Y2,6636.963651,15.994901,395.963651,511.585313,6241.0,6752.585313,25,0.309298,0.380114,1772649348.548956
FP000174,L0_X0_Y2,L0_X11_Y0,30,L3_X6_Y2,6652.958543,15.994892,411.958543,511.585313,6241.0,6752.585313,25,0.309298,0.380114,1772649348.548956
FP000174,L0_X0_Y2,L0_X11_Y0,31,L3_X5_Y2,6668.953426,15.994883,427.953426,511.585313,6241.0,6752.585313,25,0.309298,0.380114,1772649348.548956
FP000174,L0_X0_Y2,L0_X11_Y0,32,L3_X4_Y2,6684.948301,15.994875,443.948301,511.585313,6241.0,6752.585313,25,0.309298,0.380114,1772649348.548956
FP000174,L0_X0_Y2,L0_X11_Y0,33,L3_X3_Y2,6700.943167,15.994866,459.943167,511.585313,6241.0,6752.585313,25,0.309298,0.380114,1772649348.548956
FP000174,L0_X0_Y2,L0_X11_Y0,34,L2_X3_Y2,6702.162367,1.2192,461.162367,511.585313,6241.0,6752.585313,25,0.309298,0.380114,1772649348.548956
FP000174,L0_X0_Y2,L0_X11_Y0,35,L2_X2_Y2,6718.157224,15.994857,477.157224,511.585313,6241.0,6752.585313,25,0.309298,0.380114,1772649348.548956
FP000174,L0_X0_Y2,L0_X11_Y0,36,L2_X1_Y2,6734.152073,15.994849,493.152073,511.585313,6241.0,6752.585313,25,0.309298,0.380114,1772649348.548956
FP000174,L0_X0_Y2,L0_X11_Y0,37,L2_X0_Y2,6750.146913,15.99484,509.146913,511.585313,6241.0,6752.585313,25,0.309298,0.380114,1772649348.548956
FP000174,L0_X0_Y2,L0_X11_Y0,38,L1_X0_Y2,6751.366113,1.2192,510.366113,511.585313,6241.0,6752.585313,25,0.309298,0.380114,1772649348.548956
FP000174,L0_X0_Y2,L0_X11_Y0,39,L0_X0_Y2,6752.585313,1.2192,511.585313,511.585313,6241.0,6752.585313,25,0.309298,0.380114,1772649348.548956
FP000175,L0_X14_Y6,L0_X1_Y6,0,L0_X14_Y6,6283.0,0.0,0.0,575.567831,6283.0,6858.567831,25,0.208833,0.373127,1772649349.687699
FP000175,L0_X14_Y6,L0_X1_Y6,1,L1_X14_Y6,6284.2192,1.2192,1.2192,575.567831,6283.0,6858.567831,25,0.208833,0.373127,1772649349.687699
FP000175,L0_X14_Y6,L0_X1_Y6,2,L2_X14_Y6,6285.4384,1.2192,2.4384,575.567831,6283.0,6858.567831,25,0.208833,0.373127,1772649349.687699
FP000175,L0_X14_Y6,L0_X1_Y6,3,L3_X14_Y6,6286.6576,1.2192,3.6576,575.567831,6283.0,6858.567831,25,0.208833,0.373127,1772649349.687699
FP000175,L0_X14_Y6,L0_X1_Y6,4,L3_X14_Y5,6302.672213,16.014613,19.672213,575.567831,6283.0,6858.567831,25,0.208833,0.373127,1772649349.687699
FP000175,L0_X14_Y6,L0_X1_Y6,5,L3_X13_Y5,6318.667152,15.99494,35.667152,575.567831,6283.0,6858.567831,25,0.208833,0.373127,1772649349.687699
FP000175,L0_X14_Y6,L0_X1_Y6,6,L3_X12_Y5,6334.662084,15.994931,51.662084,575.567831,6283.0,6858.567831,25,0.208833,0.373127,1772649349.687699
FP000175,L0_X14_Y6,L0_X1_Y6,7,L3_X11_Y5,6350.657006,15.994923,67.657006,575.567831,6283.0,6858.567831,25,0.208833,0.373127,1772649349.687699
FP000175,L0_X14_Y6,L0_X1_Y6,8,L3_X10_Y5,6366.65192,15.994914,83.65192,575.567831,6283.0,6858.567831,25,0.208833,0.373127,1772649349.687699
FP000175,L0_X14_Y6,L0_X1_Y6,9,L3_X9_Y5,6382.646825,15.994905,99.646825,575.567831,6283.0,6858.567831,25,0.208833,0.373127,1772649349.687699
FP000175,L0_X14_Y6,L0_X1_Y6,10,L3_X8_Y5,6398.641722,15.994897,115.641722,575.567831,6283.0,6858.567831,25,0.208833,0.373127,1772649349.687699
FP000175,L0_X14_Y6,L0_X1_Y6,11,L3_X7_Y5,6414.63661,15.994888,131.63661,575.567831,6283.0,6858.567831,25,0.208833,0.373127,1772649349.687699
FP000175,L0_X14_Y6,L0_X1_Y6,12,L3_X6_Y5,6430.631489,15.994879,147.631489,575.567831,6283.0,6858.567831,25,0.208833,0.373127,1772649349.687699
FP000175,L0_X14_Y6,L0_X1_Y6,13,L3_X6_Y6,6446.652069,16.020579,163.652069,575.567831,6283.0,6858.567831,25,0.208833,0.373127,1772649349.687699
FP000175,L0_X14_Y6,L0_X1_Y6,14,L3_X5_Y6,6462.646935,15.994867,179.646935,575.567831,6283.0,6858.567831,25,0.208833,0.373127,1772649349.687699
FP000175,L0_X14_Y6,L0_X1_Y6,15,L3_X4_Y6,6478.641793,15.994858,195.641793,575.567831,6283.0,6858.567831,25,0.208833,0.373127,1772649349.687699
FP000175,L0_X14_Y6,L0_X1_Y6,16,L3_X3_Y6,6494.636643,15.994849,211.636643,575.567831,6283.0,6858.567831,25,0.208833,0.373127,1772649349.687699
FP000175,L0_X14_Y6,L0_X1_Y6,17,L3_X2_Y6,6510.631483,15.994841,227.631483,575.567831,6283.0,6858.567831,25,0.208833,0.373127,1772649349.687699
FP000175,L0_X14_Y6,L0_X1_Y6,18,L3_X1_Y6,6526.626315,15.994832,243.626315,575.567831,6283.0,6858.567831,25,0.208833,0.373127,1772649349.687699
FP000175,L0_X14_Y6,L0_X1_Y6,19,L2_X1_Y6,6527.845515,1.2192,244.845515,575.567831,6283.0,6858.567831,25,0.208833,0.373127,1772649349.687699
FP000175,L0_X14_Y6,L0_X1_Y6,20,L1_X1_Y6,6529.064715,1.2192,246.064715,575.567831,6283.0,6858.567831,25,0.208833,0.373127,1772649349.687699
FP000175,L0_X14_Y6,L0_X1_Y6,21,L0_X1_Y6,6530.283915,1.2192,247.283915,575.567831,6283.0,6858.567831,25,0.208833,0.373127,1772649349.687699
FP000175,L0_X14_Y6,L0_X1_Y6,22,L0_X1_Y6,6590.283915,60.0,307.283915,575.567831,6283.0,6858.567831,25,0.208833,0.373127,1772649349.687699
FP000175,L0_X14_Y6,L0_X1_Y6,23,L1_X1_Y6,6612.503115,22.2192,329.503115,575.567831,6283.0,6858.567831,25,0.208833,0.373127,1772649349.687699
FP000175,L0_X14_Y6,L0_X1_Y6,24,L2_X1_Y6,6613.722315,1.2192,330.722315,575.567831,6283.0,6858.567831,25,0.208833,0.373127,1772649349.687699
FP000175,L0_X14_Y6,L0_X1_Y6,25,L3_X1_Y6,6614.941515,1.2192,331.941515,575.567831,6283.0,6858.567831,25,0.208833,0.373127,1772649349.687699
FP000175,L0_X14_Y6,L0_X1_Y6,26,L3_X2_Y6,6630.936347,15.994832,347.936347,575.567831,6283.0,6858.567831,25,0.208833,0.373127,1772649349.687699
FP000175,L0_X14_Y6,L0_X1_Y6,27,L3_X3_Y6,6646.931188,15.994841,363.931188,575.567831,6283.0,6858.567831,25,0.208833,0.373127,1772649349.687699
FP000175,L0_X14_Y6,L0_X1_Y6,28,L3_X4_Y6,6662.926037,15.994849,379.926037,575.567831,6283.0,6858.567831,25,0.208833,0.373127,1772649349.687699
FP000175,L0_X14_Y6,L0_X1_Y6,29,L3_X5_Y6,6678.920895,15.994858,395.920895,575.567831,6283.0,6858.567831,25,0.208833,0.373127,1772649349.687699
FP000175,L0_X14_Y6,L0_X1_Y6,30,L3_X6_Y6,6694.915762,15.994867,411.915762,575.567831,6283.0,6858.567831,25,0.208833,0.373127,1772649349.687699
FP000175,L0_X14_Y6,L0_X1_Y6,31,L3_X6_Y5,6710.936341,16.020579,427.936341,575.567831,6283.0,6858.567831,25,0.208833,0.373127,1772649349.687699
FP000175,L0_X14_Y6,L0_X1_Y6,32,L3_X7_Y5,6726.931221,15.994879,443.931221,575.567831,6283.0,6858.567831,25,0.208833,0.373127,1772649349.687699
FP000175,L0_X14_Y6,L0_X1_Y6,33,L3_X8_Y5,6742.926109,15.994888,459.926109,575.567831,6283.0,6858.567831,25,0.208833,0.373127,1772649349.687699
FP000175,L0_X14_Y6,L0_X1_Y6,34,L3_X9_Y5,6758.921005,15.994897,475.921005,575.567831,6283.0,6858.567831,25,0.208833,0.373127,1772649349.687699
FP000175,L0_X14_Y6,L0_X1_Y6,35,L3_X10_Y5,6774.915911,15.994905,491.915911,575.567831,6283.0,6858.567831,25,0.208833,0.373127,1772649349.687699
FP000175,L0_X14_Y6,L0_X1_Y6,36,L3_X11_Y5,6790.910824,15.994914,507.910824,575.567831,6283.0,6858.567831,25,0.208833,0.373127,1772649349.687699
FP000175,L0_X14_Y6,L0_X1_Y6,37,L3_X12_Y5,6806.905747,15.994923,523.905747,575.567831,6283.0,6858.567831,25,0.208833,0.373127,1772649349.687699
FP000175,L0_X14_Y6,L0_X1_Y6,38,L3_X13_Y5,6822.900678,15.994931,539.900678,575.567831,6283.0,6858.567831,25,0.208833,0.373127,1772649349.687699
FP000175,L0_X14_Y6,L0_X1_Y6,39,L3_X14_Y5,6838.895618,15.99494,555.895618,575.567831,6283.0,6858.567831,25,0.208833,0.373127,1772649349.687699
FP000175,L0_X14_Y6,L0_X1_Y6,40,L3_X14_Y6,6854.910231,16.014613,571.910231,575.567831,6283.0,6858.567831,25,0.208833,0.373127,1772649349.687699
FP000175,L0_X14_Y6,L0_X1_Y6,41,L2_X14_Y6,6856.129431,1.2192,573.129431,575.567831,6283.0,6858.567831,25,0.208833,0.373127,1772649349.687699
FP000175,L0_X14_Y6,L0_X1_Y6,42,L1_X14_Y6,6857.348631,1.2192,574.348631,575.567831,6283.0,6858.567831,25,0.208833,0.373127,1772649349.687699
FP000175,L0_X14_Y6,L0_X1_Y6,43,L0_X14_Y6,6858.567831,1.2192,575.567831,575.567831,6283.0,6858.567831,25,0.208833,0.373127,1772649349.687699
FP000176,L0_X0_Y2,L0_X3_Y3,0,L0_X0_Y2,6361.0,0.0,0.0,218.770578,6361.0,6579.770578,25,0.019684,0.290802,1772649352.101506
FP000176,L0_X0_Y2,L0_X3_Y3,1,L1_X0_Y2,6362.2192,1.2192,1.2192,218.770578,6361.0,6579.770578,25,0.019684,0.290802,1772649352.101506
FP000176,L0_X0_Y2,L0_X3_Y3,2,L2_X0_Y2,6363.4384,1.2192,2.4384,218.770578,6361.0,6579.770578,25,0.019684,0.290802,1772649352.101506
FP000176,L0_X0_Y2,L0_X3_Y3,3,L2_X0_Y3,6379.463467,16.025067,18.463467,218.770578,6361.0,6579.770578,25,0.019684,0.290802,1772649352.101506
FP000176,L0_X0_Y2,L0_X3_Y3,4,L2_X1_Y3,6395.458303,15.994836,34.458303,218.770578,6361.0,6579.770578,25,0.019684,0.290802,1772649352.101506
FP000176,L0_X0_Y2,L0_X3_Y3,5,L2_X2_Y3,6411.453148,15.994845,50.453148,218.770578,6361.0,6579.770578,25,0.019684,0.290802,1772649352.101506
FP000176,L0_X0_Y2,L0_X3_Y3,6,L2_X3_Y3,6427.448001,15.994853,66.448001,218.770578,6361.0,6579.770578,25,0.019684,0.290802,1772649352.101506
FP000176,L0_X0_Y2,L0_X3_Y3,7,L1_X3_Y3,6428.667201,1.2192,67.667201,218.770578,6361.0,6579.770578,25,0.019684,0.290802,1772649352.101506
FP000176,L0_X0_Y2,L0_X3_Y3,8,L0_X3_Y3,6429.886401,1.2192,68.886401,218.770578,6361.0,6579.770578,25,0.019684,0.290802,1772649352.101506
FP000176,L0_X0_Y2,L0_X3_Y3,9,L0_X3_Y3,6489.886401,60.0,128.886401,218.770578,6361.0,6579.770578,25,0.019684,0.290802,1772649352.101506
FP000176,L0_X0_Y2,L0_X3_Y3,10,L1_X3_Y3,6512.105601,22.2192,151.105601,218.770578,6361.0,6579.770578,25,0.019684,0.290802,1772649352.101506
FP000176,L0_X0_Y2,L0_X3_Y3,11,L2_X3_Y3,6513.324801,1.2192,152.324801,218.770578,6361.0,6579.770578,25,0.019684,0.290802,1772649352.101506
FP000176,L0_X0_Y2,L0_X3_Y3,12,L2_X3_Y2,6529.347631,16.022831,168.347631,218.770578,6361.0,6579.770578,25,0.019684,0.290802,1772649352.101506
FP000176,L0_X0_Y2,L0_X3_Y3,13,L2_X2_Y2,6545.342489,15.994857,184.342489,218.770578,6361.0,6579.770578,25,0.019684,0.290802,1772649352.101506
FP000176,L0_X0_Y2,L0_X3_Y3,14,L2_X1_Y2,6561.337338,15.994849,200.337338,218.770578,6361.0,6579.770578,25,0.019684,0.290802,1772649352.101506
FP000176,L0_X0_Y2,L0_X3_Y3,15,L2_X0_Y2,6577.332178,15.99484,216.332178,218.770578,6361.0,6579.770578,25,0.019684,0.290802,1772649352.101506
FP000176,L0_X0_Y2,L0_X3_Y3,16,L1_X0_Y2,6578.551378,1.2192,217.551378,218.770578,6361.0,6579.770578,25,0.019684,0.290802,1772649352.101506
FP000176,L0_X0_Y2,L0_X3_Y3,17,L0_X0_Y2,6579.770578,1.2192,218.770578,218.770578,6361.0,6579.770578,25,0.019684,0.290802,1772649352.101506
FP000177,L0_X0_Y2,L0_X4_Y3,0,L0_X0_Y2,6421.0,0.0,0.0,253.756595,6418.0,6671.756595,25,0.051935,0.052296,1772649354.027793
FP000177,L0_X0_Y2,L0_X4_Y3,1,L1_X0_Y2,6422.2192,1.2192,4.2192,253.756595,6418.0,6671.756595,25,0.051935,0.052296,1772649354.027793
FP000177,L0_X0_Y2,L0_X4_Y3,2,L2_X0_Y2,6423.4384,1.2192,5.4384,253.756595,6418.0,6671.756595,25,0.051935,0.052296,1772649354.027793
FP000177,L0_X0_Y2,L0_X4_Y3,3,L2_X1_Y2,6439.43324,15.99484,21.43324,253.756595,6418.0,6671.756595,25,0.051935,0.052296,1772649354.027793
FP000177,L0_X0_Y2,L0_X4_Y3,4,L2_X2_Y2,6455.428089,15.994849,37.428089,253.756595,6418.0,6671.756595,25,0.051935,0.052296,1772649354.027793
FP000177,L0_X0_Y2,L0_X4_Y3,5,L2_X3_Y2,6471.422946,15.994857,53.422946,253.756595,6418.0,6671.756595,25,0.051935,0.052296,1772649354.027793
FP000177,L0_X0_Y2,L0_X4_Y3,6,L2_X4_Y2,6487.417812,15.994866,69.417812,253.756595,6418.0,6671.756595,25,0.051935,0.052296,1772649354.027793
FP000177,L0_X0_Y2,L0_X4_Y3,7,L2_X4_Y3,6503.439897,16.022085,85.439897,253.756595,6418.0,6671.756595,25,0.051935,0.052296,1772649354.027793
FP000177,L0_X0_Y2,L0_X4_Y3,8,L1_X4_Y3,6504.659097,1.2192,86.659097,253.756595,6418.0,6671.756595,25,0.051935,0.052296,1772649354.027793
FP000177,L0_X0_Y2,L0_X4_Y3,9,L0_X4_Y3,6505.878297,1.2192,87.878297,253.756595,6418.0,6671.756595,25,0.051935,0.052296,1772649354.027793
FP000177,L0_X0_Y2,L0_X4_Y3,10,L0_X4_Y3,6565.878297,60.0,147.878297,253.756595,6418.0,6671.756595,25,0.051935,0.052296,1772649354.027793
FP000177,L0_X0_Y2,L0_X4_Y3,11,L1_X4_Y3,6588.097497,22.2192,170.097497,253.756595,6418.0,6671.756595,25,0.051935,0.052296,1772649354.027793
FP000177,L0_X0_Y2,L0_X4_Y3,12,L2_X4_Y3,6589.316697,1.2192,171.316697,253.756595,6418.0,6671.756595,25,0.051935,0.052296,1772649354.027793
FP000177,L0_X0_Y2,L0_X4_Y3,13,L2_X4_Y2,6605.338782,16.022085,187.338782,253.756595,6418.0,6671.756595,25,0.051935,0.052296,1772649354.027793
FP000177,L0_X0_Y2,L0_X4_Y3,14,L2_X3_Y2,6621.333648,15.994866,203.333648,253.756595,6418.0,6671.756595,25,0.051935,0.052296,1772649354.027793
FP000177,L0_X0_Y2,L0_X4_Y3,15,L2_X2_Y2,6637.328506,15.994857,219.328506,253.756595,6418.0,6671.756595,25,0.051935,0.052296,1772649354.027793
FP000177,L0_X0_Y2,L0_X4_Y3,16,L2_X1_Y2,6653.323355,15.994849,235.323355,253.756595,6418.0,6671.756595,25,0.051935,0.052296,1772649354.027793
FP000177,L0_X0_Y2,L0_X4_Y3,17,L2_X0_Y2,6669.318195,15.99484,251.318195,253.756595,6418.0,6671.756595,25,0.051935,0.052296,1772649354.027793
FP000177,L0_X0_Y2,L0_X4_Y3,18,L1_X0_Y2,6670.537395,1.2192,252.537395,253.756595,6418.0,6671.756595,25,0.051935,0.052296,1772649354.027793
FP000177,L0_X0_Y2,L0_X4_Y3,19,L0_X0_Y2,6671.756595,1.2192,253.756595,253.756595,6418.0,6671.756595,25,0.051935,0.052296,1772649354.027793
FP000178,L0_X0_Y2,L0_X13_Y6,0,L0_X0_Y2,6442.0,0.0,0.0,639.743711,6437.0,7076.743711,25,0.272445,0.083638,1772649354.886518
FP000178,L0_X0_Y2,L0_X13_Y6,1,L1_X0_Y2,6443.2192,1.2192,6.2192,639.743711,6437.0,7076.743711,25,0.272445,0.083638,1772649354.886518
FP000178,L0_X0_Y2,L0_X13_Y6,2,L2_X0_Y2,6444.4384,1.2192,7.4384,639.743711,6437.0,7076.743711,25,0.272445,0.083638,1772649354.886518
FP000178,L0_X0_Y2,L0_X13_Y6,3,L2_X1_Y2,6460.43324,15.99484,23.43324,639.743711,6437.0,7076.743711,25,0.272445,0.083638,1772649354.886518
FP000178,L0_X0_Y2,L0_X13_Y6,4,L2_X2_Y2,6476.428089,15.994849,39.428089,639.743711,6437.0,7076.743711,25,0.272445,0.083638,1772649354.886518
FP000178,L0_X0_Y2,L0_X13_Y6,5,L2_X3_Y2,6492.422946,15.994857,55.422946,639.743711,6437.0,7076.743711,25,0.272445,0.083638,1772649354.886518
FP000178,L0_X0_Y2,L0_X13_Y6,6,L2_X4_Y2,6508.417812,15.994866,71.417812,639.743711,6437.0,7076.743711,25,0.272445,0.083638,1772649354.886518
FP000178,L0_X0_Y2,L0_X13_Y6,7,L2_X5_Y2,6524.412687,15.994875,87.412687,639.743711,6437.0,7076.743711,25,0.272445,0.083638,1772649354.886518
FP000178,L0_X0_Y2,L0_X13_Y6,8,L2_X6_Y2,6540.407571,15.994883,103.407571,639.743711,6437.0,7076.743711,25,0.272445,0.083638,1772649354.886518
FP000178,L0_X0_Y2,L0_X13_Y6,9,L2_X7_Y2,6556.402462,15.994892,119.402462,639.743711,6437.0,7076.743711,25,0.272445,0.083638,1772649354.886518
FP000178,L0_X0_Y2,L0_X13_Y6,10,L2_X8_Y2,6572.397363,15.994901,135.397363,639.743711,6437.0,7076.743711,25,0.272445,0.083638,1772649354.886518
FP000178,L0_X0_Y2,L0_X13_Y6,11,L2_X9_Y2,6588.392272,15.994909,151.392272,639.743711,6437.0,7076.743711,25,0.272445,0.083638,1772649354.886518
FP000178,L0_X0_Y2,L0_X13_Y6,12,L2_X10_Y2,6604.38719,15.994918,167.38719,639.743711,6437.0,7076.743711,25,0.272445,0.083638,1772649354.886518
FP000178,L0_X0_Y2,L0_X13_Y6,13,L2_X11_Y2,6620.382117,15.994926,183.382117,639.743711,6437.0,7076.743711,25,0.272445,0.083638,1772649354.886518
FP000178,L0_X0_Y2,L0_X13_Y6,14,L2_X12_Y2,6636.377052,15.994935,199.377052,639.743711,6437.0,7076.743711,25,0.272445,0.083638,1772649354.886518
FP000178,L0_X0_Y2,L0_X13_Y6,15,L2_X13_Y2,6652.371995,15.994944,215.371995,639.743711,6437.0,7076.743711,25,0.272445,0.083638,1772649354.886518
FP000178,L0_X0_Y2,L0_X13_Y6,16,L2_X13_Y3,6668.387367,16.015371,231.387367,639.743711,6437.0,7076.743711,25,0.272445,0.083638,1772649354.886518
FP000178,L0_X0_Y2,L0_X13_Y6,17,L1_X13_Y3,6669.606567,1.2192,232.606567,639.743711,6437.0,7076.743711,25,0.272445,0.083638,1772649354.886518
FP000178,L0_X0_Y2,L0_X13_Y6,18,L1_X13_Y4,6685.621934,16.015367,248.621934,639.743711,6437.0,7076.743711,25,0.272445,0.083638,1772649354.886518
FP000178,L0_X0_Y2,L0_X13_Y6,19,L1_X13_Y5,6701.637297,16.015363,264.637297,639.743711,6437.0,7076.743711,25,0.272445,0.083638,1772649354.886518
FP000178,L0_X0_Y2,L0_X13_Y6,20,L1_X13_Y6,6717.652655,16.015359,280.652655,639.743711,6437.0,7076.743711,25,0.272445,0.083638,1772649354.886518
FP000178,L0_X0_Y2,L0_X13_Y6,21,L0_X13_Y6,6718.871855,1.2192,281.871855,639.743711,6437.0,7076.743711,25,0.272445,0.083638,1772649354.886518
FP000178,L0_X0_Y2,L0_X13_Y6,22,L0_X13_Y6,6778.871855,60.0,341.871855,639.743711,6437.0,7076.743711,25,0.272445,0.083638,1772649354.886518
FP000178,L0_X0_Y2,L0_X13_Y6,23,L1_X13_Y6,6801.091055,22.2192,364.091055,639.743711,6437.0,7076.743711,25,0.272445,0.083638,1772649354.886518
FP000178,L0_X0_Y2,L0_X13_Y6,24,L1_X13_Y5,6817.106414,16.015359,380.106414,639.743711,6437.0,7076.743711,25,0.272445,0.083638,1772649354.886518
FP000178,L0_X0_Y2,L0_X13_Y6,25,L1_X13_Y4,6833.121777,16.015363,396.121777,639.743711,6437.0,7076.743711,25,0.272445,0.083638,1772649354.886518
FP000178,L0_X0_Y2,L0_X13_Y6,26,L2_X13_Y4,6834.340977,1.2192,397.340977,639.743711,6437.0,7076.743711,25,0.272445,0.083638,1772649354.886518
FP000178,L0_X0_Y2,L0_X13_Y6,27,L2_X13_Y3,6850.356344,16.015367,413.356344,639.743711,6437.0,7076.743711,25,0.272445,0.083638,1772649354.886518
FP000178,L0_X0_Y2,L0_X13_Y6,28,L2_X13_Y2,6866.371715,16.015371,429.371715,639.743711,6437.0,7076.743711,25,0.272445,0.083638,1772649354.886518
FP000178,L0_X0_Y2,L0_X13_Y6,29,L2_X12_Y2,6882.366659,15.994944,445.366659,639.743711,6437.0,7076.743711,25,0.272445,0.083638,1772649354.886518
FP000178,L0_X0_Y2,L0_X13_Y6,30,L2_X11_Y2,6898.361594,15.994935,461.361594,639.743711,6437.0,7076.743711,25,0.272445,0.083638,1772649354.886518
FP000178,L0_X0_Y2,L0_X13_Y6,31,L2_X10_Y2,6914.356521,15.994926,477.356521,639.743711,6437.0,7076.743711,25,0.272445,0.083638,1772649354.886518
FP000178,L0_X0_Y2,L0_X13_Y6,32,L2_X9_Y2,6930.351439,15.994918,493.351439,639.743711,6437.0,7076.743711,25,0.272445,0.083638,1772649354.886518
FP000178,L0_X0_Y2,L0_X13_Y6,33,L2_X8_Y2,6946.346348,15.994909,509.346348,639.743711,6437.0,7076.743711,25,0.272445,0.083638,1772649354.886518
FP000178,L0_X0_Y2,L0_X13_Y6,34,L2_X7_Y2,6962.341248,15.994901,525.341248,639.743711,6437.0,7076.743711,25,0.272445,0.083638,1772649354.886518
FP000178,L0_X0_Y2,L0_X13_Y6,35,L2_X6_Y2,6978.33614,15.994892,541.33614,639.743711,6437.0,7076.743711,25,0.272445,0.083638,1772649354.886518
FP000178,L0_X0_Y2,L0_X13_Y6,36,L2_X5_Y2,6994.331024,15.994883,557.331024,639.743711,6437.0,7076.743711,25,0.272445,0.083638,1772649354.886518
FP000178,L0_X0_Y2,L0_X13_Y6,37,L2_X4_Y2,7010.325898,15.994875,573.325898,639.743711,6437.0,7076.743711,25,0.272445,0.083638,1772649354.886518
FP000178,L0_X0_Y2,L0_X13_Y6,38,L2_X3_Y2,7026.320764,15.994866,589.320764,639.743711,6437.0,7076.743711,25,0.272445,0.083638,1772649354.886518
FP000178,L0_X0_Y2,L0_X13_Y6,39,L2_X2_Y2,7042.315622,15.994857,605.315622,639.743711,6437.0,7076.743711,25,0.272445,0.083638,1772649354.886518
FP000178,L0_X0_Y2,L0_X13_Y6,40,L2_X1_Y2,7058.310471,15.994849,621.310471,639.743711,6437.0,7076.743711,25,0.272445,0.083638,1772649354.886518
FP000178,L0_X0_Y2,L0_X13_Y6,41,L2_X0_Y2,7074.305311,15.99484,637.305311,639.743711,6437.0,7076.743711,25,0.272445,0.083638,1772649354.886518
FP000178,L0_X0_Y2,L0_X13_Y6,42,L1_X0_Y2,7075.524511,1.2192,638.524511,639.743711,6437.0,7076.743711,25,0.272445,0.083638,1772649354.886518
FP000178,L0_X0_Y2,L0_X13_Y6,43,L0_X0_Y2,7076.743711,1.2192,639.743711,639.743711,6437.0,7076.743711,25,0.272445,0.083638,1772649354.886518
FP000179,L0_X14_Y6,L0_X4_Y3,0,L0_X14_Y6,6567.0,0.0,0.0,506.739487,6567.0,7073.739487,25,0.233914,0.331585,1772649359.182818
FP000179,L0_X14_Y6,L0_X4_Y3,1,L1_X14_Y6,6568.2192,1.2192,1.2192,506.739487,6567.0,7073.739487,25,0.233914,0.331585,1772649359.182818
FP000179,L0_X14_Y6,L0_X4_Y3,2,L2_X14_Y6,6569.4384,1.2192,2.4384,506.739487,6567.0,7073.739487,25,0.233914,0.331585,1772649359.182818
FP000179,L0_X14_Y6,L0_X4_Y3,3,L2_X14_Y5,6585.453013,16.014613,18.453013,506.739487,6567.0,7073.739487,25,0.233914,0.331585,1772649359.182818
FP000179,L0_X14_Y6,L0_X4_Y3,4,L2_X14_Y4,6601.467629,16.014617,34.467629,506.739487,6567.0,7073.739487,25,0.233914,0.331585,1772649359.182818
FP000179,L0_X14_Y6,L0_X4_Y3,5,L2_X14_Y3,6617.48225,16.014621,50.48225,506.739487,6567.0,7073.739487,25,0.233914,0.331585,1772649359.182818
FP000179,L0_X14_Y6,L0_X4_Y3,6,L2_X13_Y3,6633.477198,15.994948,66.477198,506.739487,6567.0,7073.739487,25,0.233914,0.331585,1772649359.182818
FP000179,L0_X14_Y6,L0_X4_Y3,7,L2_X12_Y3,6649.472138,15.99494,82.472138,506.739487,6567.0,7073.739487,25,0.233914,0.331585,1772649359.182818
FP000179,L0_X14_Y6,L0_X4_Y3,8,L2_X11_Y3,6665.467069,15.994931,98.467069,506.739487,6567.0,7073.739487,25,0.233914,0.331585,1772649359.182818
FP000179,L0_X14_Y6,L0_X4_Y3,9,L2_X10_Y3,6681.461991,15.994922,114.461991,506.739487,6567.0,7073.739487,25,0.233914,0.331585,1772649359.182818
FP000179,L0_X14_Y6,L0_X4_Y3,10,L2_X9_Y3,6697.456905,15.994914,130.456905,506.739487,6567.0,7073.739487,25,0.233914,0.331585,1772649359.182818
FP000179,L0_X14_Y6,L0_X4_Y3,11,L2_X8_Y3,6713.45181,15.994905,146.45181,506.739487,6567.0,7073.739487,25,0.233914,0.331585,1772649359.182818
FP000179,L0_X14_Y6,L0_X4_Y3,12,L2_X7_Y3,6729.446706,15.994896,162.446706,506.739487,6567.0,7073.739487,25,0.233914,0.331585,1772649359.182818
FP000179,L0_X14_Y6,L0_X4_Y3,13,L2_X6_Y3,6745.441594,15.994888,178.441594,506.739487,6567.0,7073.739487,25,0.233914,0.331585,1772649359.182818
FP000179,L0_X14_Y6,L0_X4_Y3,14,L1_X6_Y3,6746.660794,1.2192,179.660794,506.739487,6567.0,7073.739487,25,0.233914,0.331585,1772649359.182818
FP000179,L0_X14_Y6,L0_X4_Y3,15,L1_X5_Y3,6762.655673,15.994879,195.655673,506.739487,6567.0,7073.739487,25,0.233914,0.331585,1772649359.182818
FP000179,L0_X14_Y6,L0_X4_Y3,16,L1_X4_Y3,6778.650544,15.994871,211.650544,506.739487,6567.0,7073.739487,25,0.233914,0.331585,1772649359.182818
FP000179,L0_X14_Y6,L0_X4_Y3,17,L0_X4_Y3,6779.869744,1.2192,212.869744,506.739487,6567.0,7073.739487,25,0.233914,0.331585,1772649359.182818
FP000179,L0_X14_Y6,L0_X4_Y3,18,L0_X4_Y3,6839.869744,60.0,272.869744,506.739487,6567.0,7073.739487,25,0.233914,0.331585,1772649359.182818
FP000179,L0_X14_Y6,L0_X4_Y3,19,L1_X4_Y3,6862.088944,22.2192,295.088944,506.739487,6567.0,7073.739487,25,0.233914,0.331585,1772649359.182818
FP000179,L0_X14_Y6,L0_X4_Y3,20,L1_X5_Y3,6878.083814,15.994871,311.083814,506.739487,6567.0,7073.739487,25,0.233914,0.331585,1772649359.182818
FP000179,L0_X14_Y6,L0_X4_Y3,21,L1_X6_Y3,6894.078693,15.994879,327.078693,506.739487,6567.0,7073.739487,25,0.233914,0.331585,1772649359.182818
FP000179,L0_X14_Y6,L0_X4_Y3,22,L1_X7_Y3,6910.073581,15.994888,343.073581,506.739487,6567.0,7073.739487,25,0.233914,0.331585,1772649359.182818
FP000179,L0_X14_Y6,L0_X4_Y3,23,L1_X8_Y3,6926.068477,15.994896,359.068477,506.739487,6567.0,7073.739487,25,0.233914,0.331585,1772649359.182818
FP000179,L0_X14_Y6,L0_X4_Y3,24,L1_X9_Y3,6942.063382,15.994905,375.063382,506.739487,6567.0,7073.739487,25,0.233914,0.331585,1772649359.182818
FP000179,L0_X14_Y6,L0_X4_Y3,25,L1_X10_Y3,6958.058296,15.994914,391.058296,506.739487,6567.0,7073.739487,25,0.233914,0.331585,1772649359.182818
FP000179,L0_X14_Y6,L0_X4_Y3,26,L1_X11_Y3,6974.053218,15.994922,407.053218,506.739487,6567.0,7073.739487,25,0.233914,0.331585,1772649359.182818
FP000179,L0_X14_Y6,L0_X4_Y3,27,L1_X12_Y3,6990.048149,15.994931,423.048149,506.739487,6567.0,7073.739487,25,0.233914,0.331585,1772649359.182818
FP000179,L0_X14_Y6,L0_X4_Y3,28,L1_X13_Y3,7006.043089,15.99494,439.043089,506.739487,6567.0,7073.739487,25,0.233914,0.331585,1772649359.182818
FP000179,L0_X14_Y6,L0_X4_Y3,29,L2_X13_Y3,7007.262289,1.2192,440.262289,506.739487,6567.0,7073.739487,25,0.233914,0.331585,1772649359.182818
FP000179,L0_X14_Y6,L0_X4_Y3,30,L2_X14_Y3,7023.257237,15.994948,456.257237,506.739487,6567.0,7073.739487,25,0.233914,0.331585,1772649359.182818
FP000179,L0_X14_Y6,L0_X4_Y3,31,L2_X14_Y4,7039.271858,16.014621,472.271858,506.739487,6567.0,7073.739487,25,0.233914,0.331585,1772649359.182818
FP000179,L0_X14_Y6,L0_X4_Y3,32,L2_X14_Y5,7055.286475,16.014617,488.286475,506.739487,6567.0,7073.739487,25,0.233914,0.331585,1772649359.182818
FP000179,L0_X14_Y6,L0_X4_Y3,33,L2_X14_Y6,7071.301087,16.014613,504.301087,506.739487,6567.0,7073.739487,25,0.233914,0.331585,1772649359.182818
FP000179,L0_X14_Y6,L0_X4_Y3,34,L1_X14_Y6,7072.520287,1.2192,505.520287,506.739487,6567.0,7073.739487,25,0.233914,0.331585,1772649359.182818
FP000179,L0_X14_Y6,L0_X4_Y3,35,L0_X14_Y6,7073.739487,1.2192,506.739487,506.739487,6567.0,7073.739487,25,0.233914,0.331585,1772649359.182818
FP000180,L0_X14_Y6,L0_X11_Y3,0,L0_X14_Y6,6588.0,0.0,0.0,308.566022,6572.0,6880.566022,25,0.611027,0.300823,1772649359.861612
FP000180,L0_X14_Y6,L0_X11_Y3,1,L1_X14_Y6,6589.2192,1.2192,17.2192,308.566022,6572.0,6880.566022,25,0.611027,0.300823,1772649359.861612
FP000180,L0_X14_Y6,L0_X11_Y3,2,L2_X14_Y6,6590.4384,1.2192,18.4384,308.566022,6572.0,6880.566022,25,0.611027,0.300823,1772649359.861612
FP000180,L0_X14_Y6,L0_X11_Y3,3,L2_X14_Y5,6606.453013,16.014613,34.453013,308.566022,6572.0,6880.566022,25,0.611027,0.300823,1772649359.861612
FP000180,L0_X14_Y6,L0_X11_Y3,4,L2_X14_Y4,6622.467629,16.014617,50.467629,308.566022,6572.0,6880.566022,25,0.611027,0.300823,1772649359.861612
FP000180,L0_X14_Y6,L0_X11_Y3,5,L2_X13_Y4,6638.462573,15.994944,66.462573,308.566022,6572.0,6880.566022,25,0.611027,0.300823,1772649359.861612
FP000180,L0_X14_Y6,L0_X11_Y3,6,L2_X12_Y4,6654.457509,15.994935,82.457509,308.566022,6572.0,6880.566022,25,0.611027,0.300823,1772649359.861612
FP000180,L0_X14_Y6,L0_X11_Y3,7,L2_X12_Y3,6670.473622,16.016113,98.473622,308.566022,6572.0,6880.566022,25,0.611027,0.300823,1772649359.861612
FP000180,L0_X14_Y6,L0_X11_Y3,8,L2_X11_Y3,6686.468553,15.994931,114.468553,308.566022,6572.0,6880.566022,25,0.611027,0.300823,1772649359.861612
FP000180,L0_X14_Y6,L0_X11_Y3,9,L1_X11_Y3,6687.687753,1.2192,115.687753,308.566022,6572.0,6880.566022,25,0.611027,0.300823,1772649359.861612
FP000180,L0_X14_Y6,L0_X11_Y3,10,L0_X11_Y3,6688.906953,1.2192,116.906953,308.566022,6572.0,6880.566022,25,0.611027,0.300823,1772649359.861612
FP000180,L0_X14_Y6,L0_X11_Y3,11,L0_X11_Y3,6748.906953,60.0,176.906953,308.566022,6572.0,6880.566022,25,0.611027,0.300823,1772649359.861612
FP000180,L0_X14_Y6,L0_X11_Y3,12,L1_X11_Y3,6771.126153,22.2192,199.126153,308.566022,6572.0,6880.566022,25,0.611027,0.300823,1772649359.861612
FP000180,L0_X14_Y6,L0_X11_Y3,13,L1_X12_Y3,6787.121084,15.994931,215.121084,308.566022,6572.0,6880.566022,25,0.611027,0.300823,1772649359.861612
FP000180,L0_X14_Y6,L0_X11_Y3,14,L1_X13_Y3,6803.116023,15.99494,231.116023,308.566022,6572.0,6880.566022,25,0.611027,0.300823,1772649359.861612
FP000180,L0_X14_Y6,L0_X11_Y3,15,L2_X13_Y3,6804.335223,1.2192,232.335223,308.566022,6572.0,6880.566022,25,0.611027,0.300823,1772649359.861612
FP000180,L0_X14_Y6,L0_X11_Y3,16,L3_X13_Y3,6805.554423,1.2192,233.554423,308.566022,6572.0,6880.566022,25,0.611027,0.300823,1772649359.861612
FP000180,L0_X14_Y6,L0_X11_Y3,17,L3_X14_Y3,6821.549372,15.994948,249.549372,308.566022,6572.0,6880.566022,25,0.611027,0.300823,1772649359.861612
FP000180,L0_X14_Y6,L0_X11_Y3,18,L2_X14_Y3,6822.768572,1.2192,250.768572,308.566022,6572.0,6880.566022,25,0.611027,0.300823,1772649359.861612
FP000180,L0_X14_Y6,L0_X11_Y3,19,L3_X14_Y3,6823.987772,1.2192,251.987772,308.566022,6572.0,6880.566022,25,0.611027,0.300823,1772649359.861612
FP000180,L0_X14_Y6,L0_X11_Y3,20,L3_X14_Y4,6840.002392,16.014621,268.002392,308.566022,6572.0,6880.566022,25,0.611027,0.300823,1772649359.861612
FP000180,L0_X14_Y6,L0_X11_Y3,21,L2_X14_Y4,6841.221592,1.2192,269.221592,308.566022,6572.0,6880.566022,25,0.611027,0.300823,1772649359.861612
FP000180,L0_X14_Y6,L0_X11_Y3,22,L3_X14_Y4,6842.440792,1.2192,270.440792,308.566022,6572.0,6880.566022,25,0.611027,0.300823,1772649359.861612
FP000180,L0_X14_Y6,L0_X11_Y3,23,L2_X14_Y4,6843.659992,1.2192,271.659992,308.566022,6572.0,6880.566022,25,0.611027,0.300823,1772649359.861612
FP000180,L0_X14_Y6,L0_X11_Y3,24,L1_X14_Y4,6844.879192,1.2192,272.879192,308.566022,6572.0,6880.566022,25,0.611027,0.300823,1772649359.861612
FP000180,L0_X14_Y6,L0_X11_Y3,25,L1_X14_Y5,6860.893809,16.014617,288.893809,308.566022,6572.0,6880.566022,25,0.611027,0.300823,1772649359.861612
FP000180,L0_X14_Y6,L0_X11_Y3,26,L2_X14_Y5,6862.113009,1.2192,290.113009,308.566022,6572.0,6880.566022,25,0.611027,0.300823,1772649359.861612
FP000180,L0_X14_Y6,L0_X11_Y3,27,L2_X14_Y6,6878.127622,16.014613,306.127622,308.566022,6572.0,6880.566022,25,0.611027,0.300823,1772649359.861612
FP000180,L0_X14_Y6,L0_X11_Y3,28,L1_X14_Y6,6879.346822,1.2192,307.346822,308.566022,6572.0,6880.566022,25,0.611027,0.300823,1772649359.861612
FP000180,L0_X14_Y6,L0_X11_Y3,29,L0_X14_Y6,6880.566022,1.2192,308.566022,308.566022,6572.0,6880.566022,25,0.611027,0.300823,1772649359.861612
FP000181,L0_X14_Y6,L0_X13_Y2,0,L0_X14_Y6,6609.0,0.0,0.0,302.313255,6599.0,6901.313255,25,2.619769,0.655364,1772649362.641483
FP000181,L0_X14_Y6,L0_X13_Y2,1,L1_X14_Y6,6610.2192,1.2192,11.2192,302.313255,6599.0,6901.313255,25,2.619769,0.655364,1772649362.641483
FP000181,L0_X14_Y6,L0_X13_Y2,2,L2_X14_Y6,6611.4384,1.2192,12.4384,302.313255,6599.0,6901.313255,25,2.619769,0.655364,1772649362.641483
FP000181,L0_X14_Y6,L0_X13_Y2,3,L2_X14_Y5,6627.453013,16.014613,28.453013,302.313255,6599.0,6901.313255,25,2.619769,0.655364,1772649362.641483
FP000181,L0_X14_Y6,L0_X13_Y2,4,L2_X14_Y4,6643.467629,16.014617,44.467629,302.313255,6599.0,6901.313255,25,2.619769,0.655364,1772649362.641483
FP000181,L0_X14_Y6,L0_X13_Y2,5,L2_X14_Y3,6659.48225,16.014621,60.48225,302.313255,6599.0,6901.313255,25,2.619769,0.655364,1772649362.641483
FP000181,L0_X14_Y6,L0_X13_Y2,6,L2_X14_Y2,6675.496875,16.014625,76.496875,302.313255,6599.0,6901.313255,25,2.619769,0.655364,1772649362.641483
FP000181,L0_X14_Y6,L0_X13_Y2,7,L2_X13_Y2,6691.491828,15.994952,92.491828,302.313255,6599.0,6901.313255,25,2.619769,0.655364,1772649362.641483
FP000181,L0_X14_Y6,L0_X13_Y2,8,L1_X13_Y2,6692.711028,1.2192,93.711028,302.313255,6599.0,6901.313255,25,2.619769,0.655364,1772649362.641483
FP000181,L0_X14_Y6,L0_X13_Y2,9,L0_X13_Y2,6693.930228,1.2192,94.930228,302.313255,6599.0,6901.313255,25,2.619769,0.655364,1772649362.641483
FP000181,L0_X14_Y6,L0_X13_Y2,10,L0_X13_Y2,6753.930228,60.0,154.930228,302.313255,6599.0,6901.313255,25,2.619769,0.655364,1772649362.641483
FP000181,L0_X14_Y6,L0_X13_Y2,11,L1_X13_Y2,6776.149428,22.2192,177.149428,302.313255,6599.0,6901.313255,25,2.619769,0.655364,1772649362.641483
FP000181,L0_X14_Y6,L0_X13_Y2,12,L0_X13_Y2,6777.368628,1.2192,178.368628,302.313255,6599.0,6901.313255,25,2.619769,0.655364,1772649362.641483
FP000181,L0_X14_Y6,L0_X13_Y2,13,L1_X13_Y2,6778.587828,1.2192,179.587828,302.313255,6599.0,6901.313255,25,2.619769,0.655364,1772649362.641483
FP000181,L0_X14_Y6,L0_X13_Y2,14,L2_X13_Y2,6779.807028,1.2192,180.807028,302.313255,6599.0,6901.313255,25,2.619769,0.655364,1772649362.641483
FP000181,L0_X14_Y6,L0_X13_Y2,15,L3_X13_Y2,6781.026228,1.2192,182.026228,302.313255,6599.0,6901.313255,25,2.619769,0.655364,1772649362.641483
FP000181,L0_X14_Y6,L0_X13_Y2,16,L4_X13_Y2,6782.245428,1.2192,183.245428,302.313255,6599.0,6901.313255,25,2.619769,0.655364,1772649362.641483
FP000181,L0_X14_Y6,L0_X13_Y2,17,L3_X13_Y2,6783.464628,1.2192,184.464628,302.313255,6599.0,6901.313255,25,2.619769,0.655364,1772649362.641483
FP000181,L0_X14_Y6,L0_X13_Y2,18,L4_X13_Y2,6784.683828,1.2192,185.683828,302.313255,6599.0,6901.313255,25,2.619769,0.655364,1772649362.641483
FP000181,L0_X14_Y6,L0_X13_Y2,19,L3_X13_Y2,6785.903028,1.2192,186.903028,302.313255,6599.0,6901.313255,25,2.619769,0.655364,1772649362.641483
FP000181,L0_X14_Y6,L0_X13_Y2,20,L4_X13_Y2,6787.122228,1.2192,188.122228,302.313255,6599.0,6901.313255,25,2.619769,0.655364,1772649362.641483
FP000181,L0_X14_Y6,L0_X13_Y2,21,L3_X13_Y2,6788.341428,1.2192,189.341428,302.313255,6599.0,6901.313255,25,2.619769,0.655364,1772649362.641483
FP000181,L0_X14_Y6,L0_X13_Y2,22,L2_X13_Y2,6789.560628,1.2192,190.560628,302.313255,6599.0,6901.313255,25,2.619769,0.655364,1772649362.641483
FP000181,L0_X14_Y6,L0_X13_Y2,23,L3_X13_Y2,6790.779828,1.2192,191.779828,302.313255,6599.0,6901.313255,25,2.619769,0.655364,1772649362.641483
FP000181,L0_X14_Y6,L0_X13_Y2,24,L2_X13_Y2,6791.999028,1.2192,192.999028,302.313255,6599.0,6901.313255,25,2.619769,0.655364,1772649362.641483
FP000181,L0_X14_Y6,L0_X13_Y2,25,L1_X13_Y2,6793.218228,1.2192,194.218228,302.313255,6599.0,6901.313255,25,2.619769,0.655364,1772649362.641483
FP000181,L0_X14_Y6,L0_X13_Y2,26,L2_X13_Y2,6794.437428,1.2192,195.437428,302.313255,6599.0,6901.313255,25,2.619769,0.655364,1772649362.641483
FP000181,L0_X14_Y6,L0_X13_Y2,27,L1_X13_Y2,6795.656628,1.2192,196.656628,302.313255,6599.0,6901.313255,25,2.619769,0.655364,1772649362.641483
FP000181,L0_X14_Y6,L0_X13_Y2,28,L2_X13_Y2,6796.875828,1.2192,197.875828,302.313255,6599.0,6901.313255,25,2.619769,0.655364,1772649362.641483
FP000181,L0_X14_Y6,L0_X13_Y2,29,L1_X13_Y2,6798.095028,1.2192,199.095028,302.313255,6599.0,6901.313255,25,2.619769,0.655364,1772649362.641483
FP000181,L0_X14_Y6,L0_X13_Y2,30,L2_X13_Y2,6799.314228,1.2192,200.314228,302.313255,6599.0,6901.313255,25,2.619769,0.655364,1772649362.641483
FP000181,L0_X14_Y6,L0_X13_Y2,31,L1_X13_Y2,6800.533428,1.2192,201.533428,302.313255,6599.0,6901.313255,25,2.619769,0.655364,1772649362.641483
FP000181,L0_X14_Y6,L0_X13_Y2,32,L2_X13_Y2,6801.752628,1.2192,202.752628,302.313255,6599.0,6901.313255,25,2.619769,0.655364,1772649362.641483
FP000181,L0_X14_Y6,L0_X13_Y2,33,L3_X13_Y2,6802.971828,1.2192,203.971828,302.313255,6599.0,6901.313255,25,2.619769,0.655364,1772649362.641483
FP000181,L0_X14_Y6,L0_X13_Y2,34,L2_X13_Y2,6804.191028,1.2192,205.191028,302.313255,6599.0,6901.313255,25,2.619769,0.655364,1772649362.641483
FP000181,L0_X14_Y6,L0_X13_Y2,35,L3_X13_Y2,6805.410228,1.2192,206.410228,302.313255,6599.0,6901.313255,25,2.619769,0.655364,1772649362.641483
FP000181,L0_X14_Y6,L0_X13_Y2,36,L2_X13_Y2,6806.629428,1.2192,207.629428,302.313255,6599.0,6901.313255,25,2.619769,0.655364,1772649362.641483
FP000181,L0_X14_Y6,L0_X13_Y2,37,L1_X13_Y2,6807.848628,1.2192,208.848628,302.313255,6599.0,6901.313255,25,2.619769,0.655364,1772649362.641483
FP000181,L0_X14_Y6,L0_X13_Y2,38,L2_X13_Y2,6809.067828,1.2192,210.067828,302.313255,6599.0,6901.313255,25,2.619769,0.655364,1772649362.641483
FP000181,L0_X14_Y6,L0_X13_Y2,39,L1_X13_Y2,6810.287028,1.2192,211.287028,302.313255,6599.0,6901.313255,25,2.619769,0.655364,1772649362.641483
FP000181,L0_X14_Y6,L0_X13_Y2,40,L2_X13_Y2,6811.506228,1.2192,212.506228,302.313255,6599.0,6901.313255,25,2.619769,0.655364,1772649362.641483
FP000181,L0_X14_Y6,L0_X13_Y2,41,L2_X14_Y2,6827.50118,15.994952,228.50118,302.313255,6599.0,6901.313255,25,2.619769,0.655364,1772649362.641483
FP000181,L0_X14_Y6,L0_X13_Y2,42,L2_X14_Y3,6843.515805,16.014625,244.515805,302.313255,6599.0,6901.313255,25,2.619769,0.655364,1772649362.641483
FP000181,L0_X14_Y6,L0_X13_Y2,43,L1_X14_Y3,6844.735005,1.2192,245.735005,302.313255,6599.0,6901.313255,25,2.619769,0.655364,1772649362.641483
FP000181,L0_X14_Y6,L0_X13_Y2,44,L2_X14_Y3,6845.954205,1.2192,246.954205,302.313255,6599.0,6901.313255,25,2.619769,0.655364,1772649362.641483
FP000181,L0_X14_Y6,L0_X13_Y2,45,L3_X14_Y3,6847.173405,1.2192,248.173405,302.313255,6599.0,6901.313255,25,2.619769,0.655364,1772649362.641483
FP000181,L0_X14_Y6,L0_X13_Y2,46,L3_X14_Y4,6863.188026,16.014621,264.188026,302.313255,6599.0,6901.313255,25,2.619769,0.655364,1772649362.641483
FP000181,L0_X14_Y6,L0_X13_Y2,47,L3_X14_Y5,6879.202643,16.014617,280.202643,302.313255,6599.0,6901.313255,25,2.619769,0.655364,1772649362.641483
FP000181,L0_X14_Y6,L0_X13_Y2,48,L3_X14_Y6,6895.217255,16.014613,296.217255,302.313255,6599.0,6901.313255,25,2.619769,0.655364,1772649362.641483
FP000181,L0_X14_Y6,L0_X13_Y2,49,L4_X14_Y6,6896.436455,1.2192,297.436455,302.313255,6599.0,6901.313255,25,2.619769,0.655364,1772649362.641483
FP000181,L0_X14_Y6,L0_X13_Y2,50,L3_X14_Y6,6897.655655,1.2192,298.655655,302.313255,6599.0,6901.313255,25,2.619769,0.655364,1772649362.641483
FP000181,L0_X14_Y6,L0_X13_Y2,51,L2_X14_Y6,6898.874855,1.2192,299.874855,302.313255,6599.0,6901.313255,25,2.619769,0.655364,1772649362.641483
FP000181,L0_X14_Y6,L0_X13_Y2,52,L1_X14_Y6,6900.094055,1.2192,301.094055,302.313255,6599.0,6901.313255,25,2.619769,0.655364,1772649362.641483
FP000181,L0_X14_Y6,L0_X13_Y2,53,L0_X14_Y6,6901.313255,1.2192,302.313255,302.313255,6599.0,6901.313255,25,2.619769,0.655364,1772649362.641483
FP000183,L0_X0_Y2,L0_X10_Y4,0,L0_X0_Y2,6639.0,0.0,0.0,474.732734,6639.0,7113.732734,25,0.459482,3.041634,1772649366.307289
FP000183,L0_X0_Y2,L0_X10_Y4,1,L1_X0_Y2,6640.2192,1.2192,1.2192,474.732734,6639.0,7113.732734,25,0.459482,3.041634,1772649366.307289
FP000183,L0_X0_Y2,L0_X10_Y4,2,L2_X0_Y2,6641.4384,1.2192,2.4384,474.732734,6639.0,7113.732734,25,0.459482,3.041634,1772649366.307289
FP000183,L0_X0_Y2,L0_X10_Y4,3,L2_X0_Y3,6657.463467,16.025067,18.463467,474.732734,6639.0,7113.732734,25,0.459482,3.041634,1772649366.307289
FP000183,L0_X0_Y2,L0_X10_Y4,4,L2_X1_Y3,6673.458303,15.994836,34.458303,474.732734,6639.0,7113.732734,25,0.459482,3.041634,1772649366.307289
FP000183,L0_X0_Y2,L0_X10_Y4,5,L2_X2_Y3,6689.453148,15.994845,50.453148,474.732734,6639.0,7113.732734,25,0.459482,3.041634,1772649366.307289
FP000183,L0_X0_Y2,L0_X10_Y4,6,L2_X3_Y3,6705.448001,15.994853,66.448001,474.732734,6639.0,7113.732734,25,0.459482,3.041634,1772649366.307289
FP000183,L0_X0_Y2,L0_X10_Y4,7,L2_X4_Y3,6721.442863,15.994862,82.442863,474.732734,6639.0,7113.732734,25,0.459482,3.041634,1772649366.307289
FP000183,L0_X0_Y2,L0_X10_Y4,8,L2_X5_Y3,6737.437733,15.994871,98.437733,474.732734,6639.0,7113.732734,25,0.459482,3.041634,1772649366.307289
FP000183,L0_X0_Y2,L0_X10_Y4,9,L2_X5_Y4,6753.459068,16.021334,114.459068,474.732734,6639.0,7113.732734,25,0.459482,3.041634,1772649366.307289
FP000183,L0_X0_Y2,L0_X10_Y4,10,L2_X6_Y4,6769.453943,15.994875,130.453943,474.732734,6639.0,7113.732734,25,0.459482,3.041634,1772649366.307289
FP000183,L0_X0_Y2,L0_X10_Y4,11,L2_X7_Y4,6785.448826,15.994884,146.448826,474.732734,6639.0,7113.732734,25,0.459482,3.041634,1772649366.307289
FP000183,L0_X0_Y2,L0_X10_Y4,12,L2_X8_Y4,6801.443718,15.994892,162.443718,474.732734,6639.0,7113.732734,25,0.459482,3.041634,1772649366.307289
FP000183,L0_X0_Y2,L0_X10_Y4,13,L2_X9_Y4,6817.438619,15.994901,178.438619,474.732734,6639.0,7113.732734,25,0.459482,3.041634,1772649366.307289
FP000183,L0_X0_Y2,L0_X10_Y4,14,L2_X10_Y4,6833.433529,15.994909,194.433529,474.732734,6639.0,7113.732734,25,0.459482,3.041634,1772649366.307289
FP000183,L0_X0_Y2,L0_X10_Y4,15,L1_X10_Y4,6834.652729,1.2192,195.652729,474.732734,6639.0,7113.732734,25,0.459482,3.041634,1772649366.307289
FP000183,L0_X0_Y2,L0_X10_Y4,16,L0_X10_Y4,6835.871929,1.2192,196.871929,474.732734,6639.0,7113.732734,25,0.459482,3.041634,1772649366.307289
FP000183,L0_X0_Y2,L0_X10_Y4,17,L0_X10_Y4,6895.871929,60.0,256.871929,474.732734,6639.0,7113.732734,25,0.459482,3.041634,1772649366.307289
FP000183,L0_X0_Y2,L0_X10_Y4,18,L1_X10_Y4,6918.091129,22.2192,279.091129,474.732734,6639.0,7113.732734,25,0.459482,3.041634,1772649366.307289
FP000183,L0_X0_Y2,L0_X10_Y4,19,L2_X10_Y4,6919.310329,1.2192,280.310329,474.732734,6639.0,7113.732734,25,0.459482,3.041634,1772649366.307289
FP000183,L0_X0_Y2,L0_X10_Y4,20,L2_X10_Y3,6935.327934,16.017605,296.327934,474.732734,6639.0,7113.732734,25,0.459482,3.041634,1772649366.307289
FP000183,L0_X0_Y2,L0_X10_Y4,21,L2_X10_Y2,6951.345544,16.01761,312.345544,474.732734,6639.0,7113.732734,25,0.459482,3.041634,1772649366.307289
FP000183,L0_X0_Y2,L0_X10_Y4,22,L2_X9_Y2,6967.340462,15.994918,328.340462,474.732734,6639.0,7113.732734,25,0.459482,3.041634,1772649366.307289
FP000183,L0_X0_Y2,L0_X10_Y4,23,L2_X8_Y2,6983.335371,15.994909,344.335371,474.732734,6639.0,7113.732734,25,0.459482,3.041634,1772649366.307289
FP000183,L0_X0_Y2,L0_X10_Y4,24,L2_X7_Y2,6999.330271,15.994901,360.330271,474.732734,6639.0,7113.732734,25,0.459482,3.041634,1772649366.307289
FP000183,L0_X0_Y2,L0_X10_Y4,25,L2_X6_Y2,7015.325163,15.994892,376.325163,474.732734,6639.0,7113.732734,25,0.459482,3.041634,1772649366.307289
FP000183,L0_X0_Y2,L0_X10_Y4,26,L2_X5_Y2,7031.320047,15.994883,392.320047,474.732734,6639.0,7113.732734,25,0.459482,3.041634,1772649366.307289
FP000183,L0_X0_Y2,L0_X10_Y4,27,L2_X4_Y2,7047.314921,15.994875,408.314921,474.732734,6639.0,7113.732734,25,0.459482,3.041634,1772649366.307289
FP000183,L0_X0_Y2,L0_X10_Y4,28,L2_X3_Y2,7063.309787,15.994866,424.309787,474.732734,6639.0,7113.732734,25,0.459482,3.041634,1772649366.307289
FP000183,L0_X0_Y2,L0_X10_Y4,29,L2_X2_Y2,7079.304645,15.994857,440.304645,474.732734,6639.0,7113.732734,25,0.459482,3.041634,1772649366.307289
FP000183,L0_X0_Y2,L0_X10_Y4,30,L2_X1_Y2,7095.299494,15.994849,456.299494,474.732734,6639.0,7113.732734,25,0.459482,3.041634,1772649366.307289
FP000183,L0_X0_Y2,L0_X10_Y4,31,L2_X0_Y2,7111.294334,15.99484,472.294334,474.732734,6639.0,7113.732734,25,0.459482,3.041634,1772649366.307289
FP000183,L0_X0_Y2,L0_X10_Y4,32,L1_X0_Y2,7112.513534,1.2192,473.513534,474.732734,6639.0,7113.732734,25,0.459482,3.041634,1772649366.307289
FP000183,L0_X0_Y2,L0_X10_Y4,33,L0_X0_Y2,7113.732734,1.2192,474.732734,474.732734,6639.0,7113.732734,25,0.459482,3.041634,1772649366.307289
FP000184,L0_X0_Y2,L0_X14_Y0,0,L0_X0_Y2,6692.0,0.0,0.0,644.10762,6653.0,7297.10762,25,1.518009,5.049296,1772649372.463421
FP000184,L0_X0_Y2,L0_X14_Y0,1,L1_X0_Y2,6693.2192,1.2192,40.2192,644.10762,6653.0,7297.10762,25,1.518009,5.049296,1772649372.463421
FP000184,L0_X0_Y2,L0_X14_Y0,2,L2_X0_Y2,6694.4384,1.2192,41.4384,644.10762,6653.0,7297.10762,25,1.518009,5.049296,1772649372.463421
FP000184,L0_X0_Y2,L0_X14_Y0,3,L2_X1_Y2,6710.43324,15.99484,57.43324,644.10762,6653.0,7297.10762,25,1.518009,5.049296,1772649372.463421
FP000184,L0_X0_Y2,L0_X14_Y0,4,L3_X1_Y2,6711.65244,1.2192,58.65244,644.10762,6653.0,7297.10762,25,1.518009,5.049296,1772649372.463421
FP000184,L0_X0_Y2,L0_X14_Y0,5,L3_X2_Y2,6727.647289,15.994849,74.647289,644.10762,6653.0,7297.10762,25,1.518009,5.049296,1772649372.463421
FP000184,L0_X0_Y2,L0_X14_Y0,6,L3_X3_Y2,6743.642146,15.994857,90.642146,644.10762,6653.0,7297.10762,25,1.518009,5.049296,1772649372.463421
FP000184,L0_X0_Y2,L0_X14_Y0,7,L3_X4_Y2,6759.637012,15.994866,106.637012,644.10762,6653.0,7297.10762,25,1.518009,5.049296,1772649372.463421
FP000184,L0_X0_Y2,L0_X14_Y0,8,L3_X5_Y2,6775.631887,15.994875,122.631887,644.10762,6653.0,7297.10762,25,1.518009,5.049296,1772649372.463421
FP000184,L0_X0_Y2,L0_X14_Y0,9,L3_X6_Y2,6791.626771,15.994883,138.626771,644.10762,6653.0,7297.10762,25,1.518009,5.049296,1772649372.463421
FP000184,L0_X0_Y2,L0_X14_Y0,10,L3_X7_Y2,6807.621662,15.994892,154.621662,644.10762,6653.0,7297.10762,25,1.518009,5.049296,1772649372.463421
FP000184,L0_X0_Y2,L0_X14_Y0,11,L3_X8_Y2,6823.616563,15.994901,170.616563,644.10762,6653.0,7297.10762,25,1.518009,5.049296,1772649372.463421
FP000184,L0_X0_Y2,L0_X14_Y0,12,L3_X9_Y2,6839.611472,15.994909,186.611472,644.10762,6653.0,7297.10762,25,1.518009,5.049296,1772649372.463421
FP000184,L0_X0_Y2,L0_X14_Y0,13,L3_X10_Y2,6855.60639,15.994918,202.60639,644.10762,6653.0,7297.10762,25,1.518009,5.049296,1772649372.463421
FP000184,L0_X0_Y2,L0_X14_Y0,14,L3_X11_Y2,6871.601317,15.994926,218.601317,644.10762,6653.0,7297.10762,25,1.518009,5.049296,1772649372.463421
FP000184,L0_X0_Y2,L0_X14_Y0,15,L3_X12_Y2,6887.596252,15.994935,234.596252,644.10762,6653.0,7297.10762,25,1.518009,5.049296,1772649372.463421
FP000184,L0_X0_Y2,L0_X14_Y0,16,L3_X13_Y2,6903.591195,15.994944,250.591195,644.10762,6653.0,7297.10762,25,1.518009,5.049296,1772649372.463421
FP000184,L0_X0_Y2,L0_X14_Y0,17,L3_X14_Y2,6919.586148,15.994952,266.586148,644.10762,6653.0,7297.10762,25,1.518009,5.049296,1772649372.463421
FP000184,L0_X0_Y2,L0_X14_Y0,18,L2_X14_Y2,6920.805348,1.2192,267.805348,644.10762,6653.0,7297.10762,25,1.518009,5.049296,1772649372.463421
FP000184,L0_X0_Y2,L0_X14_Y0,19,L2_X14_Y1,6936.819977,16.014629,283.819977,644.10762,6653.0,7297.10762,25,1.518009,5.049296,1772649372.463421
FP000184,L0_X0_Y2,L0_X14_Y0,20,L2_X14_Y0,6952.83461,16.014633,299.83461,644.10762,6653.0,7297.10762,25,1.518009,5.049296,1772649372.463421
FP000184,L0_X0_Y2,L0_X14_Y0,21,L1_X14_Y0,6954.05381,1.2192,301.05381,644.10762,6653.0,7297.10762,25,1.518009,5.049296,1772649372.463421
FP000184,L0_X0_Y2,L0_X14_Y0,22,L0_X14_Y0,6955.27301,1.2192,302.27301,644.10762,6653.0,7297.10762,25,1.518009,5.049296,1772649372.463421
FP000184,L0_X0_Y2,L0_X14_Y0,23,L0_X14_Y0,7015.27301,60.0,362.27301,644.10762,6653.0,7297.10762,25,1.518009,5.049296,1772649372.463421
FP000184,L0_X0_Y2,L0_X14_Y0,24,L1_X14_Y0,7037.49221,22.2192,384.49221,644.10762,6653.0,7297.10762,25,1.518009,5.049296,1772649372.463421
FP000184,L0_X0_Y2,L0_X14_Y0,25,L2_X14_Y0,7038.71141,1.2192,385.71141,644.10762,6653.0,7297.10762,25,1.518009,5.049296,1772649372.463421
FP000184,L0_X0_Y2,L0_X14_Y0,26,L2_X14_Y1,7054.726043,16.014633,401.726043,644.10762,6653.0,7297.10762,25,1.518009,5.049296,1772649372.463421
FP000184,L0_X0_Y2,L0_X14_Y0,27,L2_X14_Y2,7070.740672,16.014629,417.740672,644.10762,6653.0,7297.10762,25,1.518009,5.049296,1772649372.463421
FP000184,L0_X0_Y2,L0_X14_Y0,28,L2_X13_Y2,7086.735625,15.994952,433.735625,644.10762,6653.0,7297.10762,25,1.518009,5.049296,1772649372.463421
FP000184,L0_X0_Y2,L0_X14_Y0,29,L2_X12_Y2,7102.730568,15.994944,449.730568,644.10762,6653.0,7297.10762,25,1.518009,5.049296,1772649372.463421
FP000184,L0_X0_Y2,L0_X14_Y0,30,L2_X11_Y2,7118.725503,15.994935,465.725503,644.10762,6653.0,7297.10762,25,1.518009,5.049296,1772649372.463421
FP000184,L0_X0_Y2,L0_X14_Y0,31,L2_X10_Y2,7134.72043,15.994926,481.72043,644.10762,6653.0,7297.10762,25,1.518009,5.049296,1772649372.463421
FP000184,L0_X0_Y2,L0_X14_Y0,32,L2_X9_Y2,7150.715348,15.994918,497.715348,644.10762,6653.0,7297.10762,25,1.518009,5.049296,1772649372.463421
FP000184,L0_X0_Y2,L0_X14_Y0,33,L2_X8_Y2,7166.710257,15.994909,513.710257,644.10762,6653.0,7297.10762,25,1.518009,5.049296,1772649372.463421
FP000184,L0_X0_Y2,L0_X14_Y0,34,L2_X7_Y2,7182.705157,15.994901,529.705157,644.10762,6653.0,7297.10762,25,1.518009,5.049296,1772649372.463421
FP000184,L0_X0_Y2,L0_X14_Y0,35,L2_X6_Y2,7198.700049,15.994892,545.700049,644.10762,6653.0,7297.10762,25,1.518009,5.049296,1772649372.463421
FP000184,L0_X0_Y2,L0_X14_Y0,36,L2_X5_Y2,7214.694933,15.994883,561.694933,644.10762,6653.0,7297.10762,25,1.518009,5.049296,1772649372.463421
FP000184,L0_X0_Y2,L0_X14_Y0,37,L2_X4_Y2,7230.689807,15.994875,577.689807,644.10762,6653.0,7297.10762,25,1.518009,5.049296,1772649372.463421
FP000184,L0_X0_Y2,L0_X14_Y0,38,L2_X3_Y2,7246.684674,15.994866,593.684674,644.10762,6653.0,7297.10762,25,1.518009,5.049296,1772649372.463421
FP000184,L0_X0_Y2,L0_X14_Y0,39,L2_X2_Y2,7262.679531,15.994857,609.679531,644.10762,6653.0,7297.10762,25,1.518009,5.049296,1772649372.463421
FP000184,L0_X0_Y2,L0_X14_Y0,40,L2_X1_Y2,7278.67438,15.994849,625.67438,644.10762,6653.0,7297.10762,25,1.518009,5.049296,1772649372.463421
FP000184,L0_X0_Y2,L0_X14_Y0,41,L2_X0_Y2,7294.66922,15.99484,641.66922,644.10762,6653.0,7297.10762,25,1.518009,5.049296,1772649372.463421
FP000184,L0_X0_Y2,L0_X14_Y0,42,L1_X0_Y2,7295.88842,1.2192,642.88842,644.10762,6653.0,7297.10762,25,1.518009,5.049296,1772649372.463421
FP000184,L0_X0_Y2,L0_X14_Y0,43,L0_X0_Y2,7297.10762,1.2192,644.10762,644.10762,6653.0,7297.10762,25,1.518009,5.049296,1772649372.463421
FP000187,L0_X0_Y2,L0_X12_Y2,0,L0_X0_Y2,6713.0,0.0,0.0,479.069303,6711.0,7190.069303,25,1.039856,3.031542,1772649378.59417
FP000187,L0_X0_Y2,L0_X12_Y2,1,L1_X0_Y2,6714.2192,1.2192,3.2192,479.069303,6711.0,7190.069303,25,1.039856,3.031542,1772649378.59417
FP000187,L0_X0_Y2,L0_X12_Y2,2,L2_X0_Y2,6715.4384,1.2192,4.4384,479.069303,6711.0,7190.069303,25,1.039856,3.031542,1772649378.59417
FP000187,L0_X0_Y2,L0_X12_Y2,3,L3_X0_Y2,6716.6576,1.2192,5.6576,479.069303,6711.0,7190.069303,25,1.039856,3.031542,1772649378.59417
FP000187,L0_X0_Y2,L0_X12_Y2,4,L3_X1_Y2,6732.65244,15.99484,21.65244,479.069303,6711.0,7190.069303,25,1.039856,3.031542,1772649378.59417
FP000187,L0_X0_Y2,L0_X12_Y2,5,L3_X2_Y2,6748.647289,15.994849,37.647289,479.069303,6711.0,7190.069303,25,1.039856,3.031542,1772649378.59417
FP000187,L0_X0_Y2,L0_X12_Y2,6,L3_X3_Y2,6764.642146,15.994857,53.642146,479.069303,6711.0,7190.069303,25,1.039856,3.031542,1772649378.59417
FP000187,L0_X0_Y2,L0_X12_Y2,7,L3_X4_Y2,6780.637012,15.994866,69.637012,479.069303,6711.0,7190.069303,25,1.039856,3.031542,1772649378.59417
FP000187,L0_X0_Y2,L0_X12_Y2,8,L3_X5_Y2,6796.631887,15.994875,85.631887,479.069303,6711.0,7190.069303,25,1.039856,3.031542,1772649378.59417
FP000187,L0_X0_Y2,L0_X12_Y2,9,L3_X6_Y2,6812.626771,15.994883,101.626771,479.069303,6711.0,7190.069303,25,1.039856,3.031542,1772649378.59417
FP000187,L0_X0_Y2,L0_X12_Y2,10,L3_X7_Y2,6828.621662,15.994892,117.621662,479.069303,6711.0,7190.069303,25,1.039856,3.031542,1772649378.59417
FP000187,L0_X0_Y2,L0_X12_Y2,11,L3_X8_Y2,6844.616563,15.994901,133.616563,479.069303,6711.0,7190.069303,25,1.039856,3.031542,1772649378.59417
FP000187,L0_X0_Y2,L0_X12_Y2,12,L3_X9_Y2,6860.611472,15.994909,149.611472,479.069303,6711.0,7190.069303,25,1.039856,3.031542,1772649378.59417
FP000187,L0_X0_Y2,L0_X12_Y2,13,L3_X10_Y2,6876.60639,15.994918,165.60639,479.069303,6711.0,7190.069303,25,1.039856,3.031542,1772649378.59417
FP000187,L0_X0_Y2,L0_X12_Y2,14,L3_X11_Y2,6892.601317,15.994926,181.601317,479.069303,6711.0,7190.069303,25,1.039856,3.031542,1772649378.59417
FP000187,L0_X0_Y2,L0_X12_Y2,15,L3_X12_Y2,6908.596252,15.994935,197.596252,479.069303,6711.0,7190.069303,25,1.039856,3.031542,1772649378.59417
FP000187,L0_X0_Y2,L0_X12_Y2,16,L2_X12_Y2,6909.815452,1.2192,198.815452,479.069303,6711.0,7190.069303,25,1.039856,3.031542,1772649378.59417
FP000187,L0_X0_Y2,L0_X12_Y2,17,L1_X12_Y2,6911.034652,1.2192,200.034652,479.069303,6711.0,7190.069303,25,1.039856,3.031542,1772649378.59417
FP000187,L0_X0_Y2,L0_X12_Y2,18,L0_X12_Y2,6912.253852,1.2192,201.253852,479.069303,6711.0,7190.069303,25,1.039856,3.031542,1772649378.59417
FP000187,L0_X0_Y2,L0_X12_Y2,19,L0_X12_Y2,6972.253852,60.0,261.253852,479.069303,6711.0,7190.069303,25,1.039856,3.031542,1772649378.59417
FP000187,L0_X0_Y2,L0_X12_Y2,20,L1_X12_Y2,6994.473052,22.2192,283.473052,479.069303,6711.0,7190.069303,25,1.039856,3.031542,1772649378.59417
FP000187,L0_X0_Y2,L0_X12_Y2,21,L2_X12_Y2,6995.692252,1.2192,284.692252,479.069303,6711.0,7190.069303,25,1.039856,3.031542,1772649378.59417
FP000187,L0_X0_Y2,L0_X12_Y2,22,L2_X11_Y2,7011.687187,15.994935,300.687187,479.069303,6711.0,7190.069303,25,1.039856,3.031542,1772649378.59417
FP000187,L0_X0_Y2,L0_X12_Y2,23,L2_X10_Y2,7027.682113,15.994926,316.682113,479.069303,6711.0,7190.069303,25,1.039856,3.031542,1772649378.59417
FP000187,L0_X0_Y2,L0_X12_Y2,24,L2_X9_Y2,7043.677031,15.994918,332.677031,479.069303,6711.0,7190.069303,25,1.039856,3.031542,1772649378.59417
FP000187,L0_X0_Y2,L0_X12_Y2,25,L2_X8_Y2,7059.67194,15.994909,348.67194,479.069303,6711.0,7190.069303,25,1.039856,3.031542,1772649378.59417
FP000187,L0_X0_Y2,L0_X12_Y2,26,L2_X7_Y2,7075.666841,15.994901,364.666841,479.069303,6711.0,7190.069303,25,1.039856,3.031542,1772649378.59417
FP000187,L0_X0_Y2,L0_X12_Y2,27,L2_X6_Y2,7091.661733,15.994892,380.661733,479.069303,6711.0,7190.069303,25,1.039856,3.031542,1772649378.59417
FP000187,L0_X0_Y2,L0_X12_Y2,28,L2_X5_Y2,7107.656616,15.994883,396.656616,479.069303,6711.0,7190.069303,25,1.039856,3.031542,1772649378.59417
FP000187,L0_X0_Y2,L0_X12_Y2,29,L2_X4_Y2,7123.651491,15.994875,412.651491,479.069303,6711.0,7190.069303,25,1.039856,3.031542,1772649378.59417
FP000187,L0_X0_Y2,L0_X12_Y2,30,L2_X3_Y2,7139.646357,15.994866,428.646357,479.069303,6711.0,7190.069303,25,1.039856,3.031542,1772649378.59417
FP000187,L0_X0_Y2,L0_X12_Y2,31,L2_X2_Y2,7155.641214,15.994857,444.641214,479.069303,6711.0,7190.069303,25,1.039856,3.031542,1772649378.59417
FP000187,L0_X0_Y2,L0_X12_Y2,32,L2_X1_Y2,7171.636063,15.994849,460.636063,479.069303,6711.0,7190.069303,25,1.039856,3.031542,1772649378.59417
FP000187,L0_X0_Y2,L0_X12_Y2,33,L2_X0_Y2,7187.630903,15.99484,476.630903,479.069303,6711.0,7190.069303,25,1.039856,3.031542,1772649378.59417
FP000187,L0_X0_Y2,L0_X12_Y2,34,L1_X0_Y2,7188.850103,1.2192,477.850103,479.069303,6711.0,7190.069303,25,1.039856,3.031542,1772649378.59417
FP000187,L0_X0_Y2,L0_X12_Y2,35,L0_X0_Y2,7190.069303,1.2192,479.069303,479.069303,6711.0,7190.069303,25,1.039856,3.031542,1772649378.59417
FP000188,L0_X14_Y6,L0_X8_Y5,0,L0_X14_Y6,6734.0,0.0,0.0,319.600869,6734.0,7053.600869,25,0.309725,5.641028,1772649383.539156
FP000188,L0_X14_Y6,L0_X8_Y5,1,L1_X14_Y6,6735.2192,1.2192,1.2192,319.600869,6734.0,7053.600869,25,0.309725,5.641028,1772649383.539156
FP000188,L0_X14_Y6,L0_X8_Y5,2,L2_X14_Y6,6736.4384,1.2192,2.4384,319.600869,6734.0,7053.600869,25,0.309725,5.641028,1772649383.539156
FP000188,L0_X14_Y6,L0_X8_Y5,3,L2_X13_Y6,6752.433336,15.994936,18.433336,319.600869,6734.0,7053.600869,25,0.309725,5.641028,1772649383.539156
FP000188,L0_X14_Y6,L0_X8_Y5,4,L2_X12_Y6,6768.428263,15.994927,34.428263,319.600869,6734.0,7053.600869,25,0.309725,5.641028,1772649383.539156
FP000188,L0_X14_Y6,L0_X8_Y5,5,L2_X11_Y6,6784.423181,15.994918,50.423181,319.600869,6734.0,7053.600869,25,0.309725,5.641028,1772649383.539156
FP000188,L0_X14_Y6,L0_X8_Y5,6,L2_X11_Y5,6800.440032,16.016851,66.440032,319.600869,6734.0,7053.600869,25,0.309725,5.641028,1772649383.539156
FP000188,L0_X14_Y6,L0_X8_Y5,7,L2_X10_Y5,6816.434945,15.994914,82.434945,319.600869,6734.0,7053.600869,25,0.309725,5.641028,1772649383.539156
FP000188,L0_X14_Y6,L0_X8_Y5,8,L3_X10_Y5,6817.654145,1.2192,83.654145,319.600869,6734.0,7053.600869,25,0.309725,5.641028,1772649383.539156
FP000188,L0_X14_Y6,L0_X8_Y5,9,L3_X9_Y5,6833.649051,15.994905,99.649051,319.600869,6734.0,7053.600869,25,0.309725,5.641028,1772649383.539156
FP000188,L0_X14_Y6,L0_X8_Y5,10,L3_X8_Y5,6849.643947,15.994897,115.643947,319.600869,6734.0,7053.600869,25,0.309725,5.641028,1772649383.539156
FP000188,L0_X14_Y6,L0_X8_Y5,11,L2_X8_Y5,6850.863147,1.2192,116.863147,319.600869,6734.0,7053.600869,25,0.309725,5.641028,1772649383.539156
FP000188,L0_X14_Y6,L0_X8_Y5,12,L1_X8_Y5,6852.082347,1.2192,118.082347,319.600869,6734.0,7053.600869,25,0.309725,5.641028,1772649383.539156
FP000188,L0_X14_Y6,L0_X8_Y5,13,L0_X8_Y5,6853.301547,1.2192,119.301547,319.600869,6734.0,7053.600869,25,0.309725,5.641028,1772649383.539156
FP000188,L0_X14_Y6,L0_X8_Y5,14,L0_X8_Y5,6913.301547,60.0,179.301547,319.600869,6734.0,7053.600869,25,0.309725,5.641028,1772649383.539156
FP000188,L0_X14_Y6,L0_X8_Y5,15,L1_X8_Y5,6935.520747,22.2192,201.520747,319.600869,6734.0,7053.600869,25,0.309725,5.641028,1772649383.539156
FP000188,L0_X14_Y6,L0_X8_Y5,16,L2_X8_Y5,6936.739947,1.2192,202.739947,319.600869,6734.0,7053.600869,25,0.309725,5.641028,1772649383.539156
FP000188,L0_X14_Y6,L0_X8_Y5,17,L3_X8_Y5,6937.959147,1.2192,203.959147,319.600869,6734.0,7053.600869,25,0.309725,5.641028,1772649383.539156
FP000188,L0_X14_Y6,L0_X8_Y5,18,L3_X9_Y5,6953.954044,15.994897,219.954044,319.600869,6734.0,7053.600869,25,0.309725,5.641028,1772649383.539156
FP000188,L0_X14_Y6,L0_X8_Y5,19,L3_X10_Y5,6969.948949,15.994905,235.948949,319.600869,6734.0,7053.600869,25,0.309725,5.641028,1772649383.539156
FP000188,L0_X14_Y6,L0_X8_Y5,20,L3_X11_Y5,6985.943863,15.994914,251.943863,319.600869,6734.0,7053.600869,25,0.309725,5.641028,1772649383.539156
FP000188,L0_X14_Y6,L0_X8_Y5,21,L3_X12_Y5,7001.938786,15.994923,267.938786,319.600869,6734.0,7053.600869,25,0.309725,5.641028,1772649383.539156
FP000188,L0_X14_Y6,L0_X8_Y5,22,L3_X13_Y5,7017.933717,15.994931,283.933717,319.600869,6734.0,7053.600869,25,0.309725,5.641028,1772649383.539156
FP000188,L0_X14_Y6,L0_X8_Y5,23,L3_X14_Y5,7033.928657,15.99494,299.928657,319.600869,6734.0,7053.600869,25,0.309725,5.641028,1772649383.539156
FP000188,L0_X14_Y6,L0_X8_Y5,24,L3_X14_Y6,7049.943269,16.014613,315.943269,319.600869,6734.0,7053.600869,25,0.309725,5.641028,1772649383.539156
FP000188,L0_X14_Y6,L0_X8_Y5,25,L2_X14_Y6,7051.162469,1.2192,317.162469,319.600869,6734.0,7053.600869,25,0.309725,5.641028,1772649383.539156
FP000188,L0_X14_Y6,L0_X8_Y5,26,L1_X14_Y6,7052.381669,1.2192,318.381669,319.600869,6734.0,7053.600869,25,0.309725,5.641028,1772649383.539156
FP000188,L0_X14_Y6,L0_X8_Y5,27,L0_X14_Y6,7053.600869,1.2192,319.600869,319.600869,6734.0,7053.600869,25,0.309725,5.641028,1772649383.539156
FP000189,L0_X14_Y6,L0_X14_Y2,0,L0_X14_Y6,6763.0,0.0,0.0,250.863423,6763.0,7013.863423,25,0.512182,4.073154,1772649388.016182
FP000189,L0_X14_Y6,L0_X14_Y2,1,L1_X14_Y6,6764.2192,1.2192,1.2192,250.863423,6763.0,7013.863423,25,0.512182,4.073154,1772649388.016182
FP000189,L0_X14_Y6,L0_X14_Y2,2,L2_X14_Y6,6765.4384,1.2192,2.4384,250.863423,6763.0,7013.863423,25,0.512182,4.073154,1772649388.016182
FP000189,L0_X14_Y6,L0_X14_Y2,3,L2_X13_Y6,6781.433336,15.994936,18.433336,250.863423,6763.0,7013.863423,25,0.512182,4.073154,1772649388.016182
FP000189,L0_X14_Y6,L0_X14_Y2,4,L2_X13_Y5,6797.448694,16.015359,34.448694,250.863423,6763.0,7013.863423,25,0.512182,4.073154,1772649388.016182
FP000189,L0_X14_Y6,L0_X14_Y2,5,L2_X13_Y4,6813.464057,16.015363,50.464057,250.863423,6763.0,7013.863423,25,0.512182,4.073154,1772649388.016182
FP000189,L0_X14_Y6,L0_X14_Y2,6,L2_X13_Y3,6829.479424,16.015367,66.479424,250.863423,6763.0,7013.863423,25,0.512182,4.073154,1772649388.016182
FP000189,L0_X14_Y6,L0_X14_Y2,7,L2_X13_Y2,6845.494796,16.015371,82.494796,250.863423,6763.0,7013.863423,25,0.512182,4.073154,1772649388.016182
FP000189,L0_X14_Y6,L0_X14_Y2,8,L2_X14_Y2,6861.489748,15.994952,98.489748,250.863423,6763.0,7013.863423,25,0.512182,4.073154,1772649388.016182
FP000189,L0_X14_Y6,L0_X14_Y2,9,L1_X14_Y2,6862.708948,1.2192,99.708948,250.863423,6763.0,7013.863423,25,0.512182,4.073154,1772649388.016182
FP000189,L0_X14_Y6,L0_X14_Y2,10,L0_X14_Y2,6863.928148,1.2192,100.928148,250.863423,6763.0,7013.863423,25,0.512182,4.073154,1772649388.016182
FP000189,L0_X14_Y6,L0_X14_Y2,11,L0_X14_Y2,6923.928148,60.0,160.928148,250.863423,6763.0,7013.863423,25,0.512182,4.073154,1772649388.016182
FP000189,L0_X14_Y6,L0_X14_Y2,12,L1_X14_Y2,6946.147348,22.2192,183.147348,250.863423,6763.0,7013.863423,25,0.512182,4.073154,1772649388.016182
FP000189,L0_X14_Y6,L0_X14_Y2,13,L2_X14_Y2,6947.366548,1.2192,184.366548,250.863423,6763.0,7013.863423,25,0.512182,4.073154,1772649388.016182
FP000189,L0_X14_Y6,L0_X14_Y2,14,L2_X14_Y3,6963.381173,16.014625,200.381173,250.863423,6763.0,7013.863423,25,0.512182,4.073154,1772649388.016182
FP000189,L0_X14_Y6,L0_X14_Y2,15,L2_X14_Y4,6979.395794,16.014621,216.395794,250.863423,6763.0,7013.863423,25,0.512182,4.073154,1772649388.016182
FP000189,L0_X14_Y6,L0_X14_Y2,16,L2_X14_Y5,6995.410411,16.014617,232.410411,250.863423,6763.0,7013.863423,25,0.512182,4.073154,1772649388.016182
FP000189,L0_X14_Y6,L0_X14_Y2,17,L2_X14_Y6,7011.425023,16.014613,248.425023,250.863423,6763.0,7013.863423,25,0.512182,4.073154,1772649388.016182
FP000189,L0_X14_Y6,L0_X14_Y2,18,L1_X14_Y6,7012.644223,1.2192,249.644223,250.863423,6763.0,7013.863423,25,0.512182,4.073154,1772649388.016182
FP000189,L0_X14_Y6,L0_X14_Y2,19,L0_X14_Y6,7013.863423,1.2192,250.863423,250.863423,6763.0,7013.863423,25,0.512182,4.073154,1772649388.016182
FP000191,L0_X0_Y2,L0_X13_Y3,0,L0_X0_Y2,6820.0,0.0,0.0,538.655984,6820.0,7358.655984,25,1.047988,3.035267,1772649395.044477
FP000191,L0_X0_Y2,L0_X13_Y3,1,L1_X0_Y2,6821.2192,1.2192,1.2192,538.655984,6820.0,7358.655984,25,1.047988,3.035267,1772649395.044477
FP000191,L0_X0_Y2,L0_X13_Y3,2,L2_X0_Y2,6822.4384,1.2192,2.4384,538.655984,6820.0,7358.655984,25,1.047988,3.035267,1772649395.044477
FP000191,L0_X0_Y2,L0_X13_Y3,3,L2_X1_Y2,6838.43324,15.99484,18.43324,538.655984,6820.0,7358.655984,25,1.047988,3.035267,1772649395.044477
FP000191,L0_X0_Y2,L0_X13_Y3,4,L2_X2_Y2,6854.428089,15.994849,34.428089,538.655984,6820.0,7358.655984,25,1.047988,3.035267,1772649395.044477
FP000191,L0_X0_Y2,L0_X13_Y3,5,L2_X3_Y2,6870.422946,15.994857,50.422946,538.655984,6820.0,7358.655984,25,1.047988,3.035267,1772649395.044477
FP000191,L0_X0_Y2,L0_X13_Y3,6,L2_X4_Y2,6886.417812,15.994866,66.417812,538.655984,6820.0,7358.655984,25,1.047988,3.035267,1772649395.044477
FP000191,L0_X0_Y2,L0_X13_Y3,7,L2_X5_Y2,6902.412687,15.994875,82.412687,538.655984,6820.0,7358.655984,25,1.047988,3.035267,1772649395.044477
FP000191,L0_X0_Y2,L0_X13_Y3,8,L2_X6_Y2,6918.407571,15.994883,98.407571,538.655984,6820.0,7358.655984,25,1.047988,3.035267,1772649395.044477
FP000191,L0_X0_Y2,L0_X13_Y3,9,L2_X7_Y2,6934.402462,15.994892,114.402462,538.655984,6820.0,7358.655984,25,1.047988,3.035267,1772649395.044477
FP000191,L0_X0_Y2,L0_X13_Y3,10,L2_X7_Y3,6950.42231,16.019848,130.42231,538.655984,6820.0,7358.655984,25,1.047988,3.035267,1772649395.044477
FP000191,L0_X0_Y2,L0_X13_Y3,11,L2_X8_Y3,6966.417206,15.994896,146.417206,538.655984,6820.0,7358.655984,25,1.047988,3.035267,1772649395.044477
FP000191,L0_X0_Y2,L0_X13_Y3,12,L2_X9_Y3,6982.412111,15.994905,162.412111,538.655984,6820.0,7358.655984,25,1.047988,3.035267,1772649395.044477
FP000191,L0_X0_Y2,L0_X13_Y3,13,L2_X10_Y3,6998.407025,15.994914,178.407025,538.655984,6820.0,7358.655984,25,1.047988,3.035267,1772649395.044477
FP000191,L0_X0_Y2,L0_X13_Y3,14,L1_X10_Y3,6999.626225,1.2192,179.626225,538.655984,6820.0,7358.655984,25,1.047988,3.035267,1772649395.044477
FP000191,L0_X0_Y2,L0_X13_Y3,15,L1_X11_Y3,7015.621147,15.994922,195.621147,538.655984,6820.0,7358.655984,25,1.047988,3.035267,1772649395.044477
FP000191,L0_X0_Y2,L0_X13_Y3,16,L1_X12_Y3,7031.616078,15.994931,211.616078,538.655984,6820.0,7358.655984,25,1.047988,3.035267,1772649395.044477
FP000191,L0_X0_Y2,L0_X13_Y3,17,L1_X13_Y3,7047.611018,15.99494,227.611018,538.655984,6820.0,7358.655984,25,1.047988,3.035267,1772649395.044477
FP000191,L0_X0_Y2,L0_X13_Y3,18,L0_X13_Y3,7048.830218,1.2192,228.830218,538.655984,6820.0,7358.655984,25,1.047988,3.035267,1772649395.044477
FP000191,L0_X0_Y2,L0_X13_Y3,19,L0_X13_Y3,7108.830218,60.0,288.830218,538.655984,6820.0,7358.655984,25,1.047988,3.035267,1772649395.044477
FP000191,L0_X0_Y2,L0_X13_Y3,20,L1_X13_Y3,7131.049418,22.2192,311.049418,538.655984,6820.0,7358.655984,25,1.047988,3.035267,1772649395.044477
FP000191,L0_X0_Y2,L0_X13_Y3,21,L2_X13_Y3,7132.268618,1.2192,312.268618,538.655984,6820.0,7358.655984,25,1.047988,3.035267,1772649395.044477
FP000191,L0_X0_Y2,L0_X13_Y3,22,L2_X13_Y2,7148.283989,16.015371,328.283989,538.655984,6820.0,7358.655984,25,1.047988,3.035267,1772649395.044477
FP000191,L0_X0_Y2,L0_X13_Y3,23,L2_X12_Y2,7164.278933,15.994944,344.278933,538.655984,6820.0,7358.655984,25,1.047988,3.035267,1772649395.044477
FP000191,L0_X0_Y2,L0_X13_Y3,24,L2_X11_Y2,7180.273868,15.994935,360.273868,538.655984,6820.0,7358.655984,25,1.047988,3.035267,1772649395.044477
FP000191,L0_X0_Y2,L0_X13_Y3,25,L2_X10_Y2,7196.268794,15.994926,376.268794,538.655984,6820.0,7358.655984,25,1.047988,3.035267,1772649395.044477
FP000191,L0_X0_Y2,L0_X13_Y3,26,L2_X9_Y2,7212.263712,15.994918,392.263712,538.655984,6820.0,7358.655984,25,1.047988,3.035267,1772649395.044477
FP000191,L0_X0_Y2,L0_X13_Y3,27,L2_X8_Y2,7228.258621,15.994909,408.258621,538.655984,6820.0,7358.655984,25,1.047988,3.035267,1772649395.044477
FP000191,L0_X0_Y2,L0_X13_Y3,28,L2_X7_Y2,7244.253522,15.994901,424.253522,538.655984,6820.0,7358.655984,25,1.047988,3.035267,1772649395.044477
FP000191,L0_X0_Y2,L0_X13_Y3,29,L2_X6_Y2,7260.248414,15.994892,440.248414,538.655984,6820.0,7358.655984,25,1.047988,3.035267,1772649395.044477
FP000191,L0_X0_Y2,L0_X13_Y3,30,L2_X5_Y2,7276.243297,15.994883,456.243297,538.655984,6820.0,7358.655984,25,1.047988,3.035267,1772649395.044477
FP000191,L0_X0_Y2,L0_X13_Y3,31,L2_X4_Y2,7292.238172,15.994875,472.238172,538.655984,6820.0,7358.655984,25,1.047988,3.035267,1772649395.044477
FP000191,L0_X0_Y2,L0_X13_Y3,32,L2_X3_Y2,7308.233038,15.994866,488.233038,538.655984,6820.0,7358.655984,25,1.047988,3.035267,1772649395.044477
FP000191,L0_X0_Y2,L0_X13_Y3,33,L2_X2_Y2,7324.227895,15.994857,504.227895,538.655984,6820.0,7358.655984,25,1.047988,3.035267,1772649395.044477
FP000191,L0_X0_Y2,L0_X13_Y3,34,L2_X1_Y2,7340.222744,15.994849,520.222744,538.655984,6820.0,7358.655984,25,1.047988,3.035267,1772649395.044477
FP000191,L0_X0_Y2,L0_X13_Y3,35,L2_X0_Y2,7356.217584,15.99484,536.217584,538.655984,6820.0,7358.655984,25,1.047988,3.035267,1772649395.044477
FP000191,L0_X0_Y2,L0_X13_Y3,36,L1_X0_Y2,7357.436784,1.2192,537.436784,538.655984,6820.0,7358.655984,25,1.047988,3.035267,1772649395.044477
FP000191,L0_X0_Y2,L0_X13_Y3,37,L0_X0_Y2,7358.655984,1.2192,538.655984,538.655984,6820.0,7358.655984,25,1.047988,3.035267,1772649395.044477
FP000193,L0_X14_Y6,L0_X3_Y3,0,L0_X14_Y6,6922.0,0.0,0.0,588.730695,6872.0,7460.730695,25,0.194921,0.003039,1772649397.650818
FP000193,L0_X14_Y6,L0_X3_Y3,1,L1_X14_Y6,6923.2192,1.2192,51.2192,588.730695,6872.0,7460.730695,25,0.194921,0.003039,1772649397.650818
FP000193,L0_X14_Y6,L0_X3_Y3,2,L2_X14_Y6,6924.4384,1.2192,52.4384,588.730695,6872.0,7460.730695,25,0.194921,0.003039,1772649397.650818
FP000193,L0_X14_Y6,L0_X3_Y3,3,L2_X14_Y5,6940.453013,16.014613,68.453013,588.730695,6872.0,7460.730695,25,0.194921,0.003039,1772649397.650818
FP000193,L0_X14_Y6,L0_X3_Y3,4,L2_X14_Y4,6956.467629,16.014617,84.467629,588.730695,6872.0,7460.730695,25,0.194921,0.003039,1772649397.650818
FP000193,L0_X14_Y6,L0_X3_Y3,5,L2_X13_Y4,6972.462573,15.994944,100.462573,588.730695,6872.0,7460.730695,25,0.194921,0.003039,1772649397.650818
FP000193,L0_X14_Y6,L0_X3_Y3,6,L2_X12_Y4,6988.457509,15.994935,116.457509,588.730695,6872.0,7460.730695,25,0.194921,0.003039,1772649397.650818
FP000193,L0_X14_Y6,L0_X3_Y3,7,L2_X12_Y3,7004.473622,16.016113,132.473622,588.730695,6872.0,7460.730695,25,0.194921,0.003039,1772649397.650818
FP000193,L0_X14_Y6,L0_X3_Y3,8,L2_X11_Y3,7020.468553,15.994931,148.468553,588.730695,6872.0,7460.730695,25,0.194921,0.003039,1772649397.650818
FP000193,L0_X14_Y6,L0_X3_Y3,9,L2_X10_Y3,7036.463475,15.994922,164.463475,588.730695,6872.0,7460.730695,25,0.194921,0.003039,1772649397.650818
FP000193,L0_X14_Y6,L0_X3_Y3,10,L2_X9_Y3,7052.458389,15.994914,180.458389,588.730695,6872.0,7460.730695,25,0.194921,0.003039,1772649397.650818
FP000193,L0_X14_Y6,L0_X3_Y3,11,L2_X8_Y3,7068.453294,15.994905,196.453294,588.730695,6872.0,7460.730695,25,0.194921,0.003039,1772649397.650818
FP000193,L0_X14_Y6,L0_X3_Y3,12,L2_X7_Y3,7084.44819,15.994896,212.44819,588.730695,6872.0,7460.730695,25,0.194921,0.003039,1772649397.650818
FP000193,L0_X14_Y6,L0_X3_Y3,13,L2_X6_Y3,7100.443078,15.994888,228.443078,588.730695,6872.0,7460.730695,25,0.194921,0.003039,1772649397.650818
FP000193,L0_X14_Y6,L0_X3_Y3,14,L2_X5_Y3,7116.437957,15.994879,244.437957,588.730695,6872.0,7460.730695,25,0.194921,0.003039,1772649397.650818
FP000193,L0_X14_Y6,L0_X3_Y3,15,L2_X4_Y3,7132.432828,15.994871,260.432828,588.730695,6872.0,7460.730695,25,0.194921,0.003039,1772649397.650818
FP000193,L0_X14_Y6,L0_X3_Y3,16,L2_X3_Y3,7148.42769,15.994862,276.42769,588.730695,6872.0,7460.730695,25,0.194921,0.003039,1772649397.650818
FP000193,L0_X14_Y6,L0_X3_Y3,17,L1_X3_Y3,7149.64689,1.2192,277.64689,588.730695,6872.0,7460.730695,25,0.194921,0.003039,1772649397.650818
FP000193,L0_X14_Y6,L0_X3_Y3,18,L0_X3_Y3,7150.86609,1.2192,278.86609,588.730695,6872.0,7460.730695,25,0.194921,0.003039,1772649397.650818
FP000193,L0_X14_Y6,L0_X3_Y3,19,L0_X3_Y3,7210.86609,60.0,338.86609,588.730695,6872.0,7460.730695,25,0.194921,0.003039,1772649397.650818
FP000193,L0_X14_Y6,L0_X3_Y3,20,L1_X3_Y3,7233.08529,22.2192,361.08529,588.730695,6872.0,7460.730695,25,0.194921,0.003039,1772649397.650818
FP000193,L0_X14_Y6,L0_X3_Y3,21,L2_X3_Y3,7234.30449,1.2192,362.30449,588.730695,6872.0,7460.730695,25,0.194921,0.003039,1772649397.650818
FP000193,L0_X14_Y6,L0_X3_Y3,22,L2_X4_Y3,7250.299351,15.994862,378.299351,588.730695,6872.0,7460.730695,25,0.194921,0.003039,1772649397.650818
FP000193,L0_X14_Y6,L0_X3_Y3,23,L2_X5_Y3,7266.294222,15.994871,394.294222,588.730695,6872.0,7460.730695,25,0.194921,0.003039,1772649397.650818
FP000193,L0_X14_Y6,L0_X3_Y3,24,L2_X6_Y3,7282.289101,15.994879,410.289101,588.730695,6872.0,7460.730695,25,0.194921,0.003039,1772649397.650818
FP000193,L0_X14_Y6,L0_X3_Y3,25,L2_X7_Y3,7298.283989,15.994888,426.283989,588.730695,6872.0,7460.730695,25,0.194921,0.003039,1772649397.650818
FP000193,L0_X14_Y6,L0_X3_Y3,26,L2_X8_Y3,7314.278885,15.994896,442.278885,588.730695,6872.0,7460.730695,25,0.194921,0.003039,1772649397.650818
FP000193,L0_X14_Y6,L0_X3_Y3,27,L2_X9_Y3,7330.27379,15.994905,458.27379,588.730695,6872.0,7460.730695,25,0.194921,0.003039,1772649397.650818
FP000193,L0_X14_Y6,L0_X3_Y3,28,L2_X10_Y3,7346.268704,15.994914,474.268704,588.730695,6872.0,7460.730695,25,0.194921,0.003039,1772649397.650818
FP000193,L0_X14_Y6,L0_X3_Y3,29,L2_X11_Y3,7362.263626,15.994922,490.263626,588.730695,6872.0,7460.730695,25,0.194921,0.003039,1772649397.650818
FP000193,L0_X14_Y6,L0_X3_Y3,30,L2_X12_Y3,7378.258557,15.994931,506.258557,588.730695,6872.0,7460.730695,25,0.194921,0.003039,1772649397.650818
FP000193,L0_X14_Y6,L0_X3_Y3,31,L2_X13_Y3,7394.253497,15.99494,522.253497,588.730695,6872.0,7460.730695,25,0.194921,0.003039,1772649397.650818
FP000193,L0_X14_Y6,L0_X3_Y3,32,L2_X14_Y3,7410.248445,15.994948,538.248445,588.730695,6872.0,7460.730695,25,0.194921,0.003039,1772649397.650818
FP000193,L0_X14_Y6,L0_X3_Y3,33,L2_X14_Y4,7426.263066,16.014621,554.263066,588.730695,6872.0,7460.730695,25,0.194921,0.003039,1772649397.650818
FP000193,L0_X14_Y6,L0_X3_Y3,34,L2_X14_Y5,7442.277682,16.014617,570.277682,588.730695,6872.0,7460.730695,25,0.194921,0.003039,1772649397.650818
FP000193,L0_X14_Y6,L0_X3_Y3,35,L2_X14_Y6,7458.292295,16.014613,586.292295,588.730695,6872.0,7460.730695,25,0.194921,0.003039,1772649397.650818
FP000193,L0_X14_Y6,L0_X3_Y3,36,L1_X14_Y6,7459.511495,1.2192,587.511495,588.730695,6872.0,7460.730695,25,0.194921,0.003039,1772649397.650818
FP000193,L0_X14_Y6,L0_X3_Y3,37,L0_X14_Y6,7460.730695,1.2192,588.730695,588.730695,6872.0,7460.730695,25,0.194921,0.003039,1772649397.650818
FP000195,L0_X14_Y6,L0_X14_Y2,0,L0_X14_Y6,6943.0,0.0,0.0,244.308951,6920.0,7164.308951,25,0.035053,0.006155,1772649397.766429
FP000195,L0_X14_Y6,L0_X14_Y2,1,L1_X14_Y6,6944.2192,1.2192,24.2192,244.308951,6920.0,7164.308951,25,0.035053,0.006155,1772649397.766429
FP000195,L0_X14_Y6,L0_X14_Y2,2,L2_X14_Y6,6945.4384,1.2192,25.4384,244.308951,6920.0,7164.308951,25,0.035053,0.006155,1772649397.766429
FP000195,L0_X14_Y6,L0_X14_Y2,3,L2_X14_Y5,6961.453013,16.014613,41.453013,244.308951,6920.0,7164.308951,25,0.035053,0.006155,1772649397.766429
FP000195,L0_X14_Y6,L0_X14_Y2,4,L3_X14_Y5,6962.672213,1.2192,42.672213,244.308951,6920.0,7164.308951,25,0.035053,0.006155,1772649397.766429
FP000195,L0_X14_Y6,L0_X14_Y2,5,L3_X14_Y4,6978.686829,16.014617,58.686829,244.308951,6920.0,7164.308951,25,0.035053,0.006155,1772649397.766429
FP000195,L0_X14_Y6,L0_X14_Y2,6,L3_X14_Y3,6994.70145,16.014621,74.70145,244.308951,6920.0,7164.308951,25,0.035053,0.006155,1772649397.766429
FP000195,L0_X14_Y6,L0_X14_Y2,7,L3_X14_Y2,7010.716075,16.014625,90.716075,244.308951,6920.0,7164.308951,25,0.035053,0.006155,1772649397.766429
FP000195,L0_X14_Y6,L0_X14_Y2,8,L2_X14_Y2,7011.935275,1.2192,91.935275,244.308951,6920.0,7164.308951,25,0.035053,0.006155,1772649397.766429
FP000195,L0_X14_Y6,L0_X14_Y2,9,L1_X14_Y2,7013.154475,1.2192,93.154475,244.308951,6920.0,7164.308951,25,0.035053,0.006155,1772649397.766429
FP000195,L0_X14_Y6,L0_X14_Y2,10,L0_X14_Y2,7014.373675,1.2192,94.373675,244.308951,6920.0,7164.308951,25,0.035053,0.006155,1772649397.766429
FP000195,L0_X14_Y6,L0_X14_Y2,11,L0_X14_Y2,7074.373675,60.0,154.373675,244.308951,6920.0,7164.308951,25,0.035053,0.006155,1772649397.766429
FP000195,L0_X14_Y6,L0_X14_Y2,12,L1_X14_Y2,7096.592875,22.2192,176.592875,244.308951,6920.0,7164.308951,25,0.035053,0.006155,1772649397.766429
FP000195,L0_X14_Y6,L0_X14_Y2,13,L2_X14_Y2,7097.812075,1.2192,177.812075,244.308951,6920.0,7164.308951,25,0.035053,0.006155,1772649397.766429
FP000195,L0_X14_Y6,L0_X14_Y2,14,L2_X14_Y3,7113.8267,16.014625,193.8267,244.308951,6920.0,7164.308951,25,0.035053,0.006155,1772649397.766429
FP000195,L0_X14_Y6,L0_X14_Y2,15,L2_X14_Y4,7129.841321,16.014621,209.841321,244.308951,6920.0,7164.308951,25,0.035053,0.006155,1772649397.766429
FP000195,L0_X14_Y6,L0_X14_Y2,16,L2_X14_Y5,7145.855938,16.014617,225.855938,244.308951,6920.0,7164.308951,25,0.035053,0.006155,1772649397.766429
FP000195,L0_X14_Y6,L0_X14_Y2,17,L2_X14_Y6,7161.870551,16.014613,241.870551,244.308951,6920.0,7164.308951,25,0.035053,0.006155,1772649397.766429
FP000195,L0_X14_Y6,L0_X14_Y2,18,L1_X14_Y6,7163.089751,1.2192,243.089751,244.308951,6920.0,7164.308951,25,0.035053,0.006155,1772649397.766429
FP000195,L0_X14_Y6,L0_X14_Y2,19,L0_X14_Y6,7164.308951,1.2192,244.308951,244.308951,6920.0,7164.308951,25,0.035053,0.006155,1772649397.766429
FP000196,L0_X14_Y6,L0_X13_Y0,0,L0_X14_Y6,6964.0,0.0,0.0,338.357397,6943.0,7281.357397,25,0.047696,0.071555,1772649397.852913
FP000196,L0_X14_Y6,L0_X13_Y0,1,L1_X14_Y6,6965.2192,1.2192,22.2192,338.357397,6943.0,7281.357397,25,0.047696,0.071555,1772649397.852913
FP000196,L0_X14_Y6,L0_X13_Y0,2,L2_X14_Y6,6966.4384,1.2192,23.4384,338.357397,6943.0,7281.357397,25,0.047696,0.071555,1772649397.852913
FP000196,L0_X14_Y6,L0_X13_Y0,3,L3_X14_Y6,6967.6576,1.2192,24.6576,338.357397,6943.0,7281.357397,25,0.047696,0.071555,1772649397.852913
FP000196,L0_X14_Y6,L0_X13_Y0,4,L3_X14_Y5,6983.672213,16.014613,40.672213,338.357397,6943.0,7281.357397,25,0.047696,0.071555,1772649397.852913
FP000196,L0_X14_Y6,L0_X13_Y0,5,L3_X14_Y4,6999.686829,16.014617,56.686829,338.357397,6943.0,7281.357397,25,0.047696,0.071555,1772649397.852913
FP000196,L0_X14_Y6,L0_X13_Y0,6,L3_X14_Y3,7015.70145,16.014621,72.70145,338.357397,6943.0,7281.357397,25,0.047696,0.071555,1772649397.852913
FP000196,L0_X14_Y6,L0_X13_Y0,7,L3_X14_Y2,7031.716075,16.014625,88.716075,338.357397,6943.0,7281.357397,25,0.047696,0.071555,1772649397.852913
FP000196,L0_X14_Y6,L0_X13_Y0,8,L3_X14_Y1,7047.730704,16.014629,104.730704,338.357397,6943.0,7281.357397,25,0.047696,0.071555,1772649397.852913
FP000196,L0_X14_Y6,L0_X13_Y0,9,L3_X14_Y0,7063.745338,16.014633,120.745338,338.357397,6943.0,7281.357397,25,0.047696,0.071555,1772649397.852913
FP000196,L0_X14_Y6,L0_X13_Y0,10,L3_X13_Y0,7079.740298,15.994961,136.740298,338.357397,6943.0,7281.357397,25,0.047696,0.071555,1772649397.852913
FP000196,L0_X14_Y6,L0_X13_Y0,11,L2_X13_Y0,7080.959498,1.2192,137.959498,338.357397,6943.0,7281.357397,25,0.047696,0.071555,1772649397.852913
FP000196,L0_X14_Y6,L0_X13_Y0,12,L1_X13_Y0,7082.178698,1.2192,139.178698,338.357397,6943.0,7281.357397,25,0.047696,0.071555,1772649397.852913
FP000196,L0_X14_Y6,L0_X13_Y0,13,L0_X13_Y0,7083.397898,1.2192,140.397898,338.357397,6943.0,7281.357397,25,0.047696,0.071555,1772649397.852913
FP000196,L0_X14_Y6,L0_X13_Y0,14,L0_X13_Y0,7143.397898,60.0,200.397898,338.357397,6943.0,7281.357397,25,0.047696,0.071555,1772649397.852913
FP000196,L0_X14_Y6,L0_X13_Y0,15,L1_X13_Y0,7165.617098,22.2192,222.617098,338.357397,6943.0,7281.357397,25,0.047696,0.071555,1772649397.852913
FP000196,L0_X14_Y6,L0_X13_Y0,16,L2_X13_Y0,7166.836298,1.2192,223.836298,338.357397,6943.0,7281.357397,25,0.047696,0.071555,1772649397.852913
FP000196,L0_X14_Y6,L0_X13_Y0,17,L2_X14_Y0,7182.831259,15.994961,239.831259,338.357397,6943.0,7281.357397,25,0.047696,0.071555,1772649397.852913
FP000196,L0_X14_Y6,L0_X13_Y0,18,L2_X14_Y1,7198.845892,16.014633,255.845892,338.357397,6943.0,7281.357397,25,0.047696,0.071555,1772649397.852913
FP000196,L0_X14_Y6,L0_X13_Y0,19,L2_X14_Y2,7214.860521,16.014629,271.860521,338.357397,6943.0,7281.357397,25,0.047696,0.071555,1772649397.852913
FP000196,L0_X14_Y6,L0_X13_Y0,20,L2_X14_Y3,7230.875146,16.014625,287.875146,338.357397,6943.0,7281.357397,25,0.047696,0.071555,1772649397.852913
FP000196,L0_X14_Y6,L0_X13_Y0,21,L2_X14_Y4,7246.889767,16.014621,303.889767,338.357397,6943.0,7281.357397,25,0.047696,0.071555,1772649397.852913
FP000196,L0_X14_Y6,L0_X13_Y0,22,L2_X14_Y5,7262.904384,16.014617,319.904384,338.357397,6943.0,7281.357397,25,0.047696,0.071555,1772649397.852913
FP000196,L0_X14_Y6,L0_X13_Y0,23,L2_X14_Y6,7278.918997,16.014613,335.918997,338.357397,6943.0,7281.357397,25,0.047696,0.071555,1772649397.852913
FP000196,L0_X14_Y6,L0_X13_Y0,24,L1_X14_Y6,7280.138197,1.2192,337.138197,338.357397,6943.0,7281.357397,25,0.047696,0.071555,1772649397.852913
FP000196,L0_X14_Y6,L0_X13_Y0,25,L0_X14_Y6,7281.357397,1.2192,338.357397,338.357397,6943.0,7281.357397,25,0.047696,0.071555,1772649397.852913
FP000197,L0_X0_Y2,L0_X12_Y4,0,L0_X0_Y2,7134.0,0.0,0.0,574.704264,7098.0,7672.704264,25,0.177012,0.095371,1772649398.078601
FP000197,L0_X0_Y2,L0_X12_Y4,1,L1_X0_Y2,7135.2192,1.2192,37.2192,574.704264,7098.0,7672.704264,25,0.177012,0.095371,1772649398.078601
FP000197,L0_X0_Y2,L0_X12_Y4,2,L2_X0_Y2,7136.4384,1.2192,38.4384,574.704264,7098.0,7672.704264,25,0.177012,0.095371,1772649398.078601
FP000197,L0_X0_Y2,L0_X12_Y4,3,L2_X0_Y3,7152.463467,16.025067,54.463467,574.704264,7098.0,7672.704264,25,0.177012,0.095371,1772649398.078601
FP000197,L0_X0_Y2,L0_X12_Y4,4,L2_X1_Y3,7168.458303,15.994836,70.458303,574.704264,7098.0,7672.704264,25,0.177012,0.095371,1772649398.078601
FP000197,L0_X0_Y2,L0_X12_Y4,5,L2_X2_Y3,7184.453148,15.994845,86.453148,574.704264,7098.0,7672.704264,25,0.177012,0.095371,1772649398.078601
FP000197,L0_X0_Y2,L0_X12_Y4,6,L2_X3_Y3,7200.448001,15.994853,102.448001,574.704264,7098.0,7672.704264,25,0.177012,0.095371,1772649398.078601
FP000197,L0_X0_Y2,L0_X12_Y4,7,L2_X4_Y3,7216.442863,15.994862,118.442863,574.704264,7098.0,7672.704264,25,0.177012,0.095371,1772649398.078601
FP000197,L0_X0_Y2,L0_X12_Y4,8,L2_X5_Y3,7232.437733,15.994871,134.437733,574.704264,7098.0,7672.704264,25,0.177012,0.095371,1772649398.078601
FP000197,L0_X0_Y2,L0_X12_Y4,9,L2_X6_Y3,7248.432612,15.994879,150.432612,574.704264,7098.0,7672.704264,25,0.177012,0.095371,1772649398.078601
FP000197,L0_X0_Y2,L0_X12_Y4,10,L2_X7_Y3,7264.4275,15.994888,166.4275,574.704264,7098.0,7672.704264,25,0.177012,0.095371,1772649398.078601
FP000197,L0_X0_Y2,L0_X12_Y4,11,L1_X7_Y3,7265.6467,1.2192,167.6467,574.704264,7098.0,7672.704264,25,0.177012,0.095371,1772649398.078601
FP000197,L0_X0_Y2,L0_X12_Y4,12,L1_X8_Y3,7281.641597,15.994896,183.641597,574.704264,7098.0,7672.704264,25,0.177012,0.095371,1772649398.078601
FP000197,L0_X0_Y2,L0_X12_Y4,13,L1_X9_Y3,7297.636502,15.994905,199.636502,574.704264,7098.0,7672.704264,25,0.177012,0.095371,1772649398.078601
FP000197,L0_X0_Y2,L0_X12_Y4,14,L1_X10_Y3,7313.631415,15.994914,215.631415,574.704264,7098.0,7672.704264,25,0.177012,0.095371,1772649398.078601
FP000197,L0_X0_Y2,L0_X12_Y4,15,L1_X11_Y3,7329.626338,15.994922,231.626338,574.704264,7098.0,7672.704264,25,0.177012,0.095371,1772649398.078601
FP000197,L0_X0_Y2,L0_X12_Y4,16,L1_X12_Y3,7345.621268,15.994931,247.621268,574.704264,7098.0,7672.704264,25,0.177012,0.095371,1772649398.078601
FP000197,L0_X0_Y2,L0_X12_Y4,17,L1_X12_Y4,7361.637382,16.016113,263.637382,574.704264,7098.0,7672.704264,25,0.177012,0.095371,1772649398.078601
FP000197,L0_X0_Y2,L0_X12_Y4,18,L0_X12_Y4,7362.856582,1.2192,264.856582,574.704264,7098.0,7672.704264,25,0.177012,0.095371,1772649398.078601
FP000197,L0_X0_Y2,L0_X12_Y4,19,L0_X12_Y4,7422.856582,60.0,324.856582,574.704264,7098.0,7672.704264,25,0.177012,0.095371,1772649398.078601
FP000197,L0_X0_Y2,L0_X12_Y4,20,L1_X12_Y4,7445.075782,22.2192,347.075782,574.704264,7098.0,7672.704264,25,0.177012,0.095371,1772649398.078601
FP000197,L0_X0_Y2,L0_X12_Y4,21,L1_X12_Y3,7461.091895,16.016113,363.091895,574.704264,7098.0,7672.704264,25,0.177012,0.095371,1772649398.078601
FP000197,L0_X0_Y2,L0_X12_Y4,22,L2_X12_Y3,7462.311095,1.2192,364.311095,574.704264,7098.0,7672.704264,25,0.177012,0.095371,1772649398.078601
FP000197,L0_X0_Y2,L0_X12_Y4,23,L2_X12_Y2,7478.327212,16.016117,380.327212,574.704264,7098.0,7672.704264,25,0.177012,0.095371,1772649398.078601
FP000197,L0_X0_Y2,L0_X12_Y4,24,L2_X11_Y2,7494.322147,15.994935,396.322147,574.704264,7098.0,7672.704264,25,0.177012,0.095371,1772649398.078601
FP000197,L0_X0_Y2,L0_X12_Y4,25,L2_X10_Y2,7510.317074,15.994926,412.317074,574.704264,7098.0,7672.704264,25,0.177012,0.095371,1772649398.078601
FP000197,L0_X0_Y2,L0_X12_Y4,26,L2_X9_Y2,7526.311992,15.994918,428.311992,574.704264,7098.0,7672.704264,25,0.177012,0.095371,1772649398.078601
FP000197,L0_X0_Y2,L0_X12_Y4,27,L2_X8_Y2,7542.306901,15.994909,444.306901,574.704264,7098.0,7672.704264,25,0.177012,0.095371,1772649398.078601
FP000197,L0_X0_Y2,L0_X12_Y4,28,L2_X7_Y2,7558.301802,15.994901,460.301802,574.704264,7098.0,7672.704264,25,0.177012,0.095371,1772649398.078601
FP000197,L0_X0_Y2,L0_X12_Y4,29,L2_X6_Y2,7574.296693,15.994892,476.296693,574.704264,7098.0,7672.704264,25,0.177012,0.095371,1772649398.078601
FP000197,L0_X0_Y2,L0_X12_Y4,30,L2_X5_Y2,7590.291577,15.994883,492.291577,574.704264,7098.0,7672.704264,25,0.177012,0.095371,1772649398.078601
FP000197,L0_X0_Y2,L0_X12_Y4,31,L2_X4_Y2,7606.286452,15.994875,508.286452,574.704264,7098.0,7672.704264,25,0.177012,0.095371,1772649398.078601
FP000197,L0_X0_Y2,L0_X12_Y4,32,L2_X3_Y2,7622.281318,15.994866,524.281318,574.704264,7098.0,7672.704264,25,0.177012,0.095371,1772649398.078601
FP000197,L0_X0_Y2,L0_X12_Y4,33,L2_X2_Y2,7638.276175,15.994857,540.276175,574.704264,7098.0,7672.704264,25,0.177012,0.095371,1772649398.078601
FP000197,L0_X0_Y2,L0_X12_Y4,34,L2_X1_Y2,7654.271024,15.994849,556.271024,574.704264,7098.0,7672.704264,25,0.177012,0.095371,1772649398.078601
FP000197,L0_X0_Y2,L0_X12_Y4,35,L2_X0_Y2,7670.265864,15.99484,572.265864,574.704264,7098.0,7672.704264,25,0.177012,0.095371,1772649398.078601
FP000197,L0_X0_Y2,L0_X12_Y4,36,L1_X0_Y2,7671.485064,1.2192,573.485064,574.704264,7098.0,7672.704264,25,0.177012,0.095371,1772649398.078601
FP000197,L0_X0_Y2,L0_X12_Y4,37,L0_X0_Y2,7672.704264,1.2192,574.704264,574.704264,7098.0,7672.704264,25,0.177012,0.095371,1772649398.078601
FP000198,L0_X0_Y2,L0_X6_Y4,0,L0_X0_Y2,7155.0,0.0,0.0,378.781719,7123.0,7501.781719,25,0.072884,0.224769,1772649398.200242
FP000198,L0_X0_Y2,L0_X6_Y4,1,L1_X0_Y2,7156.2192,1.2192,33.2192,378.781719,7123.0,7501.781719,25,0.072884,0.224769,1772649398.200242
FP000198,L0_X0_Y2,L0_X6_Y4,2,L2_X0_Y2,7157.4384,1.2192,34.4384,378.781719,7123.0,7501.781719,25,0.072884,0.224769,1772649398.200242
FP000198,L0_X0_Y2,L0_X6_Y4,3,L2_X0_Y3,7173.463467,16.025067,50.463467,378.781719,7123.0,7501.781719,25,0.072884,0.224769,1772649398.200242
FP000198,L0_X0_Y2,L0_X6_Y4,4,L2_X1_Y3,7189.458303,15.994836,66.458303,378.781719,7123.0,7501.781719,25,0.072884,0.224769,1772649398.200242
FP000198,L0_X0_Y2,L0_X6_Y4,5,L2_X2_Y3,7205.453148,15.994845,82.453148,378.781719,7123.0,7501.781719,25,0.072884,0.224769,1772649398.200242
FP000198,L0_X0_Y2,L0_X6_Y4,6,L2_X2_Y4,7221.476719,16.023571,98.476719,378.781719,7123.0,7501.781719,25,0.072884,0.224769,1772649398.200242
FP000198,L0_X0_Y2,L0_X6_Y4,7,L2_X3_Y4,7237.471568,15.994849,114.471568,378.781719,7123.0,7501.781719,25,0.072884,0.224769,1772649398.200242
FP000198,L0_X0_Y2,L0_X6_Y4,8,L2_X4_Y4,7253.466426,15.994858,130.466426,378.781719,7123.0,7501.781719,25,0.072884,0.224769,1772649398.200242
FP000198,L0_X0_Y2,L0_X6_Y4,9,L2_X5_Y4,7269.461292,15.994866,146.461292,378.781719,7123.0,7501.781719,25,0.072884,0.224769,1772649398.200242
FP000198,L0_X0_Y2,L0_X6_Y4,10,L2_X6_Y4,7285.456167,15.994875,162.456167,378.781719,7123.0,7501.781719,25,0.072884,0.224769,1772649398.200242
FP000198,L0_X0_Y2,L0_X6_Y4,11,L1_X6_Y4,7286.675367,1.2192,163.675367,378.781719,7123.0,7501.781719,25,0.072884,0.224769,1772649398.200242
FP000198,L0_X0_Y2,L0_X6_Y4,12,L0_X6_Y4,7287.894567,1.2192,164.894567,378.781719,7123.0,7501.781719,25,0.072884,0.224769,1772649398.200242
FP000198,L0_X0_Y2,L0_X6_Y4,13,L0_X6_Y4,7347.894567,60.0,224.894567,378.781719,7123.0,7501.781719,25,0.072884,0.224769,1772649398.200242
FP000198,L0_X0_Y2,L0_X6_Y4,14,L1_X6_Y4,7370.113767,22.2192,247.113767,378.781719,7123.0,7501.781719,25,0.072884,0.224769,1772649398.200242
FP000198,L0_X0_Y2,L0_X6_Y4,15,L2_X6_Y4,7371.332967,1.2192,248.332967,378.781719,7123.0,7501.781719,25,0.072884,0.224769,1772649398.200242
FP000198,L0_X0_Y2,L0_X6_Y4,16,L2_X6_Y3,7387.353556,16.020589,264.353556,378.781719,7123.0,7501.781719,25,0.072884,0.224769,1772649398.200242
FP000198,L0_X0_Y2,L0_X6_Y4,17,L2_X6_Y2,7403.374149,16.020593,280.374149,378.781719,7123.0,7501.781719,25,0.072884,0.224769,1772649398.200242
FP000198,L0_X0_Y2,L0_X6_Y4,18,L2_X5_Y2,7419.369032,15.994883,296.369032,378.781719,7123.0,7501.781719,25,0.072884,0.224769,1772649398.200242
FP000198,L0_X0_Y2,L0_X6_Y4,19,L2_X4_Y2,7435.363907,15.994875,312.363907,378.781719,7123.0,7501.781719,25,0.072884,0.224769,1772649398.200242
FP000198,L0_X0_Y2,L0_X6_Y4,20,L2_X3_Y2,7451.358773,15.994866,328.358773,378.781719,7123.0,7501.781719,25,0.072884,0.224769,1772649398.200242
FP000198,L0_X0_Y2,L0_X6_Y4,21,L2_X2_Y2,7467.353631,15.994857,344.353631,378.781719,7123.0,7501.781719,25,0.072884,0.224769,1772649398.200242
FP000198,L0_X0_Y2,L0_X6_Y4,22,L2_X1_Y2,7483.348479,15.994849,360.348479,378.781719,7123.0,7501.781719,25,0.072884,0.224769,1772649398.200242
FP000198,L0_X0_Y2,L0_X6_Y4,23,L2_X0_Y2,7499.343319,15.99484,376.343319,378.781719,7123.0,7501.781719,25,0.072884,0.224769,1772649398.200242
FP000198,L0_X0_Y2,L0_X6_Y4,24,L1_X0_Y2,7500.562519,1.2192,377.562519,378.781719,7123.0,7501.781719,25,0.072884,0.224769,1772649398.200242
FP000198,L0_X0_Y2,L0_X6_Y4,25,L0_X0_Y2,7501.781719,1.2192,378.781719,378.781719,7123.0,7501.781719,25,0.072884,0.224769,1772649398.200242
FP000200,L0_X14_Y6,L0_X7_Y3,0,L0_X14_Y6,7185.0,0.0,0.0,411.774664,7184.0,7595.774664,25,0.319511,0.004501,1772649398.55232
FP000200,L0_X14_Y6,L0_X7_Y3,1,L1_X14_Y6,7186.2192,1.2192,2.2192,411.774664,7184.0,7595.774664,25,0.319511,0.004501,1772649398.55232
FP000200,L0_X14_Y6,L0_X7_Y3,2,L2_X14_Y6,7187.4384,1.2192,3.4384,411.774664,7184.0,7595.774664,25,0.319511,0.004501,1772649398.55232
FP000200,L0_X14_Y6,L0_X7_Y3,3,L2_X14_Y5,7203.453013,16.014613,19.453013,411.774664,7184.0,7595.774664,25,0.319511,0.004501,1772649398.55232
FP000200,L0_X14_Y6,L0_X7_Y3,4,L2_X14_Y4,7219.467629,16.014617,35.467629,411.774664,7184.0,7595.774664,25,0.319511,0.004501,1772649398.55232
FP000200,L0_X14_Y6,L0_X7_Y3,5,L2_X13_Y4,7235.462573,15.994944,51.462573,411.774664,7184.0,7595.774664,25,0.319511,0.004501,1772649398.55232
FP000200,L0_X14_Y6,L0_X7_Y3,6,L2_X12_Y4,7251.457509,15.994935,67.457509,411.774664,7184.0,7595.774664,25,0.319511,0.004501,1772649398.55232
FP000200,L0_X14_Y6,L0_X7_Y3,7,L2_X11_Y4,7267.452435,15.994927,83.452435,411.774664,7184.0,7595.774664,25,0.319511,0.004501,1772649398.55232
FP000200,L0_X14_Y6,L0_X7_Y3,8,L2_X10_Y4,7283.447354,15.994918,99.447354,411.774664,7184.0,7595.774664,25,0.319511,0.004501,1772649398.55232
FP000200,L0_X14_Y6,L0_X7_Y3,9,L2_X9_Y4,7299.442263,15.994909,115.442263,411.774664,7184.0,7595.774664,25,0.319511,0.004501,1772649398.55232
FP000200,L0_X14_Y6,L0_X7_Y3,10,L2_X8_Y4,7315.437164,15.994901,131.437164,411.774664,7184.0,7595.774664,25,0.319511,0.004501,1772649398.55232
FP000200,L0_X14_Y6,L0_X7_Y3,11,L1_X8_Y4,7316.656364,1.2192,132.656364,411.774664,7184.0,7595.774664,25,0.319511,0.004501,1772649398.55232
FP000200,L0_X14_Y6,L0_X7_Y3,12,L1_X8_Y3,7332.675461,16.019097,148.675461,411.774664,7184.0,7595.774664,25,0.319511,0.004501,1772649398.55232
FP000200,L0_X14_Y6,L0_X7_Y3,13,L1_X7_Y3,7348.670357,15.994896,164.670357,411.774664,7184.0,7595.774664,25,0.319511,0.004501,1772649398.55232
FP000200,L0_X14_Y6,L0_X7_Y3,14,L0_X7_Y3,7349.889557,1.2192,165.889557,411.774664,7184.0,7595.774664,25,0.319511,0.004501,1772649398.55232
FP000200,L0_X14_Y6,L0_X7_Y3,15,L0_X7_Y3,7409.889557,60.0,225.889557,411.774664,7184.0,7595.774664,25,0.319511,0.004501,1772649398.55232
FP000200,L0_X14_Y6,L0_X7_Y3,16,L1_X7_Y3,7432.108757,22.2192,248.108757,411.774664,7184.0,7595.774664,25,0.319511,0.004501,1772649398.55232
FP000200,L0_X14_Y6,L0_X7_Y3,17,L1_X8_Y3,7448.103654,15.994896,264.103654,411.774664,7184.0,7595.774664,25,0.319511,0.004501,1772649398.55232
FP000200,L0_X14_Y6,L0_X7_Y3,18,L1_X9_Y3,7464.098559,15.994905,280.098559,411.774664,7184.0,7595.774664,25,0.319511,0.004501,1772649398.55232
FP000200,L0_X14_Y6,L0_X7_Y3,19,L2_X9_Y3,7465.317759,1.2192,281.317759,411.774664,7184.0,7595.774664,25,0.319511,0.004501,1772649398.55232
FP000200,L0_X14_Y6,L0_X7_Y3,20,L2_X10_Y3,7481.312672,15.994914,297.312672,411.774664,7184.0,7595.774664,25,0.319511,0.004501,1772649398.55232
FP000200,L0_X14_Y6,L0_X7_Y3,21,L2_X11_Y3,7497.307595,15.994922,313.307595,411.774664,7184.0,7595.774664,25,0.319511,0.004501,1772649398.55232
FP000200,L0_X14_Y6,L0_X7_Y3,22,L2_X12_Y3,7513.302526,15.994931,329.302526,411.774664,7184.0,7595.774664,25,0.319511,0.004501,1772649398.55232
FP000200,L0_X14_Y6,L0_X7_Y3,23,L2_X13_Y3,7529.297465,15.99494,345.297465,411.774664,7184.0,7595.774664,25,0.319511,0.004501,1772649398.55232
FP000200,L0_X14_Y6,L0_X7_Y3,24,L2_X14_Y3,7545.292413,15.994948,361.292413,411.774664,7184.0,7595.774664,25,0.319511,0.004501,1772649398.55232
FP000200,L0_X14_Y6,L0_X7_Y3,25,L2_X14_Y4,7561.307034,16.014621,377.307034,411.774664,7184.0,7595.774664,25,0.319511,0.004501,1772649398.55232
FP000200,L0_X14_Y6,L0_X7_Y3,26,L2_X14_Y5,7577.321651,16.014617,393.321651,411.774664,7184.0,7595.774664,25,0.319511,0.004501,1772649398.55232
FP000200,L0_X14_Y6,L0_X7_Y3,27,L2_X14_Y6,7593.336264,16.014613,409.336264,411.774664,7184.0,7595.774664,25,0.319511,0.004501,1772649398.55232
FP000200,L0_X14_Y6,L0_X7_Y3,28,L1_X14_Y6,7594.555464,1.2192,410.555464,411.774664,7184.0,7595.774664,25,0.319511,0.004501,1772649398.55232
FP000200,L0_X14_Y6,L0_X7_Y3,29,L0_X14_Y6,7595.774664,1.2192,411.774664,411.774664,7184.0,7595.774664,25,0.319511,0.004501,1772649398.55232
